tenure,Contract,InternetService,PaymentMethod,TotalCharges,MonthlyCharges,PaperlessBilling,StreamingTV,StreamingMovies,Partner,Churn
1,0,1,0,29.85,29.85,1,1,1,1,0
34,1,1,1,1889.5,56.95,0,1,1,0,0
2,0,1,1,108.15,53.85,1,1,1,0,1
45,1,1,2,1840.75,42.3,0,1,1,0,0
2,0,2,0,151.65,70.7,1,1,1,0,1
8,0,2,0,820.5,99.65,1,2,2,0,1
22,0,2,2,1949.4,89.1,1,2,1,0,0
10,0,1,1,301.9,29.75,0,1,1,0,0
28,0,2,0,3046.05,104.8,1,2,2,1,1
62,1,1,2,3487.95,56.15,0,1,1,0,0
13,0,1,1,587.45,49.95,1,1,1,1,0
16,2,0,2,326.8,18.95,0,0,0,0,0
58,1,2,2,5681.1,100.35,0,2,2,1,0
49,0,2,2,5036.3,103.7,1,2,2,0,1
25,0,2,0,2686.05,105.5,1,2,2,0,0
69,2,2,2,7895.15,113.25,0,2,2,1,0
52,1,0,1,1022.95,20.65,0,0,0,0,0
71,2,2,2,7382.25,106.7,0,2,2,0,0
10,0,1,2,528.35,55.2,0,1,1,1,1
21,0,2,0,1862.9,90.05,1,1,2,0,0
1,0,1,0,39.65,39.65,1,1,2,0,1
12,1,0,2,202.25,19.8,0,0,0,1,0
1,0,0,1,20.15,20.15,0,0,0,0,1
58,2,1,2,3505.1,59.9,1,1,1,1,0
49,0,1,2,2970.3,59.6,0,1,1,1,0
30,0,1,2,1530.6,55.3,1,1,1,0,0
47,0,2,0,4749.15,99.35,1,2,2,1,1
1,0,1,0,30.2,30.2,0,1,1,1,1
72,2,1,2,6369.45,90.25,1,2,2,1,0
17,0,1,1,1093.1,64.7,1,2,2,0,1
71,2,2,2,6766.95,96.35,1,1,1,1,0
2,0,2,2,181.65,95.5,1,2,2,1,0
27,1,1,1,1874.45,66.15,0,1,1,1,0
1,0,0,2,20.2,20.2,0,0,0,0,0
1,0,1,2,45.25,45.25,0,1,1,0,0
72,2,2,2,7251.7,99.9,0,2,1,1,0
5,0,2,0,316.9,69.7,1,1,1,0,1
46,0,2,2,3548.3,74.8,1,1,1,0,0
34,0,2,0,3549.25,106.35,1,2,2,0,1
11,0,2,2,1105.4,97.85,1,2,2,0,1
10,1,1,1,475.7,49.55,0,1,1,1,0
70,2,1,2,4872.35,69.2,1,2,1,1,0
17,1,0,1,418.25,20.75,0,0,0,1,0
63,2,1,2,4861.45,79.85,1,2,1,0,0
13,0,1,0,981.45,76.2,1,2,1,1,0
49,0,2,0,3906.7,84.5,1,1,2,0,0
2,0,1,1,97.0,49.25,0,1,1,0,0
2,0,2,0,144.15,80.65,1,2,1,0,1
52,2,1,2,4217.8,79.75,1,2,2,0,0
69,2,1,2,4254.1,64.15,1,1,1,1,0
43,0,2,0,3838.75,90.25,1,2,1,0,0
15,0,2,2,1426.4,99.1,1,2,2,0,1
25,0,1,2,1752.65,69.5,1,2,1,1,0
8,0,2,2,633.3,80.65,1,1,1,1,1
60,1,1,2,4456.35,74.85,1,1,2,1,0
18,0,2,0,1752.55,95.45,1,2,2,0,1
63,1,2,2,6311.2,99.65,1,2,2,1,0
66,1,2,0,7076.35,108.45,1,2,2,1,0
34,2,0,2,894.3,24.95,0,0,0,1,0
72,2,2,2,7853.7,107.5,1,2,2,0,0
47,0,2,0,4707.1,100.5,1,2,2,1,0
60,0,2,2,5450.7,89.9,1,2,1,0,0
72,2,1,2,2962.0,42.1,0,1,1,1,0
18,1,1,2,957.1,54.4,1,1,1,1,0
9,0,2,0,857.25,94.4,0,2,2,0,1
3,0,1,0,244.1,75.3,1,2,2,0,0
47,1,2,0,3650.35,78.9,1,1,1,1,0
31,2,1,1,2497.2,79.2,0,2,2,0,0
50,2,0,2,930.9,20.15,0,0,0,1,0
10,0,2,1,887.35,79.85,1,1,1,0,0
1,0,1,1,49.05,49.05,0,1,1,0,0
52,1,0,0,1090.65,20.4,1,0,0,1,0
64,2,2,2,7099.0,111.6,1,2,2,1,0
62,2,0,2,1424.6,24.25,1,0,0,1,0
3,0,1,2,177.4,64.5,1,1,2,0,0
56,1,2,0,6139.5,110.5,0,2,2,0,0
46,1,1,2,2688.85,55.65,0,1,2,0,0
8,0,1,1,482.25,54.65,0,1,1,1,0
30,0,1,0,2111.3,74.75,1,2,2,0,0
45,1,0,2,1216.6,25.9,1,0,0,1,0
1,0,2,0,79.35,79.35,1,2,1,0,1
11,0,1,0,565.35,50.55,0,2,2,1,0
7,0,2,2,496.9,75.15,1,1,1,1,1
42,0,2,2,4327.5,103.8,1,2,2,0,0
49,2,0,2,973.35,20.15,1,0,0,1,0
9,0,2,2,918.75,99.3,1,2,2,0,0
35,1,1,2,2215.45,62.15,1,2,1,1,0
48,2,0,2,1057.0,20.65,0,0,0,1,0
46,2,0,1,927.1,19.95,1,0,0,1,0
29,0,1,1,1009.25,33.75,0,2,1,1,0
30,0,2,2,2570.2,82.05,0,1,1,1,0
1,0,2,0,74.7,74.7,0,1,1,0,0
66,2,1,1,5714.25,84.0,1,2,2,1,0
65,0,2,2,7107.0,111.05,1,2,2,0,0
72,2,2,2,7459.05,100.9,1,2,2,0,0
12,0,2,0,927.35,78.95,1,1,1,0,1
71,1,1,2,4748.7,66.85,1,1,1,1,0
5,0,0,1,113.85,21.05,0,0,0,0,1
52,2,0,2,1107.2,21.0,0,0,0,0,0
25,0,2,0,2514.5,98.5,1,2,2,1,1
1,0,0,1,20.2,20.2,0,0,0,0,0
1,0,0,0,19.45,19.45,0,0,0,1,0
38,1,2,2,3605.6,95.0,0,2,1,0,0
66,1,1,2,3027.25,45.55,0,2,1,1,0
68,2,2,2,7611.85,110.0,1,2,2,1,1
5,0,1,1,100.2,24.3,0,1,1,0,0
72,1,2,0,7303.05,104.15,1,2,2,1,0
32,1,1,1,927.65,30.15,0,1,1,0,0
43,1,2,1,3921.3,94.35,0,2,2,0,0
72,2,0,2,1363.25,19.4,0,0,0,1,0
55,0,2,0,5238.9,96.75,1,2,1,1,1
52,1,1,2,3042.25,57.95,0,1,1,0,0
43,0,2,0,3954.1,91.65,1,2,1,0,0
37,0,2,0,2868.15,76.5,1,1,1,1,1
64,2,1,0,3423.5,54.6,1,2,2,1,0
3,0,2,0,248.4,89.85,0,2,1,1,0
36,2,1,2,1126.35,31.05,0,1,1,0,0
10,0,2,0,1064.65,100.25,1,2,2,1,1
41,2,0,1,835.15,20.65,0,0,0,0,0
27,0,2,2,2151.6,85.2,1,1,1,1,0
56,1,2,2,5515.45,99.8,1,2,2,1,0
6,0,0,1,112.75,20.7,0,0,0,0,0
3,0,2,0,229.55,74.4,1,1,1,0,1
7,0,1,1,350.35,50.7,0,1,1,1,0
4,0,0,1,62.9,20.85,0,0,0,1,0
33,2,2,0,3027.65,88.95,1,2,1,0,0
27,0,2,0,2135.5,78.05,1,1,1,0,1
72,2,0,2,1723.95,23.55,1,0,0,1,0
1,0,0,1,19.75,19.75,0,0,0,0,0
71,1,1,0,3985.35,56.45,1,2,2,0,0
13,0,2,0,1215.65,85.95,1,1,2,0,0
25,0,1,2,1502.65,58.6,1,2,2,1,1
67,2,1,2,3260.1,50.55,0,1,1,0,0
1,0,1,0,35.45,35.45,1,1,2,0,1
2,0,1,0,81.25,44.35,0,1,1,0,1
43,2,0,2,1188.2,25.7,1,0,0,0,0
23,0,2,2,1778.5,75.0,1,1,1,0,0
64,2,0,1,1277.75,20.2,0,0,0,1,0
57,2,0,1,1170.55,19.6,1,0,0,0,0
1,0,2,1,70.45,70.45,1,1,1,1,1
72,2,1,2,6425.65,88.05,1,2,2,1,0
8,0,1,0,563.65,71.15,0,1,2,0,1
61,2,2,2,5971.25,101.05,1,2,2,1,0
64,1,2,2,5289.05,84.3,1,1,1,0,0
71,2,0,2,1756.2,23.95,0,0,0,1,0
65,2,2,2,6416.7,99.05,1,2,1,1,0
3,1,0,1,61.35,19.6,0,0,0,0,0
1,0,1,0,45.65,45.65,1,1,1,0,1
30,1,1,2,1929.95,64.5,0,2,1,0,0
15,0,1,1,1071.4,69.5,1,1,2,1,0
8,0,1,0,564.35,68.55,1,2,2,1,0
7,0,2,1,655.5,95.0,0,2,2,0,1
70,1,2,2,7930.55,108.15,1,2,2,1,0
62,2,1,0,5215.25,86.1,0,2,2,1,0
6,0,0,1,113.5,19.7,0,0,0,1,0
14,0,2,2,1152.8,80.9,1,1,2,1,0
22,0,2,2,1821.95,84.15,1,2,1,0,0
22,1,0,1,419.9,20.15,0,0,0,1,0
16,2,1,1,1024.0,64.25,0,2,1,1,0
10,2,0,2,251.6,25.7,0,0,0,0,0
13,0,1,0,764.55,56.0,1,1,1,0,0
20,0,2,0,1592.35,82.4,0,1,1,1,1
2,0,2,0,135.2,69.7,1,1,1,0,0
53,2,1,2,3958.25,73.9,1,1,2,0,0
11,1,0,1,233.9,20.6,0,0,0,1,0
69,2,0,1,1363.45,19.9,0,0,0,1,0
4,0,2,2,273.0,70.9,1,1,1,0,1
72,2,1,2,6254.45,89.05,1,2,2,1,0
58,0,1,0,2651.2,45.3,1,1,2,1,1
16,0,0,0,321.4,20.4,0,0,0,1,0
43,1,2,2,3539.25,84.25,1,1,1,1,0
2,0,2,0,242.8,104.4,1,2,2,1,1
14,2,1,1,1181.75,81.95,0,2,2,1,0
53,1,2,2,5000.2,94.85,1,2,2,1,1
32,1,0,2,654.55,20.55,0,0,0,0,0
34,0,0,0,780.2,24.7,0,0,0,1,0
15,0,2,1,1145.7,74.45,1,1,1,0,1
7,0,2,2,503.6,76.45,0,1,1,0,1
15,0,2,2,1559.25,105.35,1,2,2,1,0
61,1,0,2,1252.0,20.55,1,0,0,1,0
1,0,1,2,29.95,29.95,0,1,1,0,1
1,0,1,1,45.3,45.3,0,1,1,0,0
8,0,2,2,662.65,84.5,0,1,2,0,1
33,1,1,2,2453.3,74.75,0,2,2,1,0
13,0,2,0,1111.65,79.25,1,1,1,0,1
1,0,1,0,24.8,24.8,1,1,1,1,1
20,0,1,1,1023.85,51.8,1,1,1,0,0
3,0,1,0,82.15,30.4,0,1,1,0,0
13,1,0,0,244.8,19.65,0,0,0,0,0
40,0,1,2,2379.1,56.6,0,1,1,1,0
43,1,1,2,3173.35,71.9,1,1,2,1,0
6,0,2,0,531.0,91.0,1,1,2,1,1
69,2,0,2,1375.4,19.75,0,0,0,1,0
72,2,2,2,8129.3,109.7,0,2,2,1,0
59,2,0,2,1192.7,19.3,0,0,0,1,0
20,0,2,0,1901.65,96.55,1,2,1,1,0
24,2,0,2,587.4,24.1,1,0,0,1,0
59,0,2,0,6519.75,111.35,1,2,2,0,0
72,2,2,2,8041.65,112.25,1,2,2,1,0
1,0,0,1,20.75,20.75,0,0,0,0,0
27,1,2,2,2681.15,101.9,1,2,2,1,0
14,0,2,2,1112.3,80.05,1,1,1,0,0
71,2,2,0,7405.5,105.55,0,2,2,1,0
13,0,2,2,1033.95,78.3,1,2,1,0,0
44,0,2,2,2958.95,68.85,0,1,1,0,0
33,1,2,2,2684.85,79.95,1,1,1,0,0
72,2,1,2,4179.2,55.45,1,1,2,1,0
1,0,2,0,79.9,79.9,0,1,2,0,1
19,0,2,0,1934.45,106.6,1,2,2,0,1
64,1,2,2,6654.1,102.45,1,2,2,1,0
2,0,1,2,84.5,46.0,1,1,1,0,1
1,0,1,0,25.25,25.25,0,1,1,0,0
61,2,0,1,1124.2,19.75,0,0,0,0,0
29,1,0,0,540.05,20.0,0,0,0,1,0
23,0,2,0,1975.85,86.8,0,1,2,1,0
57,0,1,2,3437.45,58.75,1,2,2,1,0
72,2,1,2,3139.8,45.25,0,1,1,1,0
66,2,1,2,3789.2,56.6,1,2,1,1,0
65,2,1,2,5324.5,84.2,1,2,2,1,0
8,0,2,2,624.6,80.0,1,2,1,0,0
4,0,2,0,268.35,70.15,1,1,1,0,1
71,2,0,2,1836.9,24.75,0,0,0,1,0
1,1,0,0,20.2,20.2,1,0,0,1,0
4,0,1,1,179.35,50.05,0,1,1,1,1
12,1,0,2,219.35,19.35,1,0,0,0,0
24,1,1,1,1288.75,50.6,1,2,2,0,0
31,1,1,1,2545.75,81.15,1,2,2,1,0
1,0,1,1,55.2,55.2,0,2,1,1,1
30,0,2,2,2723.15,89.9,1,1,2,0,0
47,2,1,2,4107.25,85.3,1,2,2,1,0
54,2,2,2,5760.65,108.0,1,2,2,0,0
50,0,2,2,4747.5,93.5,1,1,2,0,0
1,0,2,1,84.6,84.6,1,1,2,0,1
72,2,0,2,1566.9,20.25,0,0,0,0,0
29,0,0,0,702.0,25.15,0,0,0,0,0
2,0,1,1,114.1,54.4,1,1,1,0,1
10,2,1,1,299.05,29.6,1,1,1,0,0
18,0,2,0,1305.95,73.15,1,1,1,1,0
11,0,2,0,1120.3,95.0,1,2,2,0,1
16,2,0,1,284.35,19.75,0,0,0,0,0
72,2,1,2,6350.5,86.6,0,2,2,0,0
72,2,2,2,7878.3,109.2,0,2,2,0,0
41,1,1,2,3187.65,74.7,1,2,2,1,0
65,0,2,0,6126.15,94.4,0,1,2,1,0
13,0,1,0,731.3,54.8,1,1,1,0,0
4,0,2,0,273.4,75.35,0,1,1,0,0
41,1,1,1,2531.8,65.0,0,1,2,0,0
15,0,2,0,1074.3,74.4,1,1,1,0,1
1,0,1,1,48.55,48.55,1,1,1,0,1
42,1,2,0,4298.45,99.0,1,1,2,0,0
51,1,2,0,4619.55,93.5,1,2,1,1,0
2,0,2,0,147.15,70.4,0,1,1,1,1
1,0,1,0,40.2,40.2,0,2,1,1,1
32,1,1,2,2633.3,83.7,0,2,2,0,0
10,0,0,1,193.05,19.85,1,0,0,0,0
67,2,1,0,4103.9,59.55,1,2,2,1,0
61,2,2,2,7008.15,115.1,0,2,2,1,0
50,1,2,2,5791.1,114.35,0,2,2,0,0
2,0,1,2,80.55,44.6,1,1,1,1,1
29,0,1,0,1228.65,45.0,1,1,2,1,0
3,0,1,0,132.2,41.15,1,1,2,0,1
13,0,2,0,1364.3,106.9,1,2,2,0,1
57,0,2,0,4925.35,89.85,1,1,2,1,0
31,2,1,2,1520.1,49.85,1,1,2,0,0
45,1,2,1,5032.25,113.3,0,2,2,1,0
61,2,1,1,5526.75,88.1,0,2,2,1,0
50,2,0,2,1195.25,24.9,0,0,0,0,0
19,0,2,1,2007.25,105.0,1,2,2,0,0
59,2,0,1,1099.6,19.35,0,0,0,0,1
71,2,0,2,1732.95,24.25,1,0,0,1,0
16,0,2,0,1511.2,94.45,1,2,2,0,1
57,2,1,0,3450.15,59.75,1,1,1,1,0
1,0,1,2,24.8,24.8,0,1,1,0,1
20,0,2,0,2172.05,107.05,0,2,2,1,0
1,0,2,1,70.6,70.6,0,1,1,0,1
5,0,2,0,401.1,85.4,1,1,1,1,1
52,0,2,0,5624.85,105.05,1,2,2,1,1
21,0,1,2,1339.8,64.95,1,1,2,1,0
14,0,1,0,771.95,55.0,1,2,2,0,0
5,0,1,2,244.75,50.55,0,1,1,0,0
6,0,1,1,322.9,55.15,0,1,1,0,0
10,0,1,0,498.25,51.2,0,1,1,0,0
1,0,0,1,25.4,25.4,0,0,0,0,0
68,0,1,1,3687.75,54.45,0,1,1,0,0
18,0,2,1,1779.95,95.15,0,2,2,1,1
22,1,2,2,1783.6,76.0,1,1,1,0,0
20,0,1,0,927.15,44.35,1,1,1,0,0
1,0,2,0,70.0,70.0,0,1,1,1,1
8,0,2,0,606.55,74.5,1,1,1,0,1
10,0,1,2,435.4,44.85,1,1,1,0,1
24,0,2,0,1712.7,76.1,1,1,1,0,1
35,1,1,1,2021.2,61.2,0,1,1,0,0
23,1,2,1,1940.8,86.8,0,1,1,1,0
6,0,2,0,567.8,89.35,1,2,2,0,0
12,0,0,1,220.35,19.7,0,0,0,0,0
1,0,0,1,20.25,20.25,0,0,0,0,0
71,2,2,0,5436.45,76.05,0,1,1,1,0
35,0,2,0,3437.5,100.8,1,2,2,1,0
40,0,1,0,3015.75,74.55,1,2,2,1,0
1,0,2,1,73.6,73.6,1,1,1,0,1
23,1,1,2,1509.8,64.9,1,2,2,0,0
4,0,2,0,396.1,95.45,1,2,2,0,1
4,0,2,0,356.65,90.4,1,1,2,0,0
68,2,1,2,4109.0,60.3,0,2,2,1,0
38,0,2,1,3141.7,81.85,1,1,1,0,0
52,2,0,1,1229.1,24.8,0,0,0,1,0
32,0,2,0,2303.35,74.9,1,1,1,1,1
29,2,1,1,2054.4,75.55,0,2,2,1,0
38,0,2,0,3741.85,101.15,0,2,2,1,0
48,1,1,2,3682.45,78.75,1,2,2,0,0
1,0,0,2,19.25,19.25,1,0,0,0,0
22,0,2,0,1886.25,89.05,1,1,2,0,0
43,2,2,2,4895.1,115.05,0,2,2,0,0
5,0,2,0,341.6,69.35,1,1,1,1,0
5,0,2,0,415.55,80.6,1,2,1,0,1
51,1,2,2,5686.4,110.05,0,2,2,1,0
71,2,0,2,1355.1,19.9,1,0,0,0,0
38,1,1,2,3058.65,80.3,0,2,2,1,1
24,0,2,0,2231.05,93.15,1,2,2,1,1
35,0,2,2,3236.35,91.5,1,2,1,1,0
54,1,1,2,4350.1,82.45,0,2,2,0,1
72,2,1,0,4264.0,60.0,1,2,2,1,0
1,0,1,0,44.8,44.8,1,1,1,0,0
9,1,1,1,422.3,48.6,0,1,1,1,0
69,2,1,2,4176.7,60.05,1,2,2,0,0
52,0,2,2,5138.1,102.7,1,2,2,1,0
11,0,2,0,880.05,82.9,1,2,1,1,0
2,0,2,0,139.05,70.35,1,1,1,0,1
28,0,1,0,973.65,35.9,1,2,1,1,0
17,0,2,2,1470.05,82.65,1,1,1,0,0
35,2,0,1,739.35,19.85,1,0,0,1,0
8,1,0,1,161.95,19.2,1,0,0,0,0
46,1,2,2,4422.95,94.9,1,2,1,0,0
7,0,2,0,511.25,73.85,1,1,1,0,1
2,0,2,1,155.8,80.6,0,1,1,0,1
68,1,1,2,5293.95,75.8,1,1,2,1,1
43,2,2,0,4759.85,104.6,1,2,2,0,1
68,2,1,0,6148.45,88.15,1,2,2,0,0
36,0,2,2,3565.65,94.8,1,2,2,0,0
63,0,2,0,6603.0,103.4,1,2,2,1,1
32,0,1,2,1830.1,54.65,0,1,1,0,0
71,2,1,2,6223.8,85.75,0,2,2,1,0
66,0,1,2,4508.65,67.45,1,1,1,1,0
63,1,0,1,1328.15,20.5,0,0,0,0,0
41,1,0,2,865.0,20.25,1,0,0,0,0
1,0,2,0,72.1,72.1,1,1,1,0,0
2,0,2,0,168.2,90.4,1,2,2,0,1
70,2,0,2,1303.5,19.45,0,0,0,1,0
23,0,1,0,996.85,44.95,1,2,2,0,0
64,1,2,2,6430.9,97.0,0,1,2,1,0
37,2,1,2,2278.75,62.8,1,1,1,1,0
17,1,1,1,681.4,44.6,0,1,1,0,0
7,0,2,0,574.35,89.15,1,2,2,0,0
4,0,2,2,371.9,84.8,1,1,1,1,1
21,0,1,0,840.1,41.9,1,2,1,0,1
10,0,2,2,846.0,80.25,1,1,2,0,1
16,0,1,0,889.0,54.1,1,1,1,0,0
64,2,2,0,6823.4,105.25,1,2,2,1,0
27,0,1,2,805.1,30.75,0,1,1,1,1
42,1,2,0,4016.75,97.1,0,2,2,1,0
5,0,0,1,83.75,20.2,0,0,0,0,0
41,2,2,2,3959.15,98.8,1,2,2,0,0
58,1,1,2,2878.55,50.3,0,1,1,1,0
47,2,0,1,945.7,20.55,1,0,0,0,0
18,0,2,2,1373.05,75.9,1,1,1,0,0
5,0,2,2,492.55,96.5,0,2,2,0,1
23,0,1,2,1406.0,59.95,1,1,2,1,0
1,0,0,1,19.15,19.15,0,0,0,0,0
71,1,2,2,6962.85,98.65,1,2,2,1,0
72,2,2,2,8126.65,112.6,1,2,2,1,0
33,1,0,1,690.25,20.6,0,0,0,1,0
2,0,2,0,181.5,85.65,1,2,1,0,1
24,2,1,1,830.8,35.75,0,1,1,0,0
56,1,2,2,5608.4,99.75,1,1,2,1,0
37,0,2,2,3646.8,96.1,1,2,2,0,0
43,1,1,2,3662.25,85.1,0,2,2,0,0
1,0,1,1,25.35,25.35,0,1,1,0,0
25,0,2,2,2566.5,104.95,1,2,2,1,1
61,2,1,0,5308.7,89.65,0,2,2,0,0
17,1,2,0,1410.25,86.75,0,1,1,0,0
41,1,2,2,3339.05,86.2,1,1,1,1,0
1,0,1,1,50.65,50.65,0,1,1,0,1
72,2,1,2,4732.35,64.8,1,2,2,1,0
1,0,2,2,90.85,90.85,1,1,2,0,1
48,2,2,2,5067.45,108.1,1,2,2,0,0
11,0,0,1,214.75,19.95,0,0,0,1,1
55,0,2,0,4874.7,85.45,1,1,1,1,1
42,1,1,0,2348.45,54.75,1,1,2,0,0
44,0,2,1,4063.0,90.4,1,1,2,0,0
1,0,1,0,44.0,44.0,0,1,1,0,0
27,0,2,2,2595.25,95.6,1,2,2,0,0
27,0,1,2,2309.55,84.8,1,2,2,1,0
2,0,1,0,89.3,44.3,1,1,1,0,0
19,0,0,1,367.55,19.9,0,0,0,0,0
42,0,2,0,3944.5,95.05,1,2,2,1,0
66,2,1,2,5965.95,90.05,1,2,2,0,0
33,0,2,2,3694.7,109.9,1,2,2,1,0
34,0,2,2,2524.45,73.95,1,1,1,0,1
33,0,1,0,1803.7,54.6,1,2,2,0,0
23,1,0,1,415.1,20.05,0,0,0,1,0
32,1,0,2,624.15,19.75,0,0,0,0,0
11,1,0,2,237.7,20.05,0,0,0,0,0
69,0,2,2,7007.6,99.45,1,2,2,1,1
68,1,1,2,3848.8,55.9,0,1,1,1,0
20,2,0,1,419.4,19.7,1,0,0,0,0
72,2,0,2,1468.75,19.8,1,0,0,0,0
60,1,2,2,5812.0,95.4,1,2,1,1,0
32,0,2,1,2861.45,93.95,1,2,2,1,0
1,0,0,1,19.9,19.9,1,0,0,0,1
1,0,0,1,19.6,19.6,1,0,0,0,1
3,0,2,0,233.7,81.35,1,1,1,0,1
46,1,0,2,1066.15,24.45,1,0,0,1,0
29,0,2,0,2149.05,74.95,1,1,1,1,0
51,0,2,0,4473.0,87.35,1,1,1,0,0
48,0,2,2,3545.05,70.65,1,1,1,1,0
16,0,2,2,1195.75,73.25,0,1,1,1,0
70,2,2,2,6858.9,98.7,1,1,2,1,0
40,2,0,1,1024.7,24.8,1,0,0,1,0
22,0,2,0,1845.9,83.3,0,1,2,1,1
1,0,2,2,75.3,75.3,1,1,1,0,1
5,0,0,1,132.25,24.3,1,0,0,1,0
7,0,2,2,515.45,69.85,1,1,1,0,0
29,1,2,2,2830.45,100.55,0,1,2,0,0
44,1,0,1,1110.5,25.7,0,0,0,1,0
10,0,1,2,449.3,40.7,0,1,1,0,0
55,0,1,2,2838.55,51.65,0,1,1,1,0
52,1,2,2,5376.4,105.1,1,2,2,1,0
10,0,2,0,858.6,85.95,0,1,2,1,0
18,0,2,2,1395.05,75.6,1,1,1,0,0
68,1,1,2,3975.7,58.25,0,1,1,1,0
61,0,0,1,1182.55,19.4,1,0,0,1,1
72,2,1,2,4784.45,65.2,1,2,2,1,0
2,0,1,0,119.5,53.45,0,1,1,0,0
12,0,1,2,518.9,45.4,1,1,1,0,1
41,2,0,0,899.45,19.75,1,0,0,1,0
26,0,1,2,1183.8,44.45,1,2,1,0,0
36,1,0,2,720.05,20.85,0,0,0,1,0
72,2,2,2,8468.2,114.05,1,2,2,1,0
35,0,2,2,3161.2,89.85,1,1,2,1,0
1,0,1,1,55.05,55.05,0,1,1,0,0
16,0,2,0,1882.55,112.95,1,2,2,1,0
49,0,2,2,5070.4,101.55,0,2,2,0,0
54,1,2,1,6049.5,114.65,1,2,2,1,0
18,0,1,0,1166.7,64.8,0,1,2,0,0
36,0,2,0,2937.65,80.4,0,1,2,1,0
60,0,2,0,6396.45,105.9,1,2,2,0,1
1,0,2,1,69.55,69.55,0,1,1,0,1
52,2,0,2,1270.25,25.05,1,0,0,1,0
8,0,2,0,759.55,94.75,1,2,2,1,0
72,2,2,2,7611.55,105.5,0,2,2,1,0
64,1,0,1,1642.75,24.7,0,0,0,0,0
22,0,1,1,1545.4,69.75,1,1,2,0,0
60,0,1,2,3582.4,60.2,1,2,2,1,0
28,0,2,0,2227.1,81.05,1,1,2,1,1
61,2,0,1,1417.9,24.4,0,0,0,1,0
24,0,2,0,2494.65,104.15,1,2,2,0,0
28,1,2,2,2768.35,92.9,0,2,1,1,0
30,2,1,2,2369.3,80.8,0,2,2,1,0
2,0,0,1,38.0,20.0,0,0,0,1,0
1,0,2,0,75.1,75.1,1,1,1,0,0
6,0,0,1,100.9,19.65,0,0,0,0,0
24,0,1,2,1614.05,69.45,1,2,2,1,0
4,0,2,0,385.9,101.15,0,2,2,1,1
7,0,2,0,673.25,99.8,1,2,2,0,1
72,2,2,2,8404.9,116.05,1,2,2,1,0
70,2,1,1,2799.75,40.05,1,1,2,0,0
64,2,2,0,6538.45,102.1,0,2,2,1,0
72,1,2,0,6588.95,89.7,1,2,1,1,0
44,2,0,1,868.1,19.9,0,0,0,0,0
13,0,1,0,734.35,55.95,0,1,2,1,1
17,1,0,1,330.6,20.65,0,0,0,0,0
1,0,1,0,55.0,55.0,1,1,2,0,1
9,0,1,1,564.4,70.05,1,2,2,1,0
24,0,1,1,1315.35,53.6,0,1,1,1,0
1,0,2,0,74.7,74.7,1,1,1,1,1
24,0,2,0,1861.5,80.25,1,1,1,0,1
35,0,1,0,2747.2,76.05,1,2,2,1,0
7,0,1,0,554.05,75.7,1,2,1,1,0
5,0,2,0,453.4,96.1,1,2,2,0,1
15,0,2,2,994.8,69.0,0,1,1,0,1
11,2,0,1,225.75,19.65,0,0,0,1,0
48,0,1,2,2145.0,45.3,1,1,2,1,1
20,0,2,0,1671.6,81.45,1,1,2,0,0
72,1,2,2,8003.8,108.5,1,2,2,1,0
8,0,2,0,680.05,83.55,1,2,1,1,1
72,2,2,2,6130.85,84.5,1,1,2,1,0
15,0,2,0,1415.0,100.15,1,2,2,0,0
72,2,1,2,6201.95,88.6,1,2,2,0,0
1,0,2,0,74.35,74.35,1,1,1,0,1
63,2,2,2,6597.25,104.8,1,2,2,1,0
2,0,1,0,114.15,59.0,1,2,1,0,0
2,0,2,0,139.4,74.4,1,1,1,1,1
61,1,1,2,3902.6,64.05,0,1,2,1,0
1,0,0,1,20.4,20.4,0,0,0,0,0
22,1,1,2,903.6,43.75,1,1,2,0,1
28,0,1,1,1785.65,60.9,0,1,1,1,0
70,2,0,2,1397.65,19.8,0,0,0,1,0
5,0,1,0,131.05,28.45,0,1,1,0,1
12,0,2,2,1238.45,99.7,1,1,2,0,1
34,1,2,2,3899.05,116.25,0,2,2,0,0
71,2,2,2,5676.0,80.7,1,1,1,1,0
70,1,1,2,4543.15,65.2,0,1,2,1,0
52,0,2,2,4326.8,84.05,1,1,1,1,0
69,2,1,2,5502.55,79.45,1,2,1,0,0
20,0,2,0,1782.4,94.1,1,1,2,0,1
11,0,2,1,851.8,78.0,1,1,1,0,0
2,0,2,0,167.5,94.2,1,2,2,1,1
6,0,2,0,502.85,80.5,1,1,1,1,1
1,0,0,1,19.85,19.85,0,0,0,0,0
20,1,2,2,1818.3,94.3,0,1,2,1,0
61,0,2,0,6300.15,106.45,1,2,2,0,0
5,0,2,0,334.8,74.35,1,1,1,1,1
56,0,2,2,5916.95,105.45,1,2,2,0,0
30,0,2,2,2852.4,95.0,1,1,1,0,0
40,0,2,2,4131.95,104.8,0,2,2,0,1
28,1,1,1,1546.3,54.3,0,1,1,0,0
5,0,2,0,302.6,70.05,0,1,1,1,0
27,0,2,2,1929.35,75.2,1,1,1,1,1
12,0,0,2,265.45,20.05,0,0,0,0,0
67,1,2,0,6989.45,105.4,1,2,2,1,0
29,0,1,0,1442.0,51.6,1,1,1,1,0
55,0,2,2,4713.4,85.5,0,1,2,1,0
23,0,2,2,1758.6,75.6,0,1,1,0,1
34,0,2,0,3480.0,100.05,1,2,2,1,1
52,1,2,0,4738.3,91.25,0,2,1,0,0
72,2,2,2,8399.15,115.75,1,2,2,1,0
58,1,2,2,5430.35,94.7,1,2,1,1,0
35,2,0,1,686.95,19.6,0,0,0,1,0
56,2,2,2,5706.3,99.9,1,2,1,0,0
24,2,0,2,490.65,21.1,1,0,0,1,0
70,2,0,2,1360.25,20.05,0,0,0,1,0
2,0,2,0,174.45,79.95,1,2,1,0,0
68,1,2,2,7379.8,107.15,1,2,2,1,0
1,0,2,0,85.0,85.0,1,1,2,0,1
12,0,2,0,1021.75,89.55,1,2,1,0,0
63,0,2,2,5029.05,81.55,1,1,1,1,0
33,1,1,1,1955.4,58.45,1,1,1,1,0
69,1,2,2,6744.2,95.65,1,2,2,1,0
60,2,1,2,4946.7,80.6,1,2,2,1,0
72,2,2,2,8248.5,113.1,1,2,2,1,0
11,0,1,1,601.6,58.95,1,1,2,0,0
1,0,0,1,19.55,19.55,0,0,0,0,0
10,0,2,2,834.1,86.05,1,2,1,0,1
13,0,1,2,597.0,45.55,1,2,1,0,1
34,1,2,2,2647.2,78.95,1,1,2,1,0
39,0,2,1,3266.0,86.3,1,2,1,1,1
65,1,2,2,6744.25,105.05,1,2,2,0,0
50,1,2,2,5265.5,101.9,1,2,1,1,0
15,0,0,1,311.6,19.75,0,0,0,0,0
72,2,2,2,7966.9,110.3,1,2,2,1,0
72,2,2,2,8220.4,115.6,1,2,2,1,0
55,2,0,2,1153.25,19.35,0,0,0,1,0
23,2,0,2,514.75,25.6,1,0,0,1,0
32,0,2,2,2596.15,80.35,1,1,1,0,1
56,1,1,2,3808.0,68.75,1,1,2,1,0
1,0,0,2,19.9,19.9,0,0,0,0,0
38,1,1,1,2708.2,70.6,0,2,1,0,0
11,0,2,0,760.05,70.2,0,1,1,0,0
1,0,1,0,49.3,49.3,1,1,1,0,0
56,1,2,0,6033.3,107.25,1,2,2,1,0
3,0,0,1,89.05,23.6,1,0,0,1,0
7,0,1,2,516.15,69.7,0,2,2,1,0
59,2,2,2,5861.75,99.5,1,2,2,1,0
7,0,1,2,445.95,64.3,0,2,1,0,0
71,2,1,2,4973.4,70.85,1,1,2,1,0
15,1,2,0,1667.25,101.9,0,2,2,1,0
71,2,1,2,5357.75,73.5,0,2,1,1,0
35,0,2,0,3527.6,100.25,1,2,2,0,1
11,1,1,2,422.6,40.4,1,1,1,0,0
60,2,0,2,1103.25,19.25,1,0,0,1,0
47,2,1,2,2754.0,59.6,0,1,1,0,0
11,1,1,2,697.25,64.9,0,1,2,0,0
56,1,2,2,5614.45,100.3,0,2,2,1,1
28,0,2,0,3204.4,110.85,1,2,2,1,0
61,2,1,1,4747.65,81.05,1,2,2,1,0
31,1,2,2,3082.1,98.05,0,2,1,1,0
9,0,2,0,597.9,70.5,1,1,1,0,0
35,0,2,0,3365.4,94.55,1,1,2,1,0
2,0,0,1,38.8,19.65,1,0,0,0,0
12,0,0,1,233.55,19.0,0,0,0,1,1
1,0,2,1,75.3,75.3,0,1,1,0,1
4,0,2,0,346.2,89.2,1,2,1,0,1
1,0,0,1,19.0,19.0,1,0,0,1,0
3,0,0,1,61.7,20.0,1,0,0,0,0
1,0,2,0,85.7,85.7,1,2,1,0,1
52,2,1,2,3342.45,63.25,1,2,1,0,0
5,1,0,1,85.1,20.1,0,0,0,1,0
72,2,2,0,7422.1,99.15,1,1,2,1,0
71,2,1,0,6668.05,90.4,0,2,2,1,0
72,2,2,2,8071.05,111.9,1,2,2,1,0
46,1,0,0,1174.8,24.9,0,0,0,1,0
63,2,1,2,5435.0,83.5,0,2,2,1,0
30,0,2,2,2438.6,84.3,1,1,1,0,0
1,0,1,1,45.6,45.6,0,1,1,0,0
12,0,1,1,713.75,61.65,1,1,1,0,1
16,2,1,1,916.15,54.85,0,2,1,0,0
4,0,1,1,237.2,65.55,0,1,2,0,0
51,1,2,2,4614.55,90.35,1,1,2,1,0
65,2,0,2,1414.45,20.4,1,0,0,1,0
16,0,2,2,1170.5,74.55,1,1,1,0,0
2,1,0,1,47.7,19.95,0,0,0,0,0
66,1,2,2,4859.25,74.25,1,1,1,1,0
46,2,2,0,4903.2,108.65,0,2,2,0,0
32,1,2,2,3608.0,109.55,1,2,2,0,0
72,2,1,2,6094.25,86.65,0,2,2,1,0
38,2,1,2,3084.9,81.0,0,2,2,1,0
51,1,1,2,2356.75,47.85,0,1,1,0,0
72,2,2,2,8306.05,114.55,0,2,2,1,0
65,0,2,2,6786.4,105.25,0,2,2,1,1
9,0,1,0,248.95,29.95,1,1,1,1,1
9,0,1,1,663.05,65.0,0,1,1,1,1
66,2,0,1,1357.1,20.55,0,0,0,0,0
44,1,2,2,4860.35,109.8,1,2,2,0,0
50,2,1,2,3418.2,69.5,0,1,2,0,0
15,0,1,1,631.4,48.85,0,1,1,0,0
8,0,1,2,186.3,25.25,1,1,1,0,0
66,1,2,2,6976.75,102.85,1,2,2,0,0
57,0,2,2,4884.85,87.55,1,1,1,0,0
7,0,2,2,522.95,78.55,1,1,1,0,0
10,0,1,2,362.6,34.55,1,1,2,1,0
62,1,2,0,5755.8,92.05,1,1,1,0,0
40,1,2,0,3355.65,85.05,1,2,1,1,0
20,2,0,1,406.95,19.7,0,0,0,0,0
7,0,0,2,137.6,20.0,0,0,0,0,1
25,0,2,0,2395.7,95.15,1,2,2,1,0
23,0,2,0,1968.1,84.25,0,1,1,1,0
66,1,2,2,6819.45,104.6,0,2,2,1,0
72,2,2,0,7943.45,111.65,0,2,2,0,0
49,0,2,2,4547.25,90.05,0,1,2,1,1
43,0,2,2,4687.9,110.75,1,2,2,1,1
46,0,1,2,2473.95,55.0,0,1,1,1,0
72,2,1,2,6562.9,89.85,0,2,2,1,0
10,1,0,1,176.3,20.35,0,0,0,0,0
40,1,1,2,2236.2,54.55,1,2,2,0,0
65,0,2,0,6985.65,105.5,1,2,2,1,1
31,2,2,2,3109.9,99.45,0,2,2,0,0
68,2,1,2,4911.35,70.9,0,1,1,1,0
56,1,2,2,5794.65,104.55,1,2,2,1,1
10,0,2,0,855.3,85.25,1,1,2,1,1
68,2,0,2,1620.2,25.4,0,0,0,1,0
43,0,1,0,2499.3,56.15,0,2,1,1,1
1,0,2,0,89.55,89.55,1,2,2,0,1
49,1,2,2,4287.2,89.85,1,1,2,0,0
15,0,0,0,394.85,25.25,1,0,0,1,0
20,0,2,0,1899.65,94.55,1,2,2,1,1
1,0,1,1,45.7,45.7,1,1,1,0,1
50,1,1,0,3442.15,69.65,1,2,1,1,0
2,0,2,0,161.5,89.5,0,1,2,0,1
24,0,2,2,1732.6,70.0,0,1,1,0,0
3,0,2,2,222.3,69.55,1,1,1,0,1
1,0,2,1,74.6,74.6,1,1,1,0,1
35,2,0,1,655.3,20.1,0,0,0,1,0
17,0,0,1,475.25,24.8,0,0,0,0,0
8,0,0,0,164.3,19.65,0,0,0,0,1
10,0,2,2,865.1,95.1,1,2,2,0,0
68,2,1,2,6132.7,88.85,1,2,2,1,0
45,1,1,2,3597.5,78.8,0,2,2,1,0
2,1,0,1,35.9,19.85,0,0,0,1,1
37,0,0,2,697.65,20.35,0,0,0,1,0
4,0,1,1,96.05,24.25,1,1,1,0,1
10,0,1,1,428.7,45.25,0,1,1,0,0
1,0,0,1,20.05,20.05,0,0,0,0,0
65,2,1,1,4459.15,69.55,1,1,2,1,0
57,2,0,2,1167.6,19.5,0,0,0,1,0
3,0,2,1,238.1,74.75,1,1,1,0,0
2,0,2,0,145.15,69.65,0,1,1,0,1
49,0,1,2,1453.1,30.2,1,1,1,0,0
4,0,1,1,191.05,45.65,0,1,1,0,1
70,2,1,2,4039.3,57.8,0,2,2,1,0
53,1,0,2,1039.45,19.85,1,0,0,1,0
53,2,0,2,1336.1,25.55,0,0,0,1,0
1,0,2,1,75.05,75.05,1,1,1,0,1
22,0,0,2,493.4,24.85,1,0,0,0,0
52,0,1,0,2550.9,49.15,1,2,2,0,1
65,2,2,0,7246.15,110.35,1,2,2,0,0
48,1,0,2,1203.95,24.55,0,0,0,0,0
2,0,1,0,62.25,34.7,1,1,2,0,1
3,0,2,1,313.6,107.95,0,2,2,0,0
45,0,2,2,3775.85,81.4,0,1,1,1,0
1,0,2,0,80.0,80.0,0,1,2,1,1
61,2,1,2,4616.05,73.8,1,2,2,1,0
3,0,1,2,195.65,64.4,1,2,1,0,0
40,1,2,2,4188.4,103.75,1,2,2,0,0
1,0,2,1,71.1,71.1,0,1,1,0,0
1,0,1,0,49.9,49.9,1,1,1,0,0
51,1,0,2,1266.4,24.6,1,0,0,0,0
2,0,1,0,91.1,49.25,1,1,1,0,1
52,1,1,1,1623.4,30.1,0,1,1,0,0
51,0,2,2,4149.45,83.4,0,1,2,0,0
1,0,0,1,20.45,20.45,1,0,0,0,0
31,1,1,2,2344.5,75.25,1,1,2,1,0
47,1,0,2,1013.05,20.55,0,0,0,0,0
3,0,2,2,270.7,75.1,1,1,1,0,1
22,1,0,1,417.0,20.05,1,0,0,0,0
1,0,0,1,20.65,20.65,1,0,0,1,0
72,2,1,2,6316.2,85.15,1,2,2,1,0
3,0,1,0,168.15,50.15,1,1,1,1,1
47,1,2,2,4018.05,84.95,1,2,1,1,0
72,2,1,2,4811.6,66.5,1,1,1,1,0
66,2,1,2,4189.7,63.3,1,2,1,1,0
35,0,2,0,2848.45,83.15,0,2,1,0,0
29,0,2,0,2516.2,84.9,1,1,2,0,0
2,0,0,1,33.6,20.55,1,0,0,0,0
4,0,1,1,208.45,49.25,0,1,1,0,0
25,0,2,2,2015.35,79.85,1,1,1,0,1
65,2,1,1,3739.8,59.6,1,1,1,0,0
27,1,2,2,2964.0,104.65,1,2,2,0,0
29,0,2,2,2263.4,75.3,1,1,1,1,0
29,0,1,2,2211.8,80.1,0,2,2,1,0
1,0,0,1,19.55,19.55,0,0,0,0,1
20,0,2,1,1683.7,81.0,1,1,1,1,0
58,2,0,2,1519.0,24.7,1,0,0,0,0
14,0,2,1,1164.05,86.0,1,1,1,0,0
72,2,0,1,1710.9,25.4,0,0,0,1,0
46,0,2,2,4245.55,89.15,1,2,1,0,0
71,2,1,2,4145.9,58.25,0,2,2,1,0
32,0,2,2,2664.3,85.65,1,1,2,0,0
26,0,1,2,1277.5,50.35,1,2,2,0,0
68,0,2,2,5589.3,80.35,1,1,1,1,0
2,1,0,1,34.75,20.2,0,0,0,1,0
61,2,0,2,1305.95,20.55,0,0,0,1,0
4,0,2,0,381.3,85.95,1,1,2,1,1
3,0,1,0,141.5,45.35,1,1,1,0,1
33,0,2,0,3105.55,94.5,1,2,2,1,1
9,0,0,1,204.55,21.25,1,0,0,1,0
22,2,0,1,605.9,26.25,0,0,0,0,0
5,0,2,0,356.1,80.85,1,2,1,1,0
30,0,2,2,2758.15,91.7,0,1,1,0,1
65,2,1,2,4805.65,74.2,1,1,2,0,0
45,0,2,0,3941.7,87.25,1,1,1,0,1
5,0,0,1,92.75,20.35,0,0,0,0,0
25,0,2,0,1901.05,75.5,1,1,1,1,0
72,2,2,2,5730.7,79.05,0,1,1,1,0
27,0,2,2,2423.4,90.15,0,1,2,1,0
32,0,1,2,1653.45,50.6,0,2,2,1,0
30,1,2,2,3327.05,110.45,0,2,2,0,0
70,2,2,2,7085.5,101.0,0,1,2,1,0
42,0,2,2,3344.1,79.35,1,1,1,0,0
72,2,1,2,6697.35,89.85,1,2,2,1,0
47,2,1,1,2879.9,65.0,1,1,1,0,0
2,0,2,0,137.1,80.45,1,1,1,0,0
10,0,2,0,1008.55,98.55,0,2,2,0,1
61,2,0,1,1551.6,24.1,1,0,0,1,0
5,0,1,2,202.15,44.05,1,1,1,0,0
72,2,2,2,7882.25,110.8,1,2,2,1,0
72,2,2,2,8196.4,114.95,1,2,2,1,0
3,0,2,1,202.9,75.05,0,1,1,0,0
48,2,0,1,855.1,19.25,0,0,0,1,0
63,1,2,2,5817.0,90.05,1,2,1,0,0
27,0,1,1,1652.95,56.7,1,1,1,0,0
70,2,1,2,5600.15,80.15,1,2,2,1,0
7,0,1,2,515.75,71.35,1,1,2,1,0
2,0,2,0,190.5,90.35,0,2,1,1,0
20,0,2,0,1842.8,98.55,1,2,2,0,1
66,2,0,2,1253.8,19.7,0,0,0,0,0
3,0,0,1,57.2,19.85,0,0,0,0,0
15,0,2,2,1269.55,85.9,1,1,2,0,1
72,2,2,2,6563.4,90.35,1,1,1,1,0
1,0,0,1,20.8,20.8,0,0,0,0,0
22,0,2,0,1907.85,89.25,0,2,2,0,1
3,0,2,0,208.85,70.3,1,1,1,1,1
72,2,1,2,4758.8,66.85,0,1,1,1,0
65,2,0,1,1292.6,19.9,0,0,0,1,0
11,0,1,1,363.15,35.8,1,2,1,0,0
22,0,2,1,1600.25,78.85,1,1,1,0,0
14,1,0,2,275.7,20.4,0,0,0,0,0
41,0,2,0,3089.1,74.25,1,1,1,0,0
17,1,1,1,1175.6,64.8,0,1,2,1,0
11,0,0,2,237.3,20.45,1,0,0,0,0
15,0,2,0,1444.65,93.35,1,2,2,0,1
1,0,0,1,19.9,19.9,0,0,0,0,1
5,0,2,1,454.15,88.9,1,1,2,1,1
33,1,2,0,3036.75,95.8,1,2,2,1,1
72,2,2,2,8065.65,110.65,1,2,2,1,0
3,0,1,1,92.5,40.3,0,1,2,1,0
2,0,2,0,184.65,82.0,1,1,1,0,1
59,1,2,2,6152.3,107.0,1,1,2,1,0
2,0,1,0,89.5,45.35,0,1,1,0,1
71,2,1,2,5154.5,73.35,1,2,2,1,0
5,0,1,1,220.45,44.8,0,1,1,1,0
27,0,1,2,1510.3,54.75,1,1,1,1,0
1,0,1,0,52.2,52.2,1,1,1,0,1
63,1,1,2,2588.95,40.6,1,1,1,0,0
46,1,2,0,4874.8,110.0,1,2,2,0,1
72,2,1,2,3983.6,55.3,0,1,1,1,0
34,0,1,2,2003.6,60.85,1,1,1,1,0
24,1,1,0,1832.4,78.4,0,2,2,1,0
72,2,1,2,4908.25,69.65,0,1,1,0,0
60,2,1,2,3590.2,59.85,0,2,2,1,0
68,1,1,2,5023.0,76.9,1,1,2,0,0
8,2,0,1,146.6,19.85,1,0,0,1,0
34,2,1,2,2339.3,67.65,0,2,1,0,0
6,0,1,2,298.7,45.0,0,2,2,0,0
2,0,1,1,143.65,64.2,1,1,2,1,0
31,1,2,2,2548.65,81.7,0,1,1,0,0
20,0,0,2,507.4,25.55,1,0,0,1,0
1,0,0,0,20.0,20.0,0,0,0,1,0
62,1,2,0,6125.4,96.75,1,2,2,0,1
70,2,2,2,5411.4,75.65,1,1,1,1,0
10,0,2,0,1058.25,98.5,1,2,2,0,1
39,2,0,1,903.8,23.8,1,0,0,1,0
46,2,1,2,3009.5,64.2,1,2,1,1,0
6,0,2,0,489.45,85.35,1,2,1,0,1
72,2,1,2,5468.45,76.8,1,2,2,1,0
18,0,1,2,1058.1,55.2,0,1,1,0,0
71,2,2,2,7616.0,108.55,1,2,2,1,0
40,0,2,0,4113.1,101.3,1,2,2,1,1
1,0,2,0,69.55,69.55,1,1,1,0,1
58,1,2,2,6017.65,103.25,1,2,2,0,1
70,2,2,2,7250.15,104.0,1,2,2,0,1
42,2,0,0,1108.2,25.25,0,0,0,1,0
34,1,1,2,938.65,30.4,0,1,1,1,0
5,0,0,2,94.15,20.05,0,0,0,0,0
25,0,2,1,2088.05,84.6,1,2,1,0,0
2,0,2,1,178.7,86.2,1,1,2,0,1
55,1,2,2,5656.75,103.7,1,2,2,1,0
21,0,2,0,2317.1,111.2,1,2,2,1,1
70,2,2,2,5986.45,88.0,1,1,1,1,0
61,0,2,0,6751.35,106.35,1,2,2,1,0
43,2,1,2,3566.6,79.15,1,2,2,1,0
47,1,2,0,4889.3,103.1,1,2,2,0,0
5,0,1,2,318.1,63.95,1,2,1,0,0
62,2,0,2,1563.95,25.8,1,0,0,0,0
16,0,2,2,1430.25,89.45,1,2,1,1,1
7,0,2,2,644.35,95.6,1,2,2,1,1
14,0,0,1,372.45,25.55,0,0,0,1,0
60,1,2,0,5453.4,90.95,0,2,1,1,1
34,0,1,0,1442.6,44.85,1,2,1,1,0
50,1,2,0,5610.7,108.55,0,2,2,1,1
38,2,0,2,963.95,25.05,0,0,0,1,0
70,1,1,2,5222.3,74.1,0,1,2,1,0
37,0,2,0,3340.55,88.8,1,2,1,1,0
4,0,2,0,292.8,78.85,1,2,1,0,1
60,0,2,0,5774.55,93.25,1,1,2,1,0
62,1,1,2,4487.3,71.4,0,1,2,1,0
1,0,1,1,44.4,44.4,0,1,1,0,1
36,0,1,2,2854.95,79.2,1,2,2,0,0
44,2,0,2,905.55,20.4,0,0,0,0,0
55,1,2,0,5509.3,100.0,1,2,2,0,1
72,2,2,2,7589.8,105.0,1,2,2,1,0
12,1,0,2,229.6,19.8,0,0,0,1,1
13,0,1,2,394.1,30.85,1,1,1,0,0
1,0,2,0,89.9,89.9,1,2,2,0,1
15,1,0,1,295.95,20.55,0,0,0,1,0
65,2,1,2,5459.2,84.85,1,2,2,0,0
12,1,1,2,444.75,33.15,0,1,1,1,0
72,2,1,2,6782.15,92.0,1,2,2,1,0
72,2,1,2,6510.45,89.8,0,2,2,1,0
72,2,2,2,8476.5,115.8,1,2,2,1,0
52,2,1,1,4461.85,85.15,1,2,2,0,0
2,0,0,1,62.0,24.85,0,0,0,0,0
5,0,1,0,352.65,64.35,1,2,1,0,0
68,2,0,2,1424.9,20.5,0,0,0,0,0
62,1,2,0,6413.65,100.15,1,2,2,0,1
72,2,1,2,6309.65,86.05,0,2,2,0,0
1,0,1,0,50.8,50.8,0,1,1,0,1
66,1,2,0,5898.6,89.0,0,1,1,1,0
72,2,1,2,4719.75,64.8,1,2,2,1,0
26,1,0,2,457.3,19.8,0,0,0,0,0
64,2,2,2,5822.3,93.4,0,1,2,1,0
20,0,2,0,1463.5,73.65,1,1,1,1,1
3,0,2,0,307.4,95.1,1,2,2,0,1
22,0,2,2,2104.55,94.65,1,2,2,0,1
4,0,2,1,319.15,80.6,1,1,1,1,1
62,2,1,2,2337.45,39.0,1,2,1,1,0
5,0,0,1,104.3,20.5,1,0,0,0,0
59,1,2,0,5084.65,85.55,0,1,2,1,1
3,2,0,1,121.25,26.4,1,0,0,0,0
72,2,2,2,7015.9,98.2,1,2,1,1,0
57,1,2,2,5598.0,97.55,1,2,2,1,0
66,2,0,2,1269.1,19.95,0,0,0,0,0
60,0,1,0,3027.4,50.8,1,2,2,0,1
45,2,2,2,4634.35,99.7,0,2,2,0,0
3,0,1,2,113.95,34.8,1,2,1,0,0
15,0,2,0,1582.75,105.1,0,2,2,0,1
51,1,1,2,3077.0,60.15,0,2,2,0,0
60,1,1,0,4039.5,64.75,0,1,1,0,0
33,0,1,2,1665.2,54.65,1,1,1,0,0
10,0,2,0,1043.3,110.1,1,2,2,0,1
26,1,0,2,504.2,19.3,0,0,0,0,0
6,0,2,0,497.55,83.9,0,1,2,0,1
67,1,2,0,7511.65,111.25,1,2,2,1,0
49,1,1,2,1782.0,35.8,1,1,1,1,0
1,0,0,1,20.05,20.05,1,0,0,0,0
7,0,2,0,609.65,84.35,1,2,1,0,0
27,1,2,2,2857.6,110.5,1,2,2,0,0
37,1,2,2,3247.55,91.2,0,2,2,1,0
63,0,2,0,6215.35,100.55,1,2,1,1,1
31,0,2,0,2823.0,89.3,0,1,1,1,0
50,0,2,2,5017.9,103.85,1,2,2,1,1
32,0,2,2,2619.25,81.1,1,1,1,0,0
1,0,1,0,24.6,24.6,0,1,1,0,1
63,1,2,2,4965.1,81.2,1,1,1,1,0
30,0,2,2,2679.7,94.3,1,1,2,0,0
71,2,2,2,8310.55,116.1,1,2,2,1,0
53,2,2,0,5682.25,105.55,0,2,2,0,0
12,0,2,2,1120.95,98.9,1,2,2,0,1
50,0,2,2,4914.9,94.4,1,1,2,1,0
2,0,0,1,27.55,19.5,0,0,0,0,0
9,0,2,2,923.5,98.3,0,2,2,0,1
17,0,2,0,1625.65,93.85,0,2,2,0,1
56,1,2,2,6068.65,105.6,1,2,2,1,0
67,2,1,2,5398.6,81.35,0,2,2,1,0
9,0,2,0,918.6,100.5,1,2,2,0,1
4,0,1,0,234.85,56.4,1,2,1,0,0
19,1,1,2,1231.85,65.35,1,1,2,0,0
8,0,0,1,170.9,19.95,0,0,0,0,0
71,2,2,0,7984.15,111.25,1,2,2,0,0
10,0,2,0,688.65,72.85,1,1,1,0,1
15,0,2,2,1288.3,89.0,0,2,1,0,0
72,1,2,2,7848.5,106.1,1,2,2,1,0
12,1,0,2,267.0,20.05,0,0,0,0,0
72,2,0,2,1798.9,25.2,1,0,0,1,0
1,0,2,0,73.55,73.55,1,1,1,1,1
23,0,2,2,1643.55,75.4,1,1,1,0,0
72,2,1,2,4807.45,65.55,1,2,2,0,0
26,0,2,0,2193.0,80.7,1,1,1,0,0
21,1,2,1,2239.4,104.55,1,2,2,0,0
60,1,0,2,1505.9,24.15,0,0,0,1,0
12,0,0,1,255.35,20.45,0,0,0,0,0
16,0,2,0,1189.4,75.4,1,1,1,1,0
63,1,1,2,4786.15,79.7,1,2,2,1,0
22,0,2,0,1820.9,81.7,0,1,1,0,0
32,0,1,2,2404.15,76.3,0,1,2,1,0
3,0,2,0,205.05,79.4,1,1,1,0,1
13,0,2,0,952.3,81.15,1,1,1,0,1
68,2,2,2,7039.45,103.75,1,2,2,1,0
30,1,2,0,2538.05,86.45,0,1,2,1,0
16,0,2,2,1212.85,75.1,0,1,1,0,0
33,2,2,2,2651.1,80.6,0,1,1,0,0
72,2,0,2,1304.8,19.3,0,0,0,1,0
4,0,2,0,360.1,84.6,1,1,2,0,1
12,1,1,1,435.45,33.6,1,1,1,0,0
4,0,2,0,308.05,83.25,1,2,1,1,0
6,0,2,0,434.5,79.05,1,1,1,0,1
65,1,2,2,7118.9,108.05,1,2,2,1,0
15,0,0,1,320.45,19.9,0,0,0,0,0
24,1,0,2,531.55,21.05,0,0,0,0,0
13,0,1,0,382.2,30.15,0,1,1,0,0
24,0,2,2,2001.0,79.85,1,1,2,0,0
72,2,1,2,4919.7,65.5,0,2,2,1,0
54,0,2,2,5645.8,104.1,1,2,2,1,0
3,0,2,2,215.8,74.4,0,1,1,0,1
4,0,0,1,77.6,20.5,1,0,0,1,0
32,0,2,1,2896.55,91.35,1,2,1,1,0
35,0,2,0,3395.8,99.05,1,2,2,0,1
35,2,0,2,759.35,20.5,0,0,0,1,0
2,0,1,1,85.15,44.95,0,1,1,0,1
8,0,2,0,535.55,75.6,0,1,1,0,0
22,0,1,1,1253.15,55.1,0,1,1,0,0
15,0,1,0,955.15,58.95,0,1,1,0,0
22,0,2,0,2162.6,95.1,1,2,2,0,0
1,0,1,2,44.7,44.7,0,1,1,1,1
71,2,0,2,1813.35,25.45,0,0,0,1,0
4,0,1,0,245.15,56.75,0,1,1,0,0
25,0,1,2,2028.8,81.75,0,1,2,0,0
32,0,2,0,2723.75,86.1,1,2,1,1,0
7,0,1,2,220.45,29.8,0,1,1,1,0
17,1,0,1,365.8,20.5,1,0,0,0,0
8,0,1,2,551.95,60.9,0,2,1,1,0
56,2,1,2,4054.2,73.25,0,1,2,0,0
1,0,1,1,45.7,45.7,1,1,1,0,1
8,0,2,2,832.35,100.3,0,2,2,0,1
7,0,0,0,112.3,19.25,0,0,0,0,1
3,0,0,1,60.65,20.85,0,0,0,0,0
71,2,1,2,5550.1,77.35,0,2,1,0,0
2,0,2,0,174.8,96.0,1,2,2,0,1
1,0,2,0,90.55,90.55,0,2,2,0,1
49,0,2,2,4733.1,93.85,1,2,1,1,0
58,2,1,2,4048.95,70.1,0,2,1,0,0
44,0,1,0,1359.7,30.35,1,1,1,1,1
59,2,1,2,4542.35,75.95,1,2,2,1,0
71,2,2,0,7532.15,108.05,1,2,2,0,1
1,0,2,0,69.9,69.9,1,1,1,0,1
11,0,2,0,888.65,75.25,0,1,1,0,0
62,1,2,0,6383.35,103.75,1,2,2,1,1
35,1,1,2,1916.0,54.95,1,1,1,1,0
20,0,0,2,413.0,19.5,1,0,0,0,0
40,2,0,1,808.95,19.6,0,0,0,1,0
39,1,1,0,1886.4,47.85,1,1,1,0,0
1,0,2,0,86.6,86.6,1,1,2,0,1
72,2,0,2,1679.25,23.75,0,0,0,1,0
33,0,2,2,2656.5,80.6,1,1,1,1,1
12,0,1,2,540.95,43.8,0,1,1,0,0
1,0,0,2,19.75,19.75,0,0,0,0,0
27,0,0,1,537.35,19.15,0,0,0,0,0
34,1,0,2,678.8,19.6,0,0,0,1,0
56,2,2,2,4513.65,80.3,0,1,1,1,0
58,2,0,2,1423.85,24.35,0,0,0,0,0
22,2,0,2,555.4,25.25,0,0,0,1,0
10,2,0,2,225.55,26.1,0,0,0,1,0
13,2,0,2,268.45,20.0,0,0,0,0,0
35,0,2,2,2917.5,85.3,0,1,1,0,1
34,0,2,2,2416.1,70.0,1,1,1,0,1
4,0,2,0,424.45,94.3,1,2,2,0,1
72,2,0,2,1492.1,20.7,0,0,0,1,0
2,0,1,0,132.4,70.3,0,2,2,0,0
7,0,2,0,660.9,95.35,1,2,2,0,1
27,0,2,0,1893.95,75.5,1,1,1,1,1
4,0,2,1,284.9,69.55,1,1,1,1,0
37,2,0,1,784.25,19.85,0,0,0,0,0
21,0,0,1,417.7,20.0,0,0,0,0,0
53,1,2,2,5016.25,95.85,1,2,2,1,0
18,0,2,0,1612.75,90.1,1,1,2,0,1
2,0,2,0,119.75,68.95,0,1,1,0,1
32,0,2,2,3204.65,99.55,1,2,2,1,1
23,1,0,0,485.2,20.75,1,0,0,1,0
3,0,1,1,160.85,50.15,1,1,1,0,0
71,2,1,1,4145.25,58.65,0,2,2,1,0
9,0,2,2,827.45,95.9,1,2,2,0,0
1,0,1,0,49.5,49.5,0,1,1,0,0
18,0,1,0,990.85,57.45,0,1,2,1,1
12,1,1,2,696.35,53.65,0,1,2,1,1
71,2,1,1,5585.4,80.1,1,1,2,1,0
64,1,0,2,1601.2,24.4,1,0,0,0,0
4,0,1,0,162.45,40.05,1,1,2,0,0
23,0,0,1,470.2,19.5,1,0,0,0,0
39,0,1,2,2066.0,51.05,0,1,1,1,0
28,1,1,1,1426.45,54.35,0,1,1,1,0
5,0,2,0,392.5,84.7,1,2,1,0,0
45,0,2,0,3861.45,86.1,1,1,2,1,0
37,0,2,1,2552.9,70.35,1,1,1,0,0
60,2,2,2,6668.35,110.0,1,2,2,1,0
8,0,2,0,819.4,100.6,1,2,2,0,1
47,1,2,2,4615.25,94.9,0,2,1,0,0
26,0,2,0,2070.6,83.75,1,2,1,1,1
3,0,2,1,273.75,88.3,1,2,1,1,1
50,0,2,2,3557.7,69.75,1,1,1,1,0
27,0,1,2,1957.1,71.6,0,2,2,1,0
8,0,2,0,729.95,92.1,1,2,2,0,1
62,2,0,2,1416.75,23.65,0,0,0,1,0
71,2,1,2,5924.4,81.85,0,2,2,1,0
66,2,0,1,1697.7,25.1,0,0,0,0,0
68,2,2,2,7849.85,114.7,1,2,2,1,0
13,0,1,0,649.4,49.15,0,2,2,0,0
56,1,2,0,4557.5,80.9,1,1,2,1,0
38,0,2,0,3013.05,79.45,1,1,1,1,1
14,0,2,2,1266.1,90.45,0,2,2,0,1
16,1,0,2,360.35,19.3,1,0,0,0,0
14,0,2,0,1046.5,70.2,0,1,1,1,0
32,0,2,2,2347.9,69.75,1,1,1,1,1
8,1,1,2,447.75,54.25,0,1,1,0,0
43,0,2,2,4209.95,99.3,1,2,2,1,0
52,1,1,2,3877.65,74.0,0,2,1,0,0
3,0,1,1,152.3,50.25,1,1,1,0,0
29,1,0,1,572.2,19.8,1,0,0,0,0
1,0,0,1,19.65,19.65,0,0,0,0,1
12,0,1,0,526.95,43.65,1,1,2,0,1
16,0,1,2,552.7,35.5,1,1,2,1,0
40,1,1,1,3208.65,80.75,1,2,2,0,0
5,0,1,0,210.75,39.5,0,1,2,0,1
40,0,2,2,3706.95,97.1,1,2,2,1,1
36,1,0,1,620.75,19.55,0,0,0,0,0
5,0,2,0,412.5,80.0,1,1,2,0,1
10,0,2,1,832.05,84.7,1,2,1,0,1
2,0,2,2,185.55,89.55,1,2,2,1,1
23,0,2,0,1943.2,90.6,1,2,1,0,1
26,1,0,2,505.9,20.05,1,0,0,1,0
72,2,2,0,8046.85,112.4,1,2,2,1,0
34,0,1,2,1815.3,50.2,0,1,1,1,0
10,0,1,2,612.95,62.25,0,2,1,0,0
14,1,1,1,795.15,55.7,0,1,1,0,0
23,0,2,2,2169.8,90.05,1,2,1,0,1
47,2,0,1,973.1,19.65,0,0,0,1,0
24,0,2,0,2210.2,89.25,1,1,2,1,0
49,0,2,2,4853.75,99.05,1,2,2,1,1
20,1,1,1,1055.9,54.0,0,1,1,0,0
2,0,2,2,144.55,69.75,0,1,1,0,1
2,0,1,2,91.1,49.05,1,1,1,0,1
22,2,1,2,1304.85,56.75,0,2,2,0,0
7,0,2,2,713.0,98.05,1,2,2,0,1
1,0,0,1,21.1,21.1,0,0,0,0,0
59,0,2,2,5580.8,96.65,1,1,2,1,0
58,1,0,2,1497.9,24.5,1,0,0,1,0
41,0,2,2,4527.45,114.5,1,2,2,0,1
59,2,2,2,4590.35,79.2,1,1,1,0,0
3,0,2,0,200.2,69.55,1,1,1,1,0
32,2,0,2,614.45,20.05,1,0,0,0,0
46,0,2,0,4564.9,98.85,1,2,2,1,0
2,0,2,0,171.15,80.95,1,1,2,0,1
52,1,0,2,1012.4,19.6,0,0,0,1,0
13,0,2,0,940.35,74.3,1,1,1,0,1
11,0,2,2,1047.7,89.7,0,2,2,0,1
32,0,2,2,2766.4,87.65,0,1,1,0,0
17,0,2,2,1622.45,100.45,1,2,2,1,1
16,0,2,2,1129.35,74.75,1,1,1,0,0
51,1,2,2,5680.9,107.45,0,2,2,0,0
29,1,1,2,2243.9,75.35,1,2,2,0,0
70,2,1,2,4523.25,64.95,0,1,1,1,0
71,2,2,0,7159.7,100.45,0,1,2,1,0
41,1,1,2,2839.95,68.5,0,2,1,1,0
1,0,2,0,80.55,80.55,1,2,1,0,0
7,0,1,2,580.1,81.25,0,2,2,1,0
25,1,2,0,2178.6,90.4,1,2,2,1,1
67,1,2,0,6038.55,89.55,0,1,1,1,0
5,0,1,1,259.4,55.7,1,1,1,1,0
15,0,0,0,324.15,24.8,1,0,0,0,0
20,0,0,0,417.65,20.0,0,0,0,1,0
3,0,1,1,168.15,56.15,1,1,1,1,1
54,1,2,0,5637.85,105.2,1,2,2,1,0
42,1,0,1,839.4,19.55,1,0,0,0,0
9,0,2,0,769.1,79.75,1,1,2,1,0
63,2,2,2,6253.0,97.45,0,2,2,0,0
69,2,0,2,1641.8,24.25,0,0,0,1,0
69,2,0,2,1678.05,24.6,0,0,0,0,0
40,0,1,1,2058.5,50.15,1,1,1,1,0
60,2,1,2,2424.5,39.6,0,1,1,0,0
4,0,2,2,387.2,94.4,1,1,2,0,1
71,2,1,1,6293.45,89.85,0,2,2,0,0
37,0,2,2,2839.65,78.95,1,1,1,1,1
32,0,2,2,3145.9,98.85,1,2,2,1,0
39,2,1,2,2200.7,53.85,1,1,1,0,0
38,1,0,0,914.4,24.25,1,0,0,0,0
52,2,2,2,4577.75,89.45,1,1,2,0,0
48,0,2,2,4997.5,105.25,1,2,2,1,0
70,2,1,2,4144.8,59.5,0,2,2,1,0
20,0,2,2,1493.55,70.55,0,1,1,0,0
50,1,1,2,4179.1,82.5,1,2,2,0,0
19,1,1,2,893.55,44.85,1,2,2,0,1
25,1,1,2,1611.0,61.6,1,1,1,1,0
12,0,1,2,593.05,49.05,1,1,1,0,0
39,0,2,0,4284.8,105.65,1,2,2,1,1
7,0,2,1,544.55,74.65,0,1,1,0,1
23,1,1,1,1533.8,66.25,1,1,1,1,0
27,0,0,0,529.8,19.4,1,0,0,0,0
47,0,2,2,3865.6,86.05,1,2,1,0,0
26,2,0,2,515.75,19.15,1,0,0,1,0
14,0,1,2,941.0,64.7,1,2,1,1,1
11,0,2,2,1133.65,104.05,1,2,2,1,1
2,0,0,1,48.35,19.25,0,0,0,0,0
26,0,2,0,2070.05,81.95,0,1,1,1,0
72,2,2,2,8333.95,114.65,1,2,2,1,0
63,2,0,2,1209.25,20.0,0,0,0,1,0
71,2,0,1,1396.25,19.8,0,0,0,1,0
11,0,1,2,723.35,65.15,1,2,1,1,0
14,1,0,1,228.65,19.65,0,0,0,1,0
13,2,1,2,1161.75,88.95,0,2,2,0,0
6,0,0,1,98.35,20.2,1,0,0,0,0
11,0,2,2,775.3,75.2,1,1,1,1,0
18,0,1,2,1074.65,56.8,0,1,1,1,0
1,0,1,0,35.55,35.55,1,1,2,0,1
32,0,2,2,2324.7,75.5,1,1,1,1,0
29,1,1,1,1072.6,35.6,0,1,1,0,0
3,0,1,0,170.5,60.25,1,2,1,0,0
2,0,2,0,196.9,95.15,1,2,2,0,1
13,0,2,1,1162.85,96.65,1,2,2,1,1
41,0,1,0,1677.85,40.35,1,1,2,0,0
1,0,0,0,18.85,18.85,0,0,0,0,0
7,0,1,1,370.4,54.85,0,2,1,0,0
52,1,1,1,3410.6,64.3,1,2,1,1,0
45,2,0,2,1138.8,24.65,1,0,0,1,0
70,2,1,2,5264.25,76.1,0,2,1,1,0
53,2,0,1,1005.7,18.7,0,0,0,0,0
62,1,2,2,5936.55,97.95,1,2,1,1,0
60,0,2,2,5475.9,94.1,1,1,2,1,0
3,0,2,0,224.05,80.4,1,2,1,1,1
23,0,2,0,2326.05,95.1,1,2,2,1,0
1,0,1,1,31.35,31.35,1,1,1,0,1
67,1,1,2,4991.5,72.35,1,1,2,0,0
12,0,2,2,1052.4,89.75,1,2,1,0,1
71,2,1,2,5831.2,82.7,1,1,2,1,0
25,1,0,2,510.8,19.9,0,0,0,0,0
5,0,1,0,283.95,53.8,1,1,1,0,0
26,1,1,2,1295.4,51.55,1,1,1,0,0
1,1,0,1,19.65,19.65,0,0,0,1,0
70,1,1,2,3011.65,44.05,1,2,1,0,0
72,2,2,0,8093.15,114.0,1,2,2,1,0
60,1,2,0,5610.25,94.4,1,2,2,1,1
32,0,2,0,3217.65,100.4,1,2,2,1,0
1,0,0,0,19.85,19.85,1,0,0,0,1
14,1,1,1,773.2,54.25,1,1,1,0,0
13,0,2,2,1029.35,80.0,1,1,1,0,0
6,0,2,2,669.45,109.9,1,2,2,0,1
46,2,1,1,3593.8,79.2,0,2,2,0,0
15,0,2,0,1553.95,101.35,1,2,2,0,1
43,0,2,0,3953.15,94.3,1,2,1,1,0
39,2,1,2,1971.15,49.8,1,1,1,0,0
21,0,1,2,1236.15,60.05,1,2,1,0,1
57,0,1,0,3196.0,53.75,1,2,2,0,0
53,1,2,0,4872.2,93.45,1,2,2,1,0
18,0,2,1,1500.5,87.9,1,2,1,1,0
1,0,1,0,60.15,60.15,1,1,2,0,1
58,1,1,2,3478.75,61.05,1,1,1,1,0
71,2,2,2,7413.55,104.05,0,2,2,0,0
35,1,2,0,3532.0,99.25,1,2,2,0,0
3,0,2,2,256.75,85.7,0,1,2,0,0
38,1,2,0,3887.25,104.85,1,2,2,0,0
35,2,1,2,2490.15,69.15,1,1,1,1,0
7,0,2,0,593.45,90.45,1,2,1,0,1
47,2,1,1,3510.3,74.45,0,2,2,0,0
14,0,1,0,765.45,50.45,0,1,1,0,0
20,0,1,0,1259.35,60.0,1,1,2,1,0
66,2,1,0,5538.35,85.25,0,2,2,1,0
15,0,0,2,340.85,19.45,1,0,0,1,0
42,2,0,2,844.45,20.75,1,0,0,0,0
17,0,2,0,1348.95,78.9,0,1,1,1,0
37,1,2,2,3778.0,104.5,1,2,2,0,0
12,0,1,0,611.65,49.4,1,1,1,0,0
53,1,2,2,4867.95,94.25,1,2,2,1,1
60,2,0,1,1505.05,25.0,0,0,0,0,0
18,0,1,2,467.85,25.55,0,1,1,1,0
1,0,2,0,74.9,74.9,1,1,1,0,1
3,0,2,0,194.2,70.15,1,1,1,0,0
9,0,1,2,571.45,69.4,1,2,2,0,0
1,0,2,0,80.25,80.25,1,2,1,0,1
56,1,2,0,5253.95,93.15,1,1,1,1,0
17,0,2,0,1149.65,69.0,1,1,1,1,1
11,0,1,0,740.8,66.35,1,1,2,1,1
7,0,2,0,521.35,69.55,1,1,1,0,0
69,2,0,2,1412.65,20.2,0,0,0,1,0
19,0,2,2,1532.45,86.0,1,1,2,0,1
3,0,2,0,250.05,80.3,1,1,2,1,1
54,2,0,2,1090.6,20.4,0,0,0,1,0
62,1,0,2,1446.8,23.75,1,0,0,1,0
24,0,2,2,2282.55,90.55,1,2,1,0,1
62,0,1,2,4300.45,70.45,1,2,2,1,0
17,0,1,2,1111.2,65.75,0,1,2,0,0
9,0,1,1,190.1,24.6,1,1,1,0,0
64,2,1,1,4447.75,69.25,0,2,1,1,0
2,0,2,0,143.35,75.9,1,1,1,0,1
1,0,1,1,45.85,45.85,1,1,1,1,1
16,0,1,0,810.2,49.95,1,2,2,1,1
72,2,0,2,1830.05,24.65,0,0,0,1,0
30,1,2,2,2820.65,90.4,0,1,1,0,0
49,0,2,1,4847.35,100.85,1,2,2,1,0
61,2,1,2,4729.3,75.35,0,1,2,1,0
47,0,2,0,4017.45,87.2,0,2,1,1,0
20,0,1,2,1398.6,64.4,0,1,2,0,0
34,0,2,0,2564.3,78.3,0,2,1,1,1
70,2,0,2,1685.9,24.7,0,0,0,1,0
54,1,2,0,5826.65,105.85,1,2,2,0,0
61,1,2,1,6066.55,98.3,1,2,1,1,0
3,0,2,0,228.4,76.95,1,1,1,0,1
13,1,0,1,270.2,19.45,0,0,0,0,0
16,0,2,0,1529.2,96.15,1,2,2,0,1
3,0,1,2,168.6,58.7,1,2,1,1,0
25,0,0,1,536.35,20.15,1,0,0,0,0
30,0,1,1,1888.45,64.5,1,1,2,0,0
21,0,1,0,629.35,28.5,0,1,1,1,0
1,0,1,0,45.3,45.3,0,1,1,0,1
15,0,0,2,289.3,19.4,0,0,0,0,1
23,0,2,0,2117.25,90.45,1,2,2,1,0
45,0,2,0,4730.9,105.15,1,2,2,1,0
24,1,2,2,2033.05,83.15,0,1,1,1,0
11,0,2,0,987.95,90.15,0,2,1,0,1
1,0,1,1,45.05,45.05,0,1,1,0,1
56,2,2,2,5744.35,103.2,0,2,2,1,0
1,0,2,0,75.8,75.8,0,1,1,0,1
1,0,0,0,19.45,19.45,0,0,0,0,0
7,0,2,0,523.15,79.3,1,1,2,0,1
55,2,2,2,4805.3,88.8,0,2,1,1,0
2,0,1,0,59.05,30.9,1,1,1,0,1
72,2,1,2,6110.75,85.9,1,2,2,1,0
45,1,1,0,1596.6,34.2,0,1,2,0,0
47,2,0,1,1046.2,20.15,0,0,0,0,0
46,1,2,2,4424.2,95.25,0,2,2,0,1
2,0,1,1,92.75,50.3,1,1,1,0,0
2,0,2,0,194.55,80.15,1,1,1,1,0
12,0,1,0,612.1,51.25,1,1,1,1,0
68,0,2,2,6127.6,89.6,1,1,2,1,1
69,2,2,2,6671.7,95.2,1,2,2,1,0
56,1,2,2,5264.3,94.8,0,2,2,0,0
4,0,2,0,303.7,80.25,1,1,1,0,0
64,2,1,2,4818.8,76.1,1,2,1,1,0
59,1,2,0,6448.05,110.15,1,2,2,1,1
62,2,2,2,7159.05,115.55,0,2,2,1,0
63,2,0,2,1574.5,24.65,0,0,0,1,0
53,1,1,0,2879.2,53.6,1,2,1,0,0
5,0,0,1,86.05,19.45,0,0,0,1,0
49,0,2,0,4159.45,88.2,1,1,1,1,0
62,2,2,2,6638.35,101.15,1,2,2,1,0
55,2,1,1,3112.05,56.8,0,1,1,1,0
71,2,2,0,7168.25,99.4,1,2,1,1,0
72,2,0,2,1326.25,20.1,1,0,0,1,0
36,1,1,2,2234.55,60.7,0,2,2,1,0
25,1,0,2,495.15,20.95,1,0,0,1,0
72,2,2,2,8317.95,114.85,1,2,2,1,0
36,1,0,2,679.8,19.25,1,0,0,0,0
1,0,1,1,62.8,62.8,1,2,2,0,0
72,2,2,0,7544.0,105.5,1,2,2,1,0
59,2,0,1,1188.25,19.85,0,0,0,1,0
7,0,2,0,676.7,89.5,1,2,2,1,1
1,1,1,2,74.1,74.1,0,2,2,0,0
30,0,2,0,3242.5,107.5,1,2,2,1,0
64,2,0,1,1240.15,19.55,0,0,0,0,0
63,1,1,2,4111.35,68.8,0,1,1,0,0
72,2,1,2,5899.85,84.45,0,2,2,1,0
8,0,2,0,632.95,75.0,0,1,1,1,1
62,2,1,2,5193.2,84.5,0,2,2,0,0
67,2,2,2,7530.8,111.2,1,2,2,1,0
6,0,1,0,270.95,44.75,0,1,1,0,1
70,2,1,2,5460.2,80.6,1,2,2,1,0
20,0,2,2,1614.2,80.7,0,2,1,0,0
5,0,2,0,402.5,75.6,0,1,1,0,0
24,1,1,0,1367.75,57.6,0,2,2,1,0
11,0,1,0,483.7,44.05,1,1,1,1,1
72,2,2,2,7962.2,110.6,1,2,2,1,0
66,2,1,2,3810.8,58.2,1,1,1,1,0
45,2,1,1,3533.6,81.0,1,2,2,1,0
69,2,0,2,1396.9,19.7,0,0,0,1,0
15,0,2,2,1345.55,85.6,1,1,2,1,1
28,0,1,2,1646.45,59.55,1,2,1,0,0
70,1,2,2,8127.6,115.55,0,2,2,0,1
36,1,1,1,2680.15,75.55,1,1,2,0,0
16,0,2,0,1281.0,86.6,1,2,1,0,1
18,0,2,0,1553.9,85.2,1,2,1,0,1
34,0,2,0,3207.55,97.65,1,2,2,1,1
42,1,1,2,2049.05,45.1,1,1,2,1,0
48,1,1,2,3629.2,70.95,1,1,2,0,0
47,0,2,0,5124.55,109.55,1,2,2,1,1
39,1,2,0,3474.45,89.55,1,1,1,1,1
11,2,0,2,202.3,20.9,0,0,0,1,0
7,0,0,1,147.5,19.95,1,0,0,0,0
3,0,0,1,86.35,24.6,0,0,0,0,0
8,0,1,0,579.0,66.7,1,1,2,0,0
1,0,0,1,19.45,19.45,1,0,0,0,1
32,1,2,1,3131.55,94.8,0,1,2,1,0
60,1,1,2,3928.3,65.85,1,1,1,1,0
10,0,0,2,187.75,19.95,1,0,0,1,0
71,2,0,2,1710.15,24.65,1,0,0,1,0
4,0,0,1,76.35,20.35,0,0,0,1,1
1,0,2,0,69.25,69.25,1,1,1,0,1
43,1,1,2,2151.6,51.25,1,2,1,1,0
59,1,2,2,5961.1,99.5,1,2,2,1,1
23,0,1,0,1221.55,54.25,0,1,1,1,0
72,2,0,2,1496.45,19.4,0,0,0,1,0
22,1,1,2,1292.2,56.25,1,1,1,1,0
1,0,1,1,25.15,25.15,1,1,1,0,0
69,2,0,2,1713.1,23.95,0,0,0,0,0
50,1,1,1,1748.9,35.4,1,1,1,0,0
1,0,1,0,25.2,25.2,1,1,1,0,1
2,0,1,1,96.45,45.0,1,1,1,0,1
15,0,2,2,1114.55,75.35,0,1,1,1,0
31,2,0,2,609.1,20.4,0,0,0,0,0
1,0,0,1,20.15,20.15,0,0,0,0,1
66,0,2,2,7133.25,105.0,1,2,2,1,1
3,0,1,2,169.45,54.7,1,2,1,0,1
8,2,0,1,141.6,20.0,0,0,0,0,0
64,1,1,2,4688.65,73.05,1,2,2,1,0
28,0,0,1,563.05,20.5,0,0,0,1,0
57,1,2,2,5985.0,100.75,1,2,2,1,0
14,0,2,0,1258.6,87.25,1,1,2,1,1
19,2,0,1,373.5,19.95,1,0,0,0,0
10,0,2,0,857.2,79.95,1,2,1,1,1
51,0,1,0,2553.35,49.65,1,2,2,1,0
67,2,1,1,4322.85,65.65,0,1,1,1,0
11,0,0,0,250.8,20.45,1,0,0,1,0
72,2,1,2,4549.05,60.95,0,2,2,1,0
66,1,0,0,1359.5,20.35,1,0,0,1,0
18,0,2,0,1639.3,88.35,1,2,1,0,1
9,0,0,0,178.85,19.5,1,0,0,0,0
9,0,2,2,633.85,75.2,1,1,1,0,0
48,0,2,2,5315.1,111.45,1,2,2,1,0
10,0,2,1,735.5,70.15,0,1,1,0,0
9,0,2,0,889.9,94.75,1,2,2,0,1
13,0,2,0,1290.0,95.05,1,2,2,0,1
4,0,2,0,330.05,78.45,0,1,1,0,1
4,0,2,0,237.95,70.2,1,1,1,0,1
72,2,1,2,6474.4,92.0,0,2,2,1,0
51,2,1,2,4421.95,85.5,0,2,2,1,0
59,0,1,2,2452.7,41.05,1,1,2,1,1
10,0,2,0,813.85,85.6,1,2,1,1,1
61,0,2,0,4904.85,82.15,1,1,1,1,0
54,1,2,0,4484.05,84.4,0,1,1,0,0
33,0,1,1,2033.85,60.9,1,1,1,0,0
27,2,0,2,538.2,20.25,1,0,0,0,0
1,0,2,0,79.2,79.2,1,2,1,0,1
23,0,2,1,2192.9,95.3,0,2,2,0,0
1,0,0,1,19.85,19.85,0,0,0,0,0
45,2,1,1,3858.05,84.35,1,2,2,1,0
39,2,0,2,854.8,19.85,1,0,0,1,0
5,1,1,1,347.4,70.0,1,2,2,0,1
72,2,1,2,5815.15,82.3,0,2,1,1,0
58,0,1,2,3970.4,66.8,1,2,1,1,0
70,2,1,2,3058.15,44.6,1,1,1,0,0
61,1,2,2,6145.2,98.45,1,2,2,1,0
2,0,2,1,129.2,70.7,0,1,1,0,0
46,1,0,1,1165.9,24.95,0,0,0,1,0
1,0,1,2,49.95,49.95,1,1,1,0,1
22,0,2,0,1554.0,69.25,1,1,1,1,1
48,2,2,2,4904.25,102.5,1,2,2,0,0
64,2,1,2,5632.55,86.55,0,2,2,0,0
72,2,0,2,1643.25,24.3,0,0,0,1,0
12,0,1,2,740.55,58.35,1,2,1,1,0
34,0,2,0,3217.55,94.25,1,1,2,1,1
72,2,1,2,4888.2,68.75,0,1,2,1,0
29,0,2,0,2440.25,85.8,1,1,1,1,0
33,1,0,2,620.55,20.1,0,0,0,1,0
1,0,0,1,20.35,20.35,0,0,0,0,0
62,1,2,0,6840.95,110.8,1,2,2,1,0
41,1,1,0,3001.2,73.0,1,2,2,1,1
64,1,2,2,6254.2,100.05,1,2,2,0,1
4,0,2,2,319.6,82.85,1,1,2,0,0
24,0,2,0,1938.05,84.35,1,1,1,0,0
14,1,0,1,294.5,19.55,0,0,0,1,0
3,0,0,1,58.3,19.95,0,0,0,0,0
4,0,2,2,442.85,99.8,1,2,2,0,1
18,0,1,0,553.0,35.0,1,1,2,0,1
8,0,1,0,546.45,66.25,1,2,2,0,0
35,2,0,2,797.1,23.3,0,0,0,0,0
1,0,2,0,76.0,76.0,0,1,1,0,1
66,2,0,2,1673.8,25.3,1,0,0,0,0
8,2,1,1,343.45,44.55,1,1,2,0,0
71,1,2,2,7412.25,104.1,1,2,2,1,0
43,0,2,2,4039.0,92.55,1,1,2,1,0
2,0,2,0,170.85,93.85,1,2,2,0,1
29,0,2,2,2948.6,101.45,1,2,2,0,0
15,0,2,0,1308.4,84.3,1,2,1,1,1
65,2,2,2,6078.75,94.55,0,1,1,1,0
35,0,2,0,3418.2,95.5,0,2,1,0,0
64,1,2,2,6603.8,100.3,1,2,2,0,0
58,2,1,2,3166.9,55.5,1,2,2,1,0
18,0,1,2,865.75,49.85,1,1,1,0,0
67,0,2,2,6373.1,89.55,1,1,2,1,0
63,2,0,1,1177.05,19.15,1,0,0,1,0
60,0,2,0,5985.75,99.8,1,2,2,1,0
9,0,2,2,732.5,84.4,1,1,2,0,1
70,2,2,2,7869.05,113.05,1,2,2,1,0
15,0,2,0,1504.05,101.1,1,2,2,1,1
48,1,0,1,936.7,19.95,0,0,0,0,0
12,0,1,0,741.4,74.15,1,2,2,1,0
71,1,2,0,6585.2,92.0,1,1,1,1,0
44,0,2,0,3122.4,73.85,0,1,1,0,0
1,0,1,0,50.45,50.45,1,1,1,0,1
45,2,0,1,1088.25,24.45,0,0,0,1,0
23,1,0,2,615.35,24.8,0,0,0,0,0
43,1,1,2,2908.2,64.85,1,2,1,1,0
35,0,0,2,739.9,20.75,0,0,0,0,0
9,0,1,1,593.85,68.95,1,2,1,1,0
12,0,2,1,1132.75,99.95,1,2,2,0,1
65,0,2,2,7227.45,109.4,1,2,2,1,0
2,0,2,0,193.6,91.4,1,2,1,0,1
27,0,1,1,1291.35,49.0,0,1,1,0,0
40,1,1,1,2023.55,50.25,1,1,1,0,0
5,0,2,2,349.65,75.55,1,1,1,0,1
8,1,0,2,153.95,19.9,0,0,0,1,0
58,1,2,2,5458.8,97.8,1,2,2,1,0
52,1,2,0,5244.45,100.3,0,2,2,1,0
3,0,1,1,154.55,55.8,1,1,1,1,0
41,2,2,0,4507.15,111.15,1,2,2,0,0
20,0,2,1,2031.95,98.55,1,2,2,0,0
1,0,1,0,50.05,50.05,1,1,1,0,0
4,0,2,2,332.45,80.8,0,1,1,0,1
23,0,0,0,473.9,20.85,0,0,0,0,0
6,0,0,2,106.8,19.5,0,0,0,0,0
8,0,0,1,152.6,19.35,1,0,0,1,0
18,0,1,1,1199.4,69.5,0,2,1,0,0
52,0,1,2,2555.05,48.8,1,2,2,0,0
31,0,2,0,2979.2,94.5,1,2,2,0,0
29,0,0,1,654.85,20.65,1,0,0,1,0
36,2,2,2,3834.4,106.05,1,1,2,1,0
16,0,2,0,1534.75,100.0,1,2,2,1,1
42,1,2,0,4586.15,108.3,1,2,2,1,0
1,0,0,0,20.55,20.55,0,0,0,0,1
60,2,2,0,5941.05,99.65,1,2,2,0,0
5,0,2,0,424.15,85.3,1,1,1,0,1
22,0,2,2,2234.95,95.9,0,2,1,1,0
36,1,0,1,666.75,20.0,0,0,0,1,0
4,0,2,0,281.0,70.4,0,1,1,0,1
9,0,1,1,547.8,64.95,0,1,2,0,0
1,0,2,2,74.6,74.6,0,1,1,1,0
12,0,1,0,571.15,49.2,1,1,1,1,0
23,1,1,1,1756.6,73.75,1,2,2,0,0
62,1,2,2,5731.45,92.3,1,1,2,0,0
37,0,2,2,3475.55,98.8,0,2,2,0,1
8,0,0,1,156.85,19.2,0,0,0,0,0
31,0,2,2,2683.2,88.65,0,2,1,1,0
13,0,2,2,896.75,74.4,1,1,1,1,1
24,0,2,0,2407.3,98.75,1,2,2,0,1
45,0,2,2,4456.65,95.95,1,1,2,1,0
69,2,2,2,6998.95,105.4,0,2,2,1,0
2,0,0,1,36.8,20.25,0,0,0,0,0
61,1,2,0,6547.7,106.0,1,2,2,1,1
41,0,2,0,4346.4,104.7,1,2,2,0,1
44,1,1,0,2265.0,49.05,1,2,2,0,0
39,1,1,1,1309.15,35.55,0,1,1,0,0
72,2,1,2,4754.3,65.1,1,2,2,1,0
13,0,2,0,1235.55,96.85,1,2,2,0,0
51,1,1,2,3562.5,69.75,1,1,2,1,0
71,2,2,0,7213.75,99.2,1,2,2,1,0
22,0,2,0,2082.95,96.7,1,2,2,0,1
2,0,1,2,102.75,55.05,1,1,1,0,1
56,1,2,0,5914.4,106.8,1,2,2,0,0
1,0,1,1,51.25,51.25,0,1,1,0,0
23,1,1,1,1282.85,57.75,1,1,1,1,0
66,1,1,2,4738.85,70.85,1,2,1,1,0
1,0,0,1,19.55,19.55,0,0,0,0,0
19,0,2,0,1775.8,88.2,1,2,1,0,1
11,0,2,2,795.65,79.5,1,1,1,0,0
8,1,0,1,145.0,19.75,1,0,0,1,1
52,0,2,2,4993.4,98.15,0,1,2,1,0
3,0,0,0,61.45,20.25,1,0,0,0,0
51,0,2,2,4018.55,79.15,1,1,1,1,0
15,0,2,0,1146.65,75.65,0,1,1,0,1
64,0,2,0,6081.4,94.25,1,1,2,1,0
37,0,1,2,1478.85,40.2,1,1,2,0,0
13,2,0,1,243.65,19.95,0,0,0,0,0
49,1,1,0,2633.95,55.35,1,1,1,1,0
45,1,2,2,4735.35,102.15,1,2,2,0,0
18,0,2,0,1247.75,71.1,1,1,1,0,0
1,0,2,0,74.7,74.7,1,1,1,0,1
68,2,1,2,3794.5,54.1,1,2,2,1,0
54,2,0,2,1008.7,19.65,0,0,0,0,0
23,0,2,2,2130.55,88.45,1,1,2,1,0
17,0,2,0,1313.55,76.65,1,1,1,0,1
71,2,1,2,5727.15,80.4,0,1,2,1,0
67,2,0,2,1372.9,19.25,1,0,0,1,0
14,0,2,0,1203.9,84.8,1,2,1,1,0
1,0,1,1,25.8,25.8,1,1,1,0,1
63,2,0,2,1215.1,19.5,0,0,0,0,0
41,1,1,0,2877.05,68.6,1,1,2,0,0
17,0,2,0,1579.7,92.6,0,2,2,1,0
56,1,2,0,5514.95,100.55,1,2,2,1,0
5,0,0,2,96.1,20.55,0,0,0,0,0
2,0,1,0,72.4,42.6,1,1,2,0,1
3,0,0,1,55.25,19.6,1,0,0,1,0
37,1,1,0,2443.3,67.45,0,1,1,0,0
29,0,1,2,1970.5,68.85,1,1,2,0,1
8,0,1,1,335.4,43.55,0,1,1,0,0
63,0,2,2,7002.95,109.85,1,2,2,0,0
7,0,0,1,158.95,20.65,0,0,0,1,0
3,0,2,0,293.15,95.4,0,2,2,0,0
72,2,0,2,1493.75,21.0,0,0,0,1,0
19,0,1,0,1093.4,56.2,1,1,2,0,0
59,2,0,2,1057.85,18.4,0,0,0,1,0
2,0,2,2,190.05,90.0,0,1,2,1,1
35,0,0,0,882.55,25.75,1,0,0,1,0
14,0,0,2,300.4,19.6,0,0,0,0,0
14,0,2,0,1025.95,75.35,0,1,1,0,1
69,2,0,2,1436.95,19.8,0,0,0,1,0
7,0,1,0,475.0,64.2,0,1,1,1,0
69,2,1,2,5388.15,75.75,1,2,1,1,0
72,2,1,0,5730.15,78.95,1,2,2,1,0
8,0,2,0,819.55,100.85,0,2,2,0,1
4,0,1,0,217.1,50.3,0,1,1,1,0
63,0,2,2,4896.35,80.3,1,1,1,1,0
72,2,0,2,1434.1,19.85,0,0,0,0,0
46,2,0,0,937.1,21.1,1,0,0,0,0
5,0,2,0,330.15,69.95,0,1,1,1,1
30,0,1,1,1474.9,50.0,1,1,1,1,0
63,2,2,2,6536.5,104.75,1,2,2,0,0
60,2,0,2,1128.1,19.85,0,0,0,0,0
63,1,2,0,6873.75,107.5,1,2,2,1,1
25,0,2,0,2199.05,85.9,0,2,1,1,0
1,0,1,1,45.85,45.85,1,1,1,0,1
6,0,2,0,457.1,80.8,1,1,1,1,0
22,2,0,1,566.5,25.25,0,0,0,0,0
31,2,1,2,2471.6,80.55,0,2,2,1,0
39,0,2,2,3107.3,81.5,1,1,1,1,0
26,0,0,1,518.3,20.9,0,0,0,0,0
53,1,2,2,5769.75,106.1,1,2,2,1,1
1,0,2,0,91.7,91.7,0,2,1,0,1
12,0,1,0,832.3,67.25,1,1,1,0,0
16,0,2,2,1555.65,95.6,1,1,2,0,1
2,0,0,1,45.3,20.35,0,0,0,0,0
39,1,1,2,1790.6,45.05,0,2,1,0,0
1,0,2,0,74.95,74.95,1,1,1,0,1
7,0,1,1,246.6,34.65,0,1,1,1,0
4,0,2,0,261.65,69.35,0,1,1,0,0
10,0,2,0,898.35,95.35,1,2,2,0,1
55,0,2,0,4509.5,81.55,1,1,1,0,0
72,2,1,2,5480.25,75.4,1,2,2,1,0
10,0,1,2,653.15,67.8,1,2,2,1,0
11,0,2,0,1183.05,111.4,1,2,2,0,0
15,0,1,0,639.45,46.3,0,1,1,1,0
23,2,0,2,478.75,20.4,0,0,0,1,0
1,0,0,1,20.05,20.05,0,0,0,0,0
3,0,1,0,127.1,45.0,0,1,1,0,1
47,1,2,0,4391.45,96.1,1,1,2,1,0
15,1,0,1,270.6,19.65,0,0,0,0,0
66,0,2,0,6710.5,99.5,0,2,2,0,1
68,1,1,2,3975.9,60.65,1,1,1,1,0
17,1,2,2,1704.95,98.6,0,2,2,1,1
7,0,1,1,415.95,59.5,1,2,1,0,1
12,0,2,0,950.2,80.45,1,1,2,1,1
21,1,1,2,1497.05,71.7,0,1,2,1,0
21,0,1,1,780.15,36.0,1,1,1,0,0
56,1,1,2,3512.15,65.2,0,2,1,1,0
6,0,1,2,273.25,48.95,1,1,1,1,0
65,2,1,2,3517.9,53.5,1,2,2,0,0
42,1,1,2,3375.9,80.45,0,2,2,1,0
68,2,2,2,7508.55,109.05,1,2,2,1,0
48,2,0,2,1245.05,26.3,0,0,0,1,0
50,1,2,0,5347.95,106.8,1,2,2,0,0
7,0,1,0,493.65,64.95,1,2,1,0,0
63,2,0,0,1263.85,19.35,0,0,0,1,0
17,0,0,2,385.55,21.1,0,0,0,0,0
42,0,2,2,3384.0,77.95,1,2,1,1,1
4,0,0,1,84.2,18.85,0,0,0,1,0
62,2,0,2,1638.7,26.0,0,0,0,0,0
2,0,2,0,165.4,74.7,1,1,1,0,1
2,0,2,0,120.25,70.35,1,1,1,1,0
48,2,2,2,4473.45,96.9,1,2,1,1,0
27,2,0,2,520.55,19.55,0,0,0,1,0
70,2,1,2,5717.85,80.4,1,2,2,1,0
1,0,2,0,88.8,88.8,1,2,1,0,1
46,1,2,0,4312.5,94.65,1,2,1,1,0
30,0,2,0,2755.35,90.25,1,2,2,0,1
15,0,1,2,994.55,64.65,1,1,2,0,1
69,1,2,2,6511.25,95.75,0,2,1,1,0
65,2,0,2,1218.65,19.55,1,0,0,0,0
72,2,2,2,7447.7,104.1,1,2,2,1,0
13,0,2,2,1169.35,89.05,1,1,2,1,1
17,1,0,1,279.5,20.1,1,0,0,0,0
51,1,2,0,5720.35,111.55,1,2,2,1,0
51,2,1,2,3121.45,60.5,0,1,1,1,0
72,2,1,2,6468.6,90.95,1,2,2,1,0
67,1,2,0,5918.8,87.4,0,1,1,1,1
34,0,0,1,675.6,19.7,0,0,0,0,0
67,2,1,2,3521.7,50.95,1,1,2,1,0
49,1,0,2,923.1,20.05,1,0,0,1,0
53,2,0,1,1110.35,19.4,1,0,0,1,0
27,0,1,0,1611.65,59.45,0,1,1,0,0
23,0,2,0,2293.6,94.75,1,2,2,0,1
69,2,1,2,5553.25,81.5,1,1,2,0,0
2,0,1,2,44.75,29.05,0,1,1,1,0
35,0,2,0,3029.1,86.45,1,2,1,0,1
46,1,1,1,3231.05,70.6,0,1,2,1,0
54,2,2,2,5129.45,97.2,1,2,2,0,0
56,1,2,0,5508.35,98.25,1,2,2,1,1
9,0,2,2,655.9,75.75,1,1,1,1,1
20,0,1,2,1191.2,59.2,0,1,1,0,0
11,0,2,1,866.4,75.9,1,1,1,0,0
30,0,2,0,2627.2,90.05,1,2,1,1,0
68,2,1,2,4741.45,70.95,0,1,2,1,0
38,0,2,0,4009.2,102.6,1,2,2,1,0
17,0,2,2,1463.45,85.35,1,1,1,1,1
48,1,2,2,5082.8,106.1,1,2,2,0,1
1,0,1,0,43.8,43.8,0,1,1,0,0
63,2,1,0,3707.6,59.0,0,2,2,1,0
3,1,1,0,220.45,69.95,1,2,2,0,0
48,1,0,2,1133.7,24.35,0,0,0,0,0
66,1,1,2,1983.15,29.45,0,1,1,0,0
68,2,2,2,5746.75,84.4,1,1,1,1,0
17,0,1,0,770.6,45.05,1,1,1,0,1
7,1,0,1,134.05,20.65,0,0,0,1,0
72,2,1,2,6230.1,87.1,1,2,2,1,0
29,0,0,1,573.05,19.85,0,0,0,1,0
37,0,2,0,3419.3,90.35,1,1,2,1,0
34,0,2,1,3587.25,109.8,1,2,2,0,1
42,0,2,0,3541.35,84.65,1,2,1,0,1
59,1,1,1,3801.3,65.5,0,1,1,1,0
11,0,2,2,868.5,79.5,1,2,1,1,1
60,0,2,0,4859.1,80.95,1,1,1,1,0
27,0,1,1,1439.35,56.15,1,1,1,0,0
1,0,2,1,85.8,85.8,0,1,2,0,1
1,0,2,0,79.1,79.1,1,2,1,0,1
17,0,1,1,592.75,34.4,0,1,1,1,0
58,2,0,1,1185.95,20.75,0,0,0,1,0
1,1,0,1,18.8,18.8,0,0,0,1,0
3,0,1,1,134.5,44.3,0,1,1,1,1
53,0,2,0,4921.2,90.8,0,1,1,0,0
35,0,0,0,901.25,25.6,1,0,0,0,0
50,0,2,2,5341.8,105.95,0,2,2,1,1
68,2,1,2,4859.95,70.8,0,1,2,1,0
47,0,0,0,1139.2,25.4,0,0,0,1,0
65,0,2,2,7082.45,108.8,1,2,2,1,0
5,0,2,0,324.6,69.75,1,1,1,0,1
51,0,2,0,4812.75,94.65,1,2,2,1,1
46,0,2,2,4399.5,96.05,0,2,2,0,1
9,0,2,0,663.55,76.85,1,1,1,0,0
8,2,0,1,174.65,20.25,0,0,0,0,0
14,1,0,2,321.7,24.8,1,0,0,0,0
45,0,2,0,5125.5,115.65,1,2,2,0,0
8,0,2,2,548.9,74.6,1,1,1,0,0
1,0,1,1,50.15,50.15,1,1,1,0,1
66,1,2,2,7031.3,103.15,1,2,2,1,0
72,2,1,2,5016.65,72.1,0,1,1,1,0
41,0,2,2,4594.95,113.6,1,2,2,1,1
23,2,0,1,611.45,25.1,0,0,0,1,0
29,0,2,0,2384.15,78.9,1,2,1,0,1
4,0,2,0,319.85,80.15,1,1,1,0,0
6,2,0,1,153.3,25.4,0,0,0,1,0
67,1,2,2,7035.6,105.4,1,1,2,1,0
7,0,1,1,344.2,45.75,1,1,1,0,0
56,1,0,1,1431.65,24.45,1,0,0,1,0
72,2,0,2,1849.2,25.0,0,0,0,1,0
72,2,1,0,6083.1,85.25,1,2,2,1,0
23,2,0,2,426.65,19.6,0,0,0,1,0
35,0,1,1,1655.35,50.15,0,1,1,0,0
27,0,2,0,1943.9,70.55,1,1,1,1,0
26,0,1,0,1616.15,60.05,1,1,1,1,1
12,1,0,1,314.95,26.4,0,0,0,1,0
40,2,0,1,804.85,20.15,0,0,0,0,0
7,0,1,1,465.7,58.85,0,2,2,1,0
70,0,2,2,6669.05,97.55,1,2,1,1,0
60,2,0,2,1161.75,19.65,0,0,0,1,0
39,1,1,2,947.75,25.25,1,1,1,1,0
72,2,2,2,8375.05,114.45,0,2,2,1,0
1,0,1,0,34.7,34.7,1,2,1,0,1
54,1,1,0,3770.0,70.7,1,2,1,1,0
3,0,2,0,264.8,85.3,1,1,2,0,1
63,2,1,2,4707.85,75.55,0,2,1,1,0
71,2,2,0,6152.4,84.8,1,1,1,1,0
42,1,0,1,958.1,20.65,1,0,0,0,0
47,2,0,2,943.0,20.45,0,0,0,0,0
66,1,2,2,6615.15,102.45,1,2,2,1,1
21,0,2,2,2200.25,104.4,1,2,2,1,1
11,0,1,0,425.1,35.65,1,1,1,0,0
1,0,2,0,99.75,99.75,1,2,2,0,1
55,0,2,0,5044.8,90.45,0,1,1,1,0
69,2,2,2,6743.55,97.65,1,2,1,0,0
3,0,2,0,196.4,73.85,0,1,1,0,0
4,0,1,0,299.7,74.4,1,2,2,0,1
30,2,1,2,2093.9,69.1,1,2,1,0,0
5,0,2,0,417.75,82.75,1,1,1,0,0
71,2,0,2,1725.4,24.4,1,0,0,1,0
29,1,1,0,1620.2,55.25,1,1,1,0,0
52,0,1,2,3169.55,61.35,0,1,1,1,0
68,1,1,2,5233.25,76.75,0,1,2,0,0
46,2,0,1,967.85,19.4,0,0,0,1,0
8,0,1,2,438.05,54.75,1,1,2,0,0
72,2,0,2,1421.9,19.7,0,0,0,1,0
17,1,0,2,323.15,19.9,0,0,0,0,0
3,0,2,0,318.6,107.95,1,2,2,0,0
2,0,2,2,163.7,83.8,1,2,1,0,0
9,0,2,2,639.65,74.25,1,1,1,0,1
51,1,1,2,2928.5,56.4,1,2,2,0,0
6,2,0,1,100.35,20.1,0,0,0,1,0
3,0,2,0,273.2,94.9,0,2,2,1,0
17,0,2,0,1608.15,94.2,1,2,2,0,0
30,0,1,0,1441.95,49.9,0,1,1,1,0
31,0,1,0,2168.15,71.05,1,2,1,0,0
45,2,1,2,3618.7,81.65,0,2,2,0,0
64,1,2,2,5692.65,89.45,0,1,1,1,0
1,0,1,0,59.85,59.85,1,2,1,0,1
1,0,2,0,69.6,69.6,1,1,1,0,1
61,1,2,0,5969.3,99.0,0,2,2,1,0
1,0,0,1,19.05,19.05,0,0,0,0,0
9,0,1,0,418.8,45.4,1,2,2,0,1
72,2,2,2,8100.55,114.45,0,2,2,1,0
1,0,0,1,19.5,19.5,0,0,0,0,1
7,0,1,1,313.45,44.25,1,1,1,1,0
66,1,2,2,6130.95,90.55,1,1,1,1,0
1,0,2,0,69.9,69.9,1,1,1,0,1
40,0,0,2,745.3,20.4,1,0,0,1,0
16,0,1,2,1212.1,71.4,1,1,2,0,0
2,0,2,2,183.75,87.15,1,2,1,0,1
67,2,0,2,1583.5,24.85,0,0,0,1,0
41,1,2,2,4162.05,104.45,1,2,2,1,0
56,2,0,2,1119.9,19.8,1,0,0,1,0
72,2,2,2,8013.55,116.45,1,2,2,0,0
3,0,2,2,264.85,84.75,1,1,2,1,1
54,2,0,2,1102.4,20.05,0,0,0,1,0
52,0,2,0,5832.0,110.75,1,2,2,0,0
50,2,2,2,4304.5,89.7,1,1,2,0,0
14,0,2,0,1178.4,89.95,1,2,1,0,1
27,1,1,2,1421.75,48.7,0,1,1,1,0
72,2,2,2,6827.5,96.6,1,1,1,1,0
62,1,1,2,4698.05,74.3,1,2,2,0,0
12,0,1,0,654.5,54.3,1,1,1,0,0
44,1,1,2,3268.05,74.85,0,2,2,0,0
54,2,2,2,4362.05,79.95,1,1,1,1,0
68,2,0,2,1386.9,20.05,0,0,0,0,0
20,0,0,1,415.4,19.4,0,0,0,0,0
50,1,1,2,2614.1,54.9,0,1,1,1,0
58,2,0,2,1513.6,24.45,1,0,0,0,0
35,0,2,2,3161.6,89.65,1,2,1,1,0
2,0,1,0,80.95,45.4,1,1,1,0,0
63,2,1,1,4676.7,75.7,0,1,2,1,0
58,1,2,2,6526.65,110.65,1,2,2,1,0
27,1,0,1,583.3,20.55,1,0,0,1,0
71,2,2,2,8078.1,115.15,1,2,2,1,0
63,1,1,2,3503.5,58.55,0,1,2,0,0
71,0,2,2,6669.45,93.25,1,1,2,1,0
41,0,2,0,4689.5,113.2,1,2,2,0,1
13,0,2,0,1201.15,90.5,1,2,2,0,1
2,0,2,0,143.65,79.0,0,2,1,0,1
68,2,0,2,1292.65,19.35,1,0,0,1,0
1,0,1,1,48.75,48.75,1,1,1,1,0
65,2,2,0,7108.2,109.05,1,2,2,0,0
72,2,0,2,1802.55,25.0,1,0,0,1,0
28,0,1,2,1505.15,54.9,1,1,1,0,0
72,2,0,2,1859.1,24.75,0,0,0,1,0
2,0,2,0,168.5,91.15,1,2,1,0,0
18,1,0,2,390.85,20.15,0,0,0,0,1
60,1,2,0,6339.45,104.35,1,2,2,1,0
26,0,1,0,1652.4,66.05,1,1,2,0,0
1,0,2,0,71.65,71.65,1,1,1,0,1
4,0,0,1,77.5,20.35,0,0,0,0,1
68,2,1,2,6392.85,92.2,1,2,2,1,0
38,0,2,2,3264.5,84.25,1,1,1,0,1
42,1,2,2,4599.15,105.2,1,2,2,1,0
57,2,0,2,1134.25,19.6,1,0,0,1,0
54,0,1,0,1621.35,30.4,0,1,1,1,0
12,0,2,2,947.3,78.1,0,1,2,0,1
44,1,1,1,2722.2,61.5,1,1,1,1,0
42,0,1,2,3058.3,69.4,1,2,1,1,0
72,2,0,2,1769.6,24.75,0,0,0,1,0
71,2,1,1,6293.75,91.05,0,2,2,1,0
19,0,2,1,1761.05,89.65,0,1,2,1,1
23,0,1,2,1642.75,73.65,1,2,2,1,0
30,2,0,2,578.5,19.4,0,0,0,0,0
35,1,0,2,954.9,26.2,0,0,0,0,0
10,0,2,0,973.25,98.7,1,2,2,0,1
1,0,1,2,43.85,43.85,1,1,1,0,0
22,0,2,1,1490.4,69.7,1,1,1,0,0
7,2,1,1,280.0,38.55,0,1,1,1,0
36,2,1,1,1901.25,53.1,1,1,2,0,0
34,0,0,1,716.4,20.65,0,0,0,1,0
72,2,1,2,4720.0,64.45,0,1,1,1,0
36,2,0,2,930.95,25.1,0,0,0,1,0
1,0,2,0,76.35,76.35,0,1,1,0,1
23,0,2,0,1676.95,79.15,1,1,1,0,1
32,0,2,0,2642.05,85.0,1,1,2,1,1
71,1,2,2,6770.85,95.15,1,1,1,1,0
23,0,2,1,1835.3,79.35,1,1,1,0,0
17,1,2,2,1588.25,96.65,1,2,2,1,0
1,0,1,0,75.5,75.5,1,2,2,0,0
12,2,0,1,258.35,19.7,0,0,0,1,0
72,2,0,2,1502.25,20.5,0,0,0,1,0
1,0,0,1,19.2,19.2,0,0,0,0,0
72,2,2,2,6929.4,98.35,0,2,2,1,0
60,0,2,2,4453.3,74.35,0,1,1,1,0
61,2,1,2,3244.4,51.35,0,2,1,1,0
6,0,1,1,323.45,45.65,0,1,1,1,0
32,0,2,0,2661.1,85.3,0,1,2,1,1
31,0,2,2,2697.4,86.55,1,2,1,0,1
19,0,2,2,1424.5,73.85,1,1,1,0,1
72,2,0,2,1401.15,20.3,0,0,0,1,0
32,0,1,0,1739.6,54.2,1,1,1,0,0
65,0,2,0,5931.0,90.65,1,1,2,1,0
45,0,1,2,2333.85,50.9,1,2,2,1,0
42,1,0,0,949.85,25.05,0,0,0,0,0
8,0,2,0,572.45,74.85,1,1,1,0,0
32,2,0,1,696.8,20.5,0,0,0,0,0
22,0,1,1,1381.8,63.55,1,1,1,1,0
57,0,1,0,2572.95,44.85,1,2,2,1,1
1,0,1,0,47.95,47.95,0,1,1,0,0
1,0,1,0,45.1,45.1,0,1,1,0,1
1,0,1,0,45.0,45.0,1,1,1,1,0
24,0,2,0,2122.45,96.0,1,2,2,0,1
1,0,0,2,20.05,20.05,0,0,0,0,1
54,0,2,0,4931.8,90.05,1,1,2,0,0
4,2,0,2,116.95,25.3,1,0,0,0,0
65,2,2,2,6937.95,108.65,0,2,2,1,1
56,1,0,0,1261.7,24.3,0,0,0,1,0
45,0,1,0,3273.8,75.95,1,2,2,0,0
71,2,0,2,1415.85,19.7,0,0,0,1,0
59,1,1,2,3958.2,66.4,0,2,1,1,0
69,1,1,2,2492.25,35.75,1,1,1,0,0
19,1,0,1,279.2,18.8,0,0,0,0,0
55,2,0,2,1083.0,19.4,0,0,0,1,0
38,1,0,1,755.5,19.3,0,0,0,0,0
10,0,1,0,402.6,45.55,1,1,1,0,1
47,0,1,2,3252.0,67.45,1,1,1,1,0
2,0,1,0,68.75,35.1,1,1,2,1,1
1,0,1,2,46.2,46.2,0,1,1,0,1
1,0,1,0,45.15,45.15,0,1,1,0,1
1,0,1,0,43.3,43.3,1,1,2,0,1
46,2,0,1,936.85,20.1,1,0,0,1,0
38,0,1,2,2250.65,57.15,1,1,1,0,1
65,2,1,2,3857.1,58.9,0,1,1,1,0
19,0,2,0,1441.1,73.2,1,1,1,1,1
52,0,2,0,4338.6,85.35,1,1,2,0,1
71,2,0,1,1378.45,19.45,0,0,0,1,0
1,0,1,1,45.95,45.95,0,1,1,0,1
52,0,1,0,2566.3,50.5,1,2,1,0,0
6,1,0,1,171.0,25.1,0,0,0,1,0
26,1,1,1,1597.4,60.7,0,1,2,1,0
48,1,2,0,4744.35,99.0,1,2,2,0,0
64,1,2,2,6721.6,104.4,1,2,2,1,0
3,0,2,0,247.25,83.75,0,2,1,0,1
1,0,1,2,44.05,44.05,1,1,1,0,0
72,2,0,2,1734.65,24.1,0,0,0,1,0
1,0,1,1,45.55,45.55,1,1,1,0,0
51,0,2,0,4539.35,93.8,1,1,2,1,0
41,2,0,2,804.25,19.7,0,0,0,1,0
72,2,1,2,5011.15,70.65,1,2,1,1,0
43,2,1,2,3574.5,86.45,0,2,2,1,0
72,2,2,2,8086.4,114.1,1,2,2,1,0
47,1,2,2,4563.0,95.2,1,2,2,1,0
72,2,1,2,6362.35,88.55,0,2,2,0,0
3,0,0,2,67.1,20.75,1,0,0,0,0
1,0,2,0,70.05,70.05,1,1,1,0,1
2,0,2,0,165.45,86.0,1,1,2,0,1
26,0,1,2,1156.55,44.65,1,1,2,0,0
29,0,1,1,1834.15,60.2,1,1,2,1,0
35,0,2,2,3653.35,100.5,1,2,1,1,1
27,1,1,2,1477.65,55.45,0,1,1,0,0
24,0,1,2,1706.45,70.3,1,1,2,1,0
67,2,1,2,3953.7,60.4,1,1,1,1,0
16,0,2,0,1194.3,72.65,0,1,1,0,1
23,1,1,2,1327.85,55.8,0,1,1,0,0
14,0,1,1,419.7,31.1,1,1,1,0,0
1,0,0,0,21.0,21.0,1,0,0,1,1
1,0,1,1,45.1,45.1,0,1,1,0,1
4,0,1,2,207.35,50.95,1,2,2,0,0
16,0,1,0,1083.7,69.1,1,1,2,0,0
46,0,1,0,2007.85,43.95,1,2,2,1,0
68,2,1,2,5882.75,86.5,1,2,2,0,0
38,0,1,0,2657.55,69.95,0,1,1,0,0
30,0,1,2,1527.5,50.4,1,1,1,1,1
5,0,2,0,378.4,78.95,0,1,2,0,1
17,0,2,2,1612.2,90.95,1,1,2,0,0
4,2,0,1,76.65,19.9,0,0,0,1,0
12,1,0,0,260.7,20.15,0,0,0,0,0
72,2,1,2,6441.85,90.6,1,2,2,1,0
3,0,2,0,266.8,92.0,1,2,2,0,0
56,0,2,0,5124.6,94.45,1,1,2,0,1
41,1,0,1,962.25,24.85,1,0,0,0,0
40,1,1,2,1382.9,36.0,0,1,1,0,0
7,0,1,0,571.05,78.5,1,2,2,0,0
69,2,0,2,1399.35,19.95,0,0,0,0,0
7,1,0,1,150.0,20.65,0,0,0,1,0
5,0,1,0,167.2,30.5,1,1,1,1,0
72,2,2,2,7657.4,106.1,0,2,1,1,0
44,1,0,2,865.05,20.5,1,0,0,1,0
65,1,2,0,6153.85,95.5,1,2,1,0,0
3,0,1,0,174.2,64.6,0,2,1,0,0
24,0,1,2,1269.6,51.1,1,1,1,0,0
44,0,2,2,3862.55,84.8,1,1,1,0,1
72,2,1,2,6352.4,89.1,0,2,2,1,0
24,0,1,0,1348.5,54.95,0,1,1,0,0
1,0,1,1,50.9,50.9,0,1,1,0,1
22,0,0,2,471.55,20.45,1,0,0,1,0
70,2,1,2,5931.75,85.95,1,2,2,1,0
25,0,1,0,1404.65,60.35,0,2,1,1,0
37,2,0,2,726.1,19.8,0,0,0,1,0
22,0,2,2,1961.6,85.35,0,2,1,1,0
59,2,1,2,4194.85,72.1,1,2,1,1,0
49,0,2,0,4872.45,99.8,1,2,2,1,1
47,0,2,2,5118.95,107.35,1,2,2,1,1
31,0,0,1,658.95,19.55,1,0,0,1,1
1,0,2,0,81.05,81.05,1,1,2,1,0
3,0,0,0,76.95,20.5,1,0,0,0,0
53,1,2,2,5809.75,111.8,1,2,2,1,0
1,0,0,1,20.2,20.2,0,0,0,0,0
20,1,0,1,415.9,19.7,1,0,0,0,0
3,0,2,0,246.5,79.1,1,1,1,0,1
51,1,0,2,996.95,19.85,1,0,0,0,0
51,1,1,2,3145.15,60.5,1,1,1,1,0
13,2,0,1,265.3,19.55,0,0,0,1,0
1,0,0,1,20.9,20.9,0,0,0,0,0
1,0,0,1,21.05,21.05,1,0,0,0,0
63,1,1,0,4576.3,71.5,0,1,1,0,0
3,0,1,1,189.1,54.65,0,1,2,0,0
46,2,0,2,908.15,19.2,0,0,0,0,0
1,0,1,2,49.8,49.8,1,1,1,0,0
8,0,1,1,215.2,25.5,0,1,1,0,1
71,2,0,2,1500.95,20.5,0,0,0,1,0
55,0,2,2,5099.15,90.4,1,2,1,1,0
70,1,2,2,6385.95,90.25,1,1,1,0,0
2,0,2,0,159.45,80.75,0,1,2,0,1
67,2,2,2,6885.75,104.6,0,2,2,1,0
65,0,2,2,5940.85,91.85,1,2,1,1,1
14,0,1,2,668.85,50.2,0,1,1,1,0
20,0,2,2,1916.2,95.5,1,1,2,1,0
1,0,2,0,75.35,75.35,1,1,1,0,1
1,0,2,0,75.45,75.45,1,1,1,0,1
49,0,2,2,4613.95,95.4,1,2,2,1,0
72,2,2,2,7261.25,101.3,1,2,1,0,0
46,0,1,0,2459.8,53.1,0,1,1,1,0
24,0,2,2,2048.8,84.85,1,1,1,0,0
5,0,1,0,163.55,34.25,0,1,1,1,0
33,0,2,2,2888.7,88.6,0,1,1,1,0
42,1,1,2,2421.6,60.15,1,1,1,0,0
23,1,2,2,2292.75,99.95,1,2,2,0,0
8,0,2,2,553.4,70.7,0,1,1,0,0
66,1,1,1,3465.7,54.8,1,1,1,0,0
24,0,1,2,1210.4,49.55,1,1,1,0,1
24,0,1,2,1291.3,54.8,0,1,1,0,0
69,1,1,2,5356.45,78.6,1,1,2,0,1
53,1,2,1,5200.8,100.3,1,2,2,0,0
60,2,1,0,3237.05,53.6,0,2,2,0,0
7,0,2,0,576.65,81.1,1,2,1,1,1
20,1,0,2,433.75,19.35,1,0,0,0,0
23,0,2,0,1868.4,85.6,0,1,2,1,0
72,2,1,0,5728.55,80.8,1,2,2,1,0
11,0,2,0,825.7,74.95,1,1,1,1,1
21,2,0,1,390.4,19.6,0,0,0,0,0
1,0,2,0,93.55,93.55,1,2,2,0,1
31,0,2,0,2845.15,90.7,1,2,1,0,0
57,2,1,1,3894.4,69.75,0,2,1,0,0
45,2,0,2,886.4,20.0,1,0,0,1,0
10,0,2,0,1021.55,95.25,1,1,2,0,0
58,0,2,2,5885.4,102.1,1,2,2,1,1
14,0,0,1,268.4,19.95,0,0,0,0,0
27,1,1,1,2204.35,80.85,0,2,2,1,0
14,0,2,2,1259.0,90.9,1,1,2,1,1
12,0,1,1,309.1,29.2,0,1,1,1,1
69,2,2,2,6398.05,93.3,1,1,2,1,0
25,0,2,2,2257.75,89.15,1,2,1,1,1
58,1,2,0,6287.25,108.85,1,2,2,1,1
35,2,1,2,1662.05,46.35,1,2,1,1,0
16,0,2,0,1350.15,84.75,1,2,1,0,1
45,1,1,2,3600.65,78.75,0,2,2,1,0
17,0,2,0,1329.15,83.55,1,2,1,0,0
1,0,1,0,45.7,45.7,1,1,1,1,1
22,1,0,1,422.5,19.6,0,0,0,0,0
1,0,2,0,69.95,69.95,1,1,1,0,1
67,2,1,1,4627.65,67.85,0,1,2,1,0
67,2,2,2,6717.9,105.65,1,2,2,1,0
2,0,1,0,97.1,44.6,0,2,2,1,1
23,0,2,0,1710.45,74.95,1,1,1,0,1
9,0,2,2,637.4,75.5,0,1,1,0,0
5,0,0,1,117.95,20.15,0,0,0,0,0
54,2,1,2,2460.55,45.2,0,2,1,0,0
57,2,2,0,5464.65,95.25,1,2,2,0,1
24,0,2,1,2165.05,89.85,1,2,1,0,1
49,1,2,1,4941.8,100.45,0,2,2,1,1
5,0,1,0,223.15,47.15,0,1,1,0,1
2,0,2,0,181.1,80.2,1,1,2,0,1
4,0,2,1,341.45,87.1,1,1,1,0,1
70,2,1,2,5731.85,79.25,1,2,1,1,0
5,0,2,2,357.75,75.9,1,1,1,0,1
53,0,1,0,4616.1,85.7,0,2,2,1,0
47,0,2,0,4533.7,98.75,1,2,1,1,1
31,1,0,2,589.25,20.1,0,0,0,0,0
13,0,1,2,750.1,61.8,0,1,1,1,0
28,0,1,1,1410.25,49.9,0,1,1,1,0
10,0,2,0,830.85,86.45,0,1,2,0,1
38,2,0,2,743.5,20.4,0,0,0,1,0
1,0,1,1,45.3,45.3,1,1,1,0,1
67,1,2,0,7040.85,104.1,0,2,2,1,1
52,1,1,1,3865.45,75.4,1,2,2,1,0
62,2,2,1,6825.65,108.15,0,2,2,1,0
16,0,2,0,1340.1,86.25,1,1,2,0,0
5,0,2,0,371.65,81.0,1,1,1,1,1
12,1,2,0,1184.0,95.7,0,2,2,0,0
72,2,2,2,8477.7,116.85,1,2,2,1,0
71,1,2,2,7382.85,105.75,0,2,2,0,0
24,1,0,1,456.85,20.15,0,0,0,1,0
15,2,0,1,331.6,19.6,0,0,0,0,0
67,1,2,2,6056.15,90.6,1,1,2,1,1
2,0,1,2,134.6,60.95,0,1,1,0,0
5,0,1,1,125.5,25.05,0,1,1,1,0
15,0,2,0,1390.6,88.15,0,2,2,1,1
1,0,0,1,20.2,20.2,1,0,0,0,1
41,1,1,2,2511.3,60.3,1,1,1,1,0
43,0,1,0,2737.05,63.95,1,1,2,0,0
1,0,2,0,74.3,74.3,0,1,1,1,0
1,0,2,1,70.6,70.6,1,1,1,0,0
26,0,2,0,2361.8,90.8,1,2,2,1,1
22,0,2,0,1730.35,79.35,1,1,1,0,1
71,2,1,2,6404.0,90.55,0,2,2,1,0
7,2,0,1,165.35,19.45,0,0,0,0,0
28,0,1,2,1867.6,64.45,0,1,1,0,0
16,0,2,0,1043.3,69.65,0,1,1,0,0
7,1,0,1,128.6,19.5,0,0,0,0,0
69,2,2,2,7455.45,110.5,1,2,2,0,0
1,0,1,1,24.7,24.7,0,1,1,0,0
3,0,1,0,206.15,77.4,1,2,2,0,0
21,0,2,2,2030.3,96.8,1,2,2,0,1
69,0,2,2,5869.4,85.4,1,1,1,1,0
71,2,1,2,3377.8,47.6,1,1,1,1,0
69,2,0,1,1346.2,19.4,0,0,0,1,0
48,0,2,0,4946.05,103.85,1,2,2,0,0
47,0,2,2,4065.0,83.35,1,1,1,1,1
2,0,1,0,106.55,49.4,1,1,1,0,1
45,0,2,2,4964.7,108.45,1,2,2,0,0
51,0,2,2,4085.75,81.0,0,1,1,0,0
22,0,1,0,1742.75,79.2,1,2,2,1,1
72,2,1,2,6224.8,86.65,0,2,2,0,0
37,0,2,0,3415.25,92.95,1,2,1,1,0
71,2,1,0,6325.25,90.35,0,2,2,1,0
7,0,1,0,340.25,48.7,0,1,1,1,1
66,2,0,2,1683.6,25.15,1,0,0,0,0
51,1,1,2,3966.3,76.4,1,2,2,1,0
30,1,0,2,608.5,19.55,0,0,0,1,0
34,0,2,0,2896.6,85.35,0,2,1,0,0
64,2,0,1,1514.85,24.8,1,0,0,1,0
65,1,2,2,6792.45,103.15,1,2,2,1,0
47,0,2,1,4669.2,100.75,0,2,1,0,0
1,0,2,0,95.6,95.6,1,2,2,0,1
49,0,1,2,2934.3,59.75,1,1,1,0,1
67,2,2,2,6302.8,94.1,0,2,1,1,0
39,1,0,2,779.2,19.35,0,0,0,0,0
14,0,0,1,283.75,19.9,0,0,0,0,0
43,0,2,2,4600.7,108.15,1,2,2,0,1
56,0,2,0,5594.0,101.05,1,2,2,0,0
14,1,1,2,772.85,59.1,0,1,2,0,0
1,0,2,0,71.35,71.35,0,1,1,0,1
16,1,1,1,857.8,55.85,1,1,1,1,0
70,0,2,0,7554.05,106.05,1,2,2,1,0
72,2,1,2,5981.65,84.1,1,2,2,1,0
23,0,2,2,1702.9,75.3,1,1,1,1,0
21,0,0,1,467.15,24.7,0,0,0,0,0
1,0,0,1,20.15,20.15,1,0,0,0,1
1,0,2,2,69.75,69.75,0,1,1,0,1
32,0,2,0,2931.0,93.2,1,2,2,1,1
17,0,2,0,1400.85,80.85,0,2,1,1,1
4,0,1,0,137.85,33.65,1,1,1,0,1
36,1,1,0,1941.5,55.8,0,1,1,0,0
50,2,1,2,1932.75,39.7,0,1,1,0,0
48,0,1,2,1423.05,29.5,1,1,1,1,0
50,2,0,2,970.85,20.15,0,0,0,0,0
72,2,1,2,5810.9,79.55,0,1,2,1,0
10,0,0,2,223.9,24.8,0,0,0,0,0
18,0,0,1,391.7,19.65,0,0,0,0,0
1,0,2,0,79.95,79.95,1,2,1,0,1
1,0,0,0,19.3,19.3,0,0,0,0,1
9,0,2,0,811.65,94.05,1,2,2,0,0
2,0,2,1,174.75,90.75,0,1,2,0,0
40,0,2,2,3126.85,78.85,1,1,1,1,0
69,1,2,2,6841.45,99.5,0,2,2,1,0
37,1,2,0,3754.6,99.2,1,1,2,1,1
18,0,2,2,1406.65,80.55,1,1,1,0,0
11,0,2,0,834.7,70.2,1,1,1,1,0
8,0,2,2,627.4,85.2,1,1,2,1,1
3,0,2,0,242.0,75.25,0,1,1,0,1
55,1,1,2,3157.0,59.45,0,1,2,1,0
33,0,2,0,3092.0,93.35,1,1,2,1,0
46,0,1,2,2168.9,44.95,0,1,1,0,0
34,2,0,2,980.35,26.1,0,0,0,0,0
3,0,0,0,65.95,20.2,0,0,0,0,0
30,2,0,1,711.9,21.25,0,0,0,1,0
33,1,1,0,1952.8,59.4,0,1,1,0,0
45,1,2,2,4368.85,95.0,1,1,2,1,0
40,0,1,1,2647.1,61.9,1,1,1,0,0
71,2,2,0,8477.6,118.65,1,2,2,0,0
1,0,1,0,54.35,54.35,0,1,1,0,1
72,2,1,2,4528.0,64.45,0,2,2,1,0
22,0,2,0,1790.65,80.15,1,1,2,1,0
46,1,0,2,845.6,20.2,1,0,0,1,0
55,2,0,1,1210.3,21.0,0,0,0,1,0
1,0,0,1,20.45,20.45,0,0,0,0,0
12,1,1,1,854.45,75.85,1,2,2,0,0
31,0,2,0,2429.1,80.45,1,1,1,0,0
5,0,1,0,100.4,24.95,1,1,1,1,1
67,2,1,0,5229.45,75.5,1,2,2,1,0
1,0,1,1,44.45,44.45,0,1,1,0,0
40,1,1,0,1716.45,42.35,1,1,1,1,1
41,0,1,2,3023.55,74.55,1,2,1,1,0
1,0,2,0,75.3,75.3,1,1,1,0,1
51,1,2,0,4837.6,94.8,1,2,1,0,1
42,2,1,2,2032.3,48.15,0,2,1,1,0
23,1,0,1,436.9,19.65,0,0,0,1,0
1,0,2,0,70.55,70.55,1,1,1,0,1
1,0,0,1,20.15,20.15,0,0,0,0,0
56,0,2,2,5893.95,106.6,1,2,2,0,0
15,0,2,0,1430.05,91.0,1,2,1,0,0
12,2,0,2,313.0,25.4,1,0,0,1,0
54,2,1,2,3871.85,69.95,0,1,2,1,0
7,0,1,0,458.1,66.85,1,2,2,0,0
33,0,2,2,2745.7,86.15,0,1,2,1,1
16,0,0,0,341.35,20.15,0,0,0,1,0
21,1,1,1,1336.8,64.85,0,1,2,0,0
30,2,1,0,2181.75,74.85,0,2,2,1,0
3,0,1,1,147.75,50.5,1,1,1,0,0
11,0,2,0,818.45,72.9,0,1,1,0,0
62,1,2,2,7133.45,115.05,1,2,2,0,0
18,0,0,0,348.8,19.0,0,0,0,0,0
6,0,0,1,128.6,19.55,0,0,0,0,0
46,1,2,0,4674.4,101.1,1,2,2,0,0
21,0,2,0,1737.45,84.1,1,1,2,0,0
68,2,0,2,1498.85,24.15,1,0,0,0,0
1,0,1,0,50.1,50.1,1,1,1,0,0
25,0,2,0,1797.75,74.6,1,1,1,1,0
24,2,0,1,498.1,19.75,0,0,0,0,0
30,0,2,0,2624.25,85.0,1,1,2,1,1
2,0,2,0,184.1,80.55,0,1,2,0,1
51,1,2,2,5498.8,106.8,1,2,2,1,0
57,2,1,0,4845.4,84.5,1,2,2,1,0
15,2,0,2,369.1,25.05,0,0,0,0,0
72,2,1,2,6096.9,83.7,1,2,2,1,0
2,0,2,0,160.75,75.8,1,1,1,0,1
28,0,2,2,2684.35,96.6,0,2,1,1,0
29,0,2,0,3004.15,98.5,1,2,2,1,1
70,2,2,2,6994.8,101.1,1,2,1,1,0
13,1,0,1,273.25,20.2,0,0,0,0,0
59,1,2,0,5483.9,94.05,1,1,1,1,0
13,0,2,0,1233.65,95.25,1,2,2,1,1
7,0,2,1,527.9,74.4,1,1,1,1,1
62,2,1,1,4985.9,81.0,0,2,2,1,0
21,1,1,0,1258.35,60.25,1,1,1,0,0
2,0,1,0,111.4,60.85,0,1,2,0,0
1,0,1,2,43.95,43.95,0,1,1,0,0
4,0,2,0,308.1,86.05,0,1,2,0,0
19,1,0,2,383.65,20.25,0,0,0,0,0
30,0,2,0,2555.9,85.15,0,2,1,0,1
67,2,0,2,1284.2,19.4,1,0,0,1,0
72,2,2,2,7550.3,102.65,1,1,2,1,0
53,2,0,2,1110.05,19.9,0,0,0,1,0
5,1,0,0,99.6,19.55,0,0,0,0,0
71,2,2,2,6707.15,95.5,1,1,2,1,0
50,1,1,2,4164.4,84.15,1,2,2,1,0
56,2,2,0,5873.75,103.2,1,2,2,1,0
2,0,1,2,109.25,50.2,1,1,1,0,0
2,0,2,0,179.25,88.55,1,1,2,0,1
24,0,1,0,1338.15,54.75,0,1,1,1,1
46,2,0,2,862.4,19.95,0,0,0,1,0
71,2,2,0,8564.75,116.25,1,2,2,1,0
29,0,1,0,926.2,31.2,1,1,1,0,0
69,2,0,2,1718.2,24.45,0,0,0,1,0
71,2,1,2,5956.85,84.2,0,2,2,1,0
1,0,2,0,91.3,91.3,1,2,2,0,1
56,2,1,2,4824.45,85.65,1,2,2,1,0
56,1,0,1,1238.65,21.2,1,0,0,0,0
1,0,2,0,79.5,79.5,1,2,1,0,1
28,1,0,1,672.2,25.55,0,0,0,1,0
19,0,0,1,382.2,20.2,0,0,0,1,0
66,0,1,0,4264.6,63.85,0,1,2,1,0
17,1,1,1,1070.7,61.95,1,1,1,1,0
52,2,0,1,1345.85,25.75,0,0,0,1,0
19,1,1,0,1045.25,58.2,0,2,1,0,0
36,1,1,2,3003.55,85.85,0,2,2,0,0
7,0,2,1,467.55,70.1,1,1,1,1,1
72,1,2,2,7537.5,104.9,1,1,2,1,0
67,1,2,0,7482.1,111.3,1,2,2,1,1
34,1,2,0,3343.15,99.85,1,2,2,0,0
57,0,2,2,5427.05,95.25,1,1,2,1,1
7,0,2,0,587.1,86.25,1,2,1,1,1
1,0,2,0,100.8,100.8,1,2,2,1,1
8,0,0,2,161.15,19.55,1,0,0,1,0
69,2,2,0,7028.5,104.0,0,2,2,0,0
50,1,2,1,5232.9,104.4,1,2,2,1,0
10,1,0,1,225.85,19.5,0,0,0,0,0
12,2,0,2,274.7,25.25,0,0,0,1,0
14,0,2,0,1180.95,86.3,1,1,2,0,1
70,2,1,2,3370.2,49.85,1,1,2,1,0
64,0,2,2,7111.3,108.95,1,2,2,0,0
66,2,1,2,5958.85,89.9,0,2,2,1,0
71,2,1,2,5999.85,82.0,1,2,2,1,0
20,0,2,0,1648.45,89.95,0,2,2,0,0
72,2,1,2,5753.25,79.35,1,2,2,1,0
71,2,1,2,4492.9,64.05,0,1,1,1,0
38,0,2,2,3956.7,101.15,1,2,2,1,0
28,0,2,0,2625.55,89.95,1,1,2,0,1
17,0,2,0,1233.4,76.45,1,1,1,1,1
33,1,1,0,1309.0,39.1,1,2,1,0,0
23,2,1,1,813.45,34.6,0,1,1,1,0
58,1,0,0,1108.8,19.55,1,0,0,1,0
70,2,2,2,7349.35,104.45,1,2,2,1,0
4,0,2,0,294.2,70.5,0,1,1,1,0
45,2,0,1,929.2,20.35,0,0,0,1,0
10,0,2,0,740.0,70.0,1,1,1,0,1
36,2,0,2,754.5,19.45,0,0,0,1,0
54,0,1,1,3883.3,69.9,1,2,1,0,0
23,2,1,1,1414.2,59.7,0,1,1,1,0
41,1,1,2,3211.2,78.35,1,2,1,1,0
5,0,2,1,371.6,71.45,1,1,1,0,0
27,1,1,2,1246.4,45.85,1,1,2,1,0
1,0,2,0,95.85,95.85,1,2,2,0,0
67,2,1,2,2545.7,35.7,0,1,1,1,0
72,2,1,2,6448.85,89.55,1,2,2,1,0
56,2,0,2,1468.9,24.95,1,0,0,1,0
44,1,0,0,1013.6,24.85,0,0,0,1,0
66,0,2,0,6690.75,100.8,1,2,2,1,0
34,1,1,1,2088.75,64.4,1,1,1,0,1
69,2,2,2,7240.65,105.35,0,2,2,1,0
1,0,2,0,102.45,102.45,1,2,2,1,1
40,2,0,2,830.25,19.65,0,0,0,0,0
30,0,1,2,1588.7,54.45,1,1,1,1,0
11,0,1,1,829.3,70.5,0,2,2,0,0
15,1,0,2,302.45,20.1,0,0,0,0,0
11,0,1,0,712.25,69.35,1,2,2,0,0
64,1,0,2,1336.65,19.8,0,0,0,1,0
72,2,1,2,5360.75,74.4,0,2,1,1,0
72,2,2,2,6735.05,93.05,1,1,1,1,0
1,0,1,1,51.2,51.2,0,1,1,0,0
15,1,1,2,1010.0,65.6,0,1,1,0,0
60,1,1,2,4847.05,80.55,0,2,2,0,0
56,1,1,1,3019.7,52.7,0,1,1,0,0
8,2,0,1,161.65,20.85,0,0,0,0,0
3,0,2,2,217.55,80.1,0,1,1,0,1
49,0,1,2,2583.75,52.15,1,1,1,1,0
2,0,2,0,146.05,80.2,1,2,1,0,1
6,0,2,2,567.45,98.15,1,1,2,0,1
70,2,2,2,7711.25,114.95,1,2,2,0,0
12,0,2,1,1384.75,112.95,1,2,2,0,1
52,1,2,2,5481.25,104.45,1,2,2,1,0
72,2,2,2,8124.2,113.65,1,2,2,1,0
40,2,0,2,827.3,20.6,1,0,0,0,0
1,0,2,1,70.9,70.9,0,1,1,0,1
3,0,2,0,220.95,86.85,1,2,1,0,1
40,0,2,0,3673.6,91.55,1,2,2,0,0
1,0,1,0,49.85,49.85,1,1,1,0,0
30,1,0,2,576.65,19.8,0,0,0,1,0
23,0,2,0,2331.3,99.85,1,2,2,1,1
1,0,2,0,74.5,74.5,1,1,1,1,1
44,0,2,0,4495.65,104.15,0,2,2,1,0
65,0,2,0,6941.2,109.15,1,2,2,0,1
7,0,1,0,340.35,48.2,1,1,1,0,0
72,2,0,2,1789.9,25.1,1,0,0,0,0
8,0,2,2,908.55,100.15,1,2,2,0,0
16,0,1,2,1043.35,65.2,1,1,2,0,1
66,0,2,2,6822.15,99.5,1,2,2,1,1
1,0,2,1,71.55,71.55,1,1,1,0,1
3,0,1,1,157.55,55.9,0,1,1,0,0
53,0,2,0,5029.2,93.9,0,1,2,1,1
8,0,1,2,581.7,64.4,1,1,2,1,0
69,2,2,2,7318.2,108.4,1,2,2,1,1
5,0,2,1,420.45,85.3,1,2,1,0,0
72,2,2,1,7576.7,107.45,0,2,2,1,0
13,0,1,2,633.4,48.75,1,2,2,1,1
4,0,2,0,321.65,85.65,1,2,1,0,1
54,2,1,2,4965.0,91.3,0,2,2,1,0
72,2,1,2,6151.9,85.95,0,2,2,1,0
12,0,2,0,1253.9,106.7,1,2,2,0,1
1,0,1,0,25.15,25.15,1,1,1,0,1
1,0,1,0,45.2,45.2,0,1,1,0,0
54,1,2,0,5893.15,110.35,0,2,2,1,1
69,2,2,2,5420.65,79.2,1,1,1,1,0
48,2,1,2,2627.35,55.5,0,1,1,0,0
48,1,2,2,5037.55,103.25,1,2,2,1,1
8,0,2,0,743.75,90.25,1,1,2,1,0
71,2,1,1,6589.6,91.25,1,2,2,1,0
2,0,1,0,92.45,47.8,1,1,1,0,1
67,1,2,2,6733.15,100.9,1,2,2,1,0
34,0,2,2,3410.0,97.7,1,2,2,1,0
3,0,2,0,199.85,69.85,1,1,1,0,0
9,1,1,1,593.3,65.6,1,2,1,1,0
71,1,2,2,7288.4,104.65,1,2,2,1,0
57,2,2,2,5229.8,90.45,1,2,1,0,0
72,2,1,2,4464.8,63.7,1,2,2,0,0
48,0,2,0,5068.05,104.5,1,2,2,1,0
18,1,0,1,401.85,20.1,0,0,0,0,0
43,1,2,2,4451.85,104.3,1,2,2,1,0
72,2,1,2,6688.95,93.25,1,2,2,1,0
35,1,1,2,2661.1,73.45,1,2,2,1,0
4,0,0,1,73.05,20.7,0,0,0,0,0
49,2,0,1,1211.65,25.25,0,0,0,1,0
71,2,2,2,7030.65,100.5,0,2,1,1,0
11,0,2,0,1020.2,90.6,0,2,2,1,0
63,2,1,2,5597.65,89.4,1,2,2,1,0
65,0,2,2,6223.3,95.45,1,2,1,0,0
49,2,0,2,1024.65,20.45,0,0,0,0,0
29,0,2,2,2933.2,98.6,1,2,2,0,1
15,0,2,0,1258.3,83.05,1,1,1,1,1
4,0,0,0,82.9,19.95,1,0,0,1,0
72,1,2,2,7789.6,109.15,0,2,2,1,0
26,0,2,2,2067.0,85.7,1,2,1,1,0
35,0,2,2,3452.55,102.05,0,2,2,1,0
57,1,2,0,5468.95,94.7,0,1,2,0,0
28,0,1,0,1802.15,64.4,0,1,2,1,0
25,1,0,1,733.55,26.8,1,0,0,1,0
47,1,1,2,3021.45,66.05,1,2,1,1,0
57,0,1,2,3687.85,65.2,0,1,1,1,0
16,0,2,2,1391.15,85.05,1,2,1,1,0
5,0,1,1,274.35,55.8,1,1,1,0,0
17,0,2,2,1214.05,70.4,1,1,1,1,1
56,1,2,2,5510.65,104.75,1,2,2,0,1
72,2,0,2,1322.85,19.95,0,0,0,1,0
21,0,2,0,1973.75,94.25,1,2,2,0,1
48,1,1,2,2196.3,45.0,0,1,2,1,0
68,2,2,2,7843.55,114.9,0,2,2,1,0
30,0,2,2,3211.9,106.4,0,2,2,0,0
3,0,1,1,130.15,46.1,1,1,1,1,0
14,2,1,1,692.35,39.7,0,1,1,0,0
4,0,0,2,85.5,20.05,1,0,0,0,0
71,2,2,2,6849.4,95.75,1,1,2,1,0
8,1,0,1,203.95,24.4,0,0,0,1,0
61,0,1,2,2117.2,33.6,0,1,1,1,0
72,2,2,2,6565.85,90.45,0,1,1,1,0
5,0,2,0,424.75,84.0,1,2,1,0,0
49,2,1,2,3306.85,67.4,0,1,1,0,0
8,0,0,2,168.9,19.7,1,0,0,0,0
3,0,2,0,253.8,80.35,1,1,2,0,0
9,2,0,1,197.4,19.6,0,0,0,1,0
67,2,1,2,3838.2,54.2,1,1,1,1,0
46,0,1,2,2065.15,45.2,1,1,1,0,0
67,1,1,1,5064.45,75.1,0,1,2,1,0
55,1,0,0,1140.05,19.7,0,0,0,1,0
33,0,1,2,2447.45,72.75,1,2,1,1,0
62,2,0,2,1263.9,20.05,0,0,0,1,0
1,0,1,1,45.95,45.95,0,1,1,0,1
49,0,1,0,1838.15,39.2,1,1,2,1,0
1,0,1,0,44.75,44.75,1,1,1,0,0
14,0,2,0,1185.0,82.65,1,1,1,1,0
18,0,2,2,1743.9,93.9,0,2,1,0,0
1,0,2,0,70.15,70.15,1,1,1,0,1
1,0,2,2,85.55,85.55,1,2,1,0,1
72,2,2,2,8529.5,117.15,1,2,2,1,0
64,2,2,2,6549.45,99.25,0,1,2,0,0
69,2,2,2,7806.5,112.55,1,2,2,1,0
1,0,0,0,25.7,25.7,1,0,0,0,0
71,2,1,2,6287.3,90.3,0,2,2,1,0
66,1,1,2,3251.85,49.4,1,1,1,1,0
2,0,0,1,50.6,19.4,0,0,0,0,0
71,2,2,2,7904.25,109.7,1,2,2,1,0
11,1,1,0,729.95,61.25,1,2,1,0,0
47,0,1,0,2654.05,55.3,1,1,1,0,0
35,0,2,0,2416.55,70.3,1,1,1,1,1
32,0,2,2,3520.75,106.35,0,2,2,1,1
60,0,2,2,5969.95,103.75,1,2,2,1,0
11,1,0,1,226.8,19.5,0,0,0,0,0
29,1,1,2,1082.75,39.5,0,1,1,0,0
21,0,1,0,565.75,26.05,1,1,1,1,0
48,0,2,2,4370.75,91.05,1,1,2,1,0
3,0,1,1,90.05,29.65,0,1,1,0,0
43,0,1,1,2169.4,50.2,0,1,1,1,0
5,0,2,0,550.6,105.3,0,2,2,0,0
1,0,1,0,55.45,55.45,1,1,2,0,0
71,1,1,0,6300.85,85.45,0,2,2,1,0
8,1,0,0,160.05,19.8,0,0,0,1,0
8,0,1,0,436.6,59.25,1,2,1,0,0
20,0,2,2,1781.35,90.7,1,2,1,0,0
33,1,2,1,3467.0,103.7,1,2,2,1,1
71,1,2,2,5552.5,79.05,1,1,1,0,0
31,1,2,0,2835.5,90.7,1,2,1,1,0
38,1,2,2,3591.25,95.0,0,1,2,1,0
1,0,2,0,88.35,88.35,1,2,2,0,1
2,0,1,1,63.75,30.25,1,1,1,1,0
12,0,1,2,617.15,49.85,1,2,2,1,0
9,0,2,2,870.25,93.0,0,1,2,0,0
11,0,1,0,601.25,54.55,1,1,1,0,0
6,0,0,1,111.65,19.7,0,0,0,0,0
71,1,1,2,6046.1,84.8,1,2,2,1,0
42,1,2,2,3923.8,94.45,1,2,1,1,0
8,0,2,0,777.3,94.2,1,2,2,1,1
5,0,2,0,512.45,96.25,1,2,2,0,1
2,0,2,0,141.45,70.7,1,1,1,1,1
45,2,0,1,892.15,20.85,0,0,0,1,0
28,1,1,2,1682.05,60.0,1,2,2,1,0
43,0,2,0,3398.9,80.45,0,1,1,1,0
60,2,1,0,4984.85,84.95,1,2,2,0,0
42,1,1,1,1445.3,33.55,0,1,1,1,1
7,2,1,2,305.55,49.65,0,1,2,1,0
25,1,0,2,507.9,20.2,1,0,0,1,0
40,0,2,2,3640.45,94.55,1,2,2,1,1
27,1,2,2,2673.45,100.5,1,2,2,0,0
10,0,1,0,389.8,35.75,0,1,1,0,0
27,0,2,2,2401.05,86.45,1,1,1,0,0
11,1,1,2,651.55,53.8,0,1,1,0,0
4,0,1,2,156.1,38.55,0,2,1,1,0
68,0,1,2,2796.35,39.9,1,1,2,0,0
1,0,2,0,70.05,70.05,1,1,1,0,0
18,1,0,1,407.05,20.1,0,0,0,0,0
57,2,2,2,6465.0,112.95,1,2,2,0,1
26,0,0,0,511.25,20.3,1,0,0,0,0
17,0,1,2,646.05,35.65,1,1,1,1,0
1,0,1,0,35.9,35.9,0,1,2,0,1
38,0,2,2,3777.15,99.25,1,2,2,0,1
59,1,2,2,4903.15,82.95,1,1,1,1,0
30,2,1,1,1653.85,55.65,1,1,1,0,0
2,0,1,1,47.5,24.45,1,1,1,0,1
50,1,0,0,1306.3,25.2,0,0,0,1,0
9,1,1,1,463.6,50.8,0,1,2,0,0
3,0,0,1,60.65,19.65,0,0,0,1,0
14,0,1,2,824.85,59.8,1,2,1,0,0
31,0,2,2,2094.65,73.55,1,1,1,0,0
7,0,1,0,438.9,61.4,0,1,1,0,0
8,0,2,2,847.3,103.35,1,2,2,0,1
17,1,0,2,329.75,19.9,0,0,0,1,0
32,0,0,2,674.55,19.45,1,0,0,1,0
2,0,2,1,162.55,81.5,0,2,1,0,0
7,0,2,0,546.95,84.8,1,2,1,0,1
72,2,2,2,7887.25,109.55,0,2,2,1,0
31,0,2,0,3186.65,99.95,1,2,2,0,1
27,0,2,1,1972.35,74.4,0,1,1,1,0
18,0,2,2,1527.35,90.0,1,2,1,0,1
7,0,2,0,490.55,74.9,1,1,1,0,0
14,0,2,0,1531.4,104.85,1,2,2,0,1
11,0,1,2,683.25,59.65,1,2,1,1,0
72,2,2,2,8058.85,110.45,1,2,2,1,0
28,1,2,0,2847.4,106.1,0,2,2,1,1
15,0,2,2,1133.9,74.2,1,1,1,0,1
4,0,2,0,294.45,74.45,1,1,1,0,0
71,2,0,0,1719.15,24.55,0,0,0,0,0
5,0,2,0,461.7,89.35,1,1,2,0,1
47,2,0,1,1160.45,24.55,0,0,0,1,0
57,1,2,0,5199.8,90.65,1,2,1,1,0
50,2,2,2,5163.3,105.05,1,2,2,1,0
8,0,0,2,162.3,20.45,1,0,0,0,0
48,2,0,1,883.35,19.55,0,0,0,1,0
70,1,0,2,1341.5,19.7,0,0,0,0,0
1,0,1,2,70.45,70.45,1,1,2,0,0
8,0,2,2,659.45,85.65,1,1,2,1,0
1,0,2,0,77.15,77.15,1,1,1,0,1
1,0,1,2,35.25,35.25,1,1,2,0,1
60,2,0,1,1205.05,20.55,0,0,0,1,0
49,1,2,0,4917.9,97.95,1,2,2,1,0
4,0,1,0,201.0,48.55,1,2,2,1,1
29,1,0,1,599.3,20.0,0,0,0,0,0
67,2,0,2,1733.15,25.25,1,0,0,1,0
53,0,2,2,5149.5,98.4,1,2,2,1,1
67,2,1,2,4677.1,70.9,0,1,1,1,0
6,0,0,1,119.3,19.85,0,0,0,1,0
47,0,2,0,4849.1,106.35,1,2,2,0,0
53,2,2,1,5424.25,99.5,0,1,2,0,0
69,2,1,1,5878.9,84.7,1,2,2,1,0
3,0,2,1,244.85,86.05,1,1,2,0,0
4,0,1,1,220.75,44.55,0,1,1,0,0
56,2,1,2,4261.2,75.85,1,1,2,1,0
59,0,2,2,5574.75,93.85,1,2,2,1,1
61,2,0,2,1501.75,25.0,0,0,0,1,0
2,0,1,0,89.75,45.0,1,1,1,1,0
46,0,2,0,4541.2,100.7,1,2,1,1,1
12,0,0,1,255.5,20.5,0,0,0,1,0
14,0,2,0,1072.0,80.45,1,1,1,0,1
28,1,2,0,2509.25,90.45,1,1,2,1,0
24,0,1,2,1440.75,60.45,0,1,1,0,0
31,0,1,0,1715.65,55.25,1,1,1,0,1
68,1,1,0,5333.35,78.45,1,1,2,1,0
39,2,2,1,3895.35,100.55,0,2,2,0,0
42,0,0,2,869.9,20.35,0,0,0,1,0
13,0,1,0,706.85,54.45,1,2,2,1,1
6,0,2,0,512.25,90.75,1,1,2,1,0
35,0,2,2,2636.05,75.35,0,1,1,0,1
38,1,0,2,814.75,20.25,1,0,0,1,0
18,2,0,2,388.6,20.05,0,0,0,0,0
4,0,0,1,93.45,19.6,0,0,0,1,0
27,0,1,0,1389.85,53.8,1,1,1,1,0
41,1,1,1,2894.55,70.2,0,2,1,0,0
50,1,1,0,4025.6,75.5,0,2,2,1,0
72,2,0,0,1354.4,20.35,0,0,0,1,0
70,1,0,2,1856.4,26.05,0,0,0,0,0
44,1,0,2,926.0,20.6,0,0,0,1,0
2,0,2,0,189.2,75.7,1,1,1,0,1
34,1,0,2,682.1,20.1,1,0,0,1,0
72,2,0,2,1778.7,24.3,0,0,0,1,0
71,2,0,0,1816.2,24.5,1,0,0,1,0
64,2,2,2,7069.25,110.5,1,2,2,0,0
72,2,0,2,1841.2,25.25,1,0,0,1,0
1,0,2,1,74.25,74.25,1,1,1,0,1
29,1,2,2,2656.7,90.1,0,1,2,1,0
23,1,1,2,1689.45,68.75,1,1,2,1,0
52,2,0,1,1054.75,19.2,0,0,0,1,0
25,0,2,0,2187.55,89.7,1,1,2,0,1
64,2,2,2,7334.05,115.1,1,2,2,0,0
16,0,2,0,1581.2,96.4,1,2,2,0,1
1,0,2,2,69.5,69.5,1,1,1,0,1
24,0,2,2,2404.85,99.65,1,2,2,0,0
2,0,2,0,171.45,91.45,1,2,1,1,0
34,2,1,1,2839.45,84.75,0,2,2,1,0
36,0,2,2,3132.75,85.25,1,1,2,1,1
53,1,1,1,3942.45,78.75,1,2,2,1,0
47,2,0,2,873.4,20.25,0,0,0,1,0
72,2,0,2,1529.65,19.9,0,0,0,0,0
72,2,2,2,6991.6,97.75,1,1,2,1,0
1,0,0,1,19.4,19.4,0,0,0,0,1
9,0,2,0,803.3,83.3,1,1,2,0,1
8,0,2,2,679.3,80.1,1,2,1,0,1
45,1,1,2,2791.5,62.7,0,1,2,0,1
7,0,2,0,715.0,100.4,1,2,2,0,0
71,2,0,2,1681.6,24.45,1,0,0,1,0
41,1,2,2,4016.2,101.1,1,2,2,0,0
67,2,1,2,3281.65,50.9,0,2,2,1,0
69,1,2,2,7317.1,107.2,1,1,2,1,0
70,2,1,2,6474.45,92.2,1,2,2,1,0
25,1,0,2,676.35,25.3,0,0,0,0,1
72,2,2,2,8164.1,113.4,0,2,2,0,0
34,2,1,0,1325.85,40.55,1,2,1,1,0
65,2,0,2,1654.85,26.0,0,0,0,1,0
70,2,2,2,7795.95,111.95,1,2,2,0,0
72,2,1,2,3952.45,53.8,1,2,2,1,0
35,1,1,1,2495.15,72.1,1,2,2,0,0
13,0,2,1,1230.25,98.15,0,2,2,0,1
12,1,1,0,876.75,78.85,0,2,2,1,0
62,1,1,2,4263.45,70.75,1,2,1,1,0
25,0,1,2,1992.95,76.15,1,2,2,0,0
52,2,1,1,1982.1,39.1,0,1,1,0,0
8,0,2,2,562.7,69.95,1,1,1,0,0
2,0,0,1,33.7,20.05,0,0,0,0,0
56,2,0,1,1090.1,20.05,0,0,0,1,0
12,0,0,2,227.45,19.45,0,0,0,0,0
47,1,0,0,1250.85,26.9,0,0,0,1,0
2,0,0,0,37.2,19.2,0,0,0,0,0
18,0,1,1,892.7,50.0,1,1,1,0,0
8,0,1,0,487.75,60.0,1,2,1,0,0
45,0,2,1,3713.95,84.55,1,1,1,1,0
3,0,1,1,141.7,45.45,0,1,1,0,0
38,1,0,1,678.2,20.05,0,0,0,0,0
72,2,2,0,8425.3,115.55,1,2,2,1,0
46,0,2,0,4154.8,93.7,1,1,2,0,1
71,2,2,2,7061.65,99.0,1,2,1,1,0
66,2,1,2,3364.55,50.55,0,2,2,1,0
25,0,2,1,2655.25,105.95,0,2,2,0,1
18,1,1,2,1425.45,82.0,1,2,2,0,1
13,2,0,2,332.5,25.0,1,0,0,1,0
65,2,1,2,5963.95,91.55,0,2,2,1,0
60,0,2,0,5742.9,95.75,1,2,1,1,1
15,2,0,1,278.85,19.35,0,0,0,1,0
72,2,0,2,1871.85,24.85,0,0,0,1,0
30,0,2,2,2866.45,94.05,1,2,2,1,1
42,2,2,0,4303.65,100.4,1,2,2,1,0
71,2,0,2,1753.0,25.0,0,0,0,1,0
1,0,1,1,54.75,54.75,1,1,2,0,1
39,0,2,2,3759.05,95.65,1,2,2,0,1
35,0,0,2,617.65,19.25,0,0,0,0,0
53,0,2,2,5935.1,108.25,1,2,2,1,0
1,0,2,0,94.6,94.6,1,2,2,0,1
31,0,2,0,2911.3,98.9,1,2,2,1,1
48,2,0,2,982.95,20.15,0,0,0,0,0
30,0,2,0,2974.5,101.3,1,2,2,0,0
10,0,0,2,198.7,20.0,0,0,0,0,0
12,0,2,0,1275.65,105.3,1,2,2,0,0
57,2,1,2,4003.0,69.85,0,2,1,0,0
58,0,1,2,3791.6,65.25,1,2,1,1,0
37,2,0,1,813.3,19.8,0,0,0,0,0
44,0,0,1,780.25,19.6,0,0,0,1,0
27,1,0,2,552.9,20.05,0,0,0,0,0
8,0,1,0,408.25,49.4,0,1,1,0,0
3,0,2,0,231.8,76.05,1,1,1,0,1
25,0,2,2,2191.15,88.4,0,1,2,1,0
57,0,2,0,5611.7,100.6,1,2,2,1,0
12,0,0,1,246.25,19.45,0,0,0,0,0
62,2,0,2,1296.15,20.3,0,0,0,1,0
65,2,2,2,7082.85,107.65,1,2,2,1,0
71,2,1,2,5662.25,80.45,1,2,2,1,0
21,1,1,2,1215.45,58.85,1,2,1,1,0
71,1,2,0,7854.15,109.6,1,2,2,1,0
7,0,2,0,525.0,75.15,1,1,1,0,0
72,2,1,2,5265.2,73.0,1,1,2,0,0
1,0,2,0,70.1,70.1,0,1,1,0,0
72,2,2,2,7129.45,98.65,1,1,2,1,0
64,1,2,0,7266.95,111.45,1,2,2,1,0
72,2,2,0,8496.7,114.9,1,2,2,0,0
29,0,2,2,2878.75,100.55,0,2,2,0,0
13,2,0,1,261.3,20.4,1,0,0,0,0
31,0,2,0,3205.6,104.35,0,2,2,0,0
1,0,2,0,69.75,69.75,1,1,1,0,1
7,0,1,0,279.25,34.5,1,1,1,1,1
61,0,2,0,6281.45,105.55,1,2,2,1,1
39,0,1,2,1131.3,30.1,0,1,1,0,1
10,0,2,0,738.2,70.3,1,1,1,1,1
14,0,1,2,1137.05,80.45,0,2,2,1,0
1,0,2,1,80.2,80.2,1,1,1,0,1
67,1,2,2,6341.45,94.35,1,1,2,1,1
72,2,1,2,6697.2,91.35,1,2,2,0,0
6,0,1,2,260.8,44.6,1,1,1,1,1
1,0,0,1,19.6,19.6,1,0,0,0,1
25,1,0,0,505.45,19.9,0,0,0,1,0
33,0,2,0,3655.45,110.45,1,2,2,0,1
18,0,1,0,1299.8,68.35,1,2,1,0,0
71,2,1,2,5564.85,79.1,1,2,2,1,0
28,1,1,0,1381.8,51.0,1,1,1,1,0
2,0,2,2,188.1,80.55,0,1,1,0,0
17,0,1,1,1077.05,66.7,1,1,1,1,0
56,0,2,0,4922.4,86.4,1,1,1,0,0
60,1,1,0,2911.5,50.05,0,1,2,1,0
33,2,0,2,826.1,25.7,0,0,0,0,0
1,0,2,1,83.4,83.4,1,1,1,0,0
2,0,2,2,140.7,70.7,0,1,1,0,1
63,2,2,2,5377.8,84.65,1,1,1,1,0
7,0,2,0,665.45,99.25,1,2,2,1,1
55,2,1,1,3617.1,64.75,1,1,2,0,0
65,1,2,2,6643.5,100.15,1,2,1,1,0
1,0,2,0,84.8,84.8,1,2,1,1,1
63,2,0,1,1559.3,25.25,0,0,0,0,0
70,2,2,2,7987.6,113.0,1,2,2,1,0
36,2,1,2,1547.35,40.65,0,1,1,1,0
52,1,2,2,5426.85,105.0,1,2,2,0,1
22,0,1,0,1127.35,54.45,1,1,1,0,1
22,0,2,2,2142.8,94.95,1,1,2,0,0
5,0,1,2,287.85,59.9,0,1,1,0,0
47,0,2,0,4045.65,85.3,1,1,2,1,1
33,0,2,0,2757.85,83.35,1,1,2,0,1
18,0,1,2,600.0,33.5,1,1,1,0,1
1,0,0,2,19.8,19.8,0,0,0,0,0
56,2,1,2,4534.45,81.8,1,2,2,0,0
2,0,0,1,40.9,20.0,1,0,0,0,0
35,0,1,0,2094.9,59.6,1,1,1,0,0
64,2,0,2,1584.8,25.0,0,0,0,1,0
15,0,2,2,1302.65,84.35,1,1,1,0,0
24,0,2,0,2238.5,90.35,1,2,2,0,1
1,0,1,1,55.55,55.55,0,1,2,0,0
70,2,1,2,5437.75,75.35,0,2,2,1,0
1,0,2,0,90.75,90.75,1,2,2,1,1
4,0,2,1,365.65,89.6,0,2,1,0,1
39,1,1,0,2209.15,59.3,0,1,2,0,0
29,0,1,0,1912.15,66.1,1,1,2,0,0
14,2,0,1,255.55,18.8,0,0,0,1,0
61,2,1,2,5175.3,86.45,0,2,2,0,0
13,0,1,2,670.65,52.1,1,1,1,0,0
66,2,1,1,3177.25,47.4,1,1,1,0,0
2,0,1,0,90.35,49.25,1,2,2,0,1
59,1,2,2,6557.75,109.15,1,2,2,1,0
62,1,2,2,5791.85,94.95,1,2,1,1,0
33,1,2,0,3055.5,93.55,1,1,2,1,0
66,2,1,2,5196.1,79.5,1,2,2,0,0
72,2,2,2,8405.0,115.05,0,2,2,0,0
1,0,0,1,19.75,19.75,0,0,0,0,1
19,0,2,0,1789.25,95.15,1,1,2,0,1
51,1,2,1,5000.05,95.15,1,2,1,1,0
63,0,2,0,6713.2,105.4,0,2,2,0,0
27,1,0,2,562.6,20.1,0,0,0,0,0
22,0,2,2,2317.1,101.35,1,2,2,0,1
4,0,0,1,91.45,20.05,0,0,0,0,0
42,2,0,1,828.85,20.7,0,0,0,1,0
29,1,0,1,617.35,20.35,0,0,0,0,0
4,0,2,2,266.9,70.05,1,1,1,0,1
30,1,0,1,625.05,19.7,0,0,0,0,0
4,0,2,0,301.4,74.65,1,1,1,1,1
71,2,1,2,6029.9,85.45,0,2,2,1,0
46,2,1,2,1842.7,40.4,0,1,1,1,0
4,0,1,1,206.6,50.4,0,1,1,0,1
7,0,2,1,604.7,79.65,1,1,1,0,1
69,1,2,2,7386.05,105.2,1,2,2,0,0
72,2,2,2,7334.05,100.65,0,2,1,1,0
19,0,2,0,1471.75,79.85,1,1,1,0,1
28,0,2,0,2626.15,91.0,0,1,2,0,0
5,0,2,0,412.1,78.75,1,1,1,1,1
72,2,2,2,8277.05,116.75,1,2,2,1,0
8,0,2,2,583.45,80.45,1,2,1,1,1
7,1,1,0,369.25,59.1,1,1,2,0,0
22,0,1,0,1049.05,49.8,1,1,1,0,0
72,2,0,2,1414.8,19.3,0,0,0,0,0
8,0,0,2,169.75,19.65,0,0,0,1,0
52,1,1,2,4354.45,81.4,1,1,2,1,0
68,2,1,1,2719.2,38.9,0,1,1,0,0
71,2,1,2,6365.35,87.95,0,2,2,1,0
2,0,0,1,51.6,19.85,0,0,0,0,0
34,0,2,0,3190.25,96.35,1,2,1,0,0
35,0,1,0,812.5,24.15,0,1,1,0,0
61,1,0,2,1143.8,19.1,0,0,0,1,0
1,0,1,0,44.0,44.0,0,1,1,0,0
1,0,1,1,50.1,50.1,1,1,1,0,1
53,1,1,2,3297.0,60.6,0,1,2,1,0
72,2,0,2,1887.0,25.65,0,0,0,1,0
2,0,2,0,151.8,76.4,0,1,1,1,1
3,0,2,0,293.65,98.7,1,2,2,0,1
13,0,2,0,1308.1,100.8,1,2,2,0,1
41,0,1,0,2215.4,53.95,1,2,2,1,0
24,1,0,2,482.8,20.4,0,0,0,1,0
28,1,2,2,2598.95,90.1,1,2,2,1,1
8,0,1,1,216.45,29.35,0,1,1,0,0
1,0,0,1,20.45,20.45,1,0,0,0,0
54,2,2,2,5064.85,95.1,1,1,2,0,0
41,0,0,2,996.45,25.25,1,0,0,0,0
19,0,1,1,839.65,44.9,0,1,1,1,0
72,2,1,2,6733.0,92.65,0,2,2,1,0
62,2,1,2,2618.3,43.7,1,1,1,0,0
56,2,1,2,4084.35,72.6,1,2,2,1,0
15,0,1,0,765.5,51.55,0,1,1,0,1
10,0,2,0,793.55,79.25,1,1,2,0,1
32,2,0,1,613.95,18.95,0,0,0,1,0
21,0,0,2,402.85,20.5,0,0,0,0,0
62,1,0,2,1244.8,19.95,0,0,0,1,0
2,0,1,0,46.4,24.5,0,1,1,0,0
27,2,0,1,581.85,20.6,0,0,0,0,0
5,0,2,2,462.8,94.85,1,2,2,0,1
25,1,1,0,1540.2,61.05,0,2,2,0,0
2,0,2,0,169.8,85.7,1,1,2,0,1
49,1,2,2,5168.1,106.65,1,2,2,0,0
63,0,2,2,6780.1,108.25,0,2,2,0,0
4,0,0,2,94.5,20.4,0,0,0,0,0
1,0,1,1,55.3,55.3,1,2,1,1,0
11,0,0,1,208.0,20.25,0,0,0,0,0
52,0,2,2,3829.75,72.95,1,1,1,0,0
60,0,2,0,5294.6,89.45,0,1,2,1,0
64,1,2,2,6889.8,104.65,1,2,2,0,0
43,2,1,2,3254.35,75.2,0,2,2,1,0
61,1,2,2,6383.9,101.15,0,2,2,1,0
1,0,1,1,44.4,44.4,0,1,1,0,1
5,0,2,0,477.7,89.5,1,2,2,0,1
66,2,1,2,4447.55,68.75,0,1,1,0,0
67,2,2,0,7321.05,111.05,1,2,2,1,0
42,2,2,2,4135.0,99.0,1,2,2,1,0
1,0,2,0,86.05,86.05,1,2,1,1,1
31,2,0,1,697.7,21.0,0,0,0,1,0
7,0,0,1,168.65,19.4,1,0,0,0,0
4,0,1,0,174.3,44.55,1,2,2,0,1
34,1,1,2,2753.8,77.2,0,2,2,1,0
3,1,0,1,69.25,19.45,1,0,0,0,0
19,0,1,1,434.8,24.85,1,1,1,1,0
31,0,1,2,1077.5,35.4,0,1,1,1,1
1,0,2,1,95.65,95.65,0,2,2,0,1
3,0,1,1,107.25,41.35,0,1,1,0,0
46,0,0,0,851.2,19.6,0,0,0,1,0
1,0,0,1,20.95,20.95,0,0,0,0,1
69,1,2,2,5848.6,84.45,0,1,1,1,0
5,0,0,1,109.8,20.25,0,0,0,0,0
1,0,0,2,19.65,19.65,0,0,0,0,0
26,1,0,2,595.5,20.65,1,0,0,0,0
10,0,1,0,329.8,34.7,1,1,2,0,1
25,2,2,2,2513.5,99.3,0,2,2,0,0
64,0,2,0,5135.35,81.05,0,1,1,1,0
30,0,1,0,2000.2,67.6,0,1,1,1,0
13,0,2,0,931.75,70.15,1,1,1,0,0
64,1,2,0,7396.15,115.0,1,2,2,1,0
46,0,2,2,3958.85,84.8,1,1,1,0,0
12,1,0,1,260.9,19.7,0,0,0,0,0
15,0,0,2,297.3,19.75,0,0,0,0,1
17,0,2,0,1515.1,92.55,1,2,2,1,1
13,0,1,1,816.8,63.15,1,1,2,1,0
67,2,1,2,4868.4,74.0,0,2,1,1,0
24,0,1,0,688.0,29.1,0,1,1,1,0
6,0,1,1,288.35,50.05,0,1,1,0,0
53,1,1,0,3229.65,60.05,1,1,1,1,1
16,0,2,2,1178.25,74.3,1,1,1,1,1
10,0,0,0,185.4,20.0,0,0,0,0,0
13,1,2,1,966.25,74.65,1,1,1,0,0
9,0,2,0,758.6,85.35,1,2,1,0,1
25,1,1,1,1863.8,74.3,0,2,1,0,1
7,0,1,0,265.8,44.4,1,1,2,0,0
38,2,1,2,3297.0,85.4,1,2,2,1,0
43,0,2,0,4107.3,94.1,1,1,2,1,0
4,0,2,2,396.3,98.1,1,2,2,0,1
25,2,2,0,2809.05,108.9,0,2,2,0,0
27,1,1,1,1567.55,56.2,0,1,1,0,0
72,2,0,1,1851.45,26.1,0,0,0,1,0
71,1,2,2,6028.95,85.45,1,1,1,0,0
24,0,2,2,2072.75,88.95,1,2,1,0,0
50,2,2,0,5551.15,109.65,1,2,2,0,1
57,2,1,2,4317.35,74.35,1,2,2,0,0
15,0,1,0,736.8,48.85,0,1,1,0,0
4,0,2,0,336.15,80.1,1,1,1,0,0
28,0,1,0,1522.65,56.05,0,1,1,0,0
9,0,2,0,622.9,74.55,1,1,1,0,1
55,0,2,2,4959.6,89.8,1,2,1,1,0
3,0,2,0,329.95,100.95,1,2,2,0,1
10,0,2,0,1048.85,94.9,1,2,2,0,1
55,1,0,2,1001.5,19.1,0,0,0,0,0
20,0,0,1,442.6,20.35,0,0,0,1,0
62,1,2,2,6703.5,106.05,1,2,2,1,0
32,0,2,0,3351.55,104.9,1,2,2,1,1
43,2,0,2,779.25,19.65,1,0,0,0,0
9,1,1,2,259.8,24.1,0,1,1,1,1
60,2,1,2,3483.45,59.85,0,1,1,1,0
58,2,1,0,4890.5,86.1,1,2,2,1,0
7,1,0,1,136.75,19.45,0,0,0,0,0
2,0,2,0,184.15,97.1,0,2,2,1,0
37,0,1,0,1315.0,36.65,0,1,1,0,0
65,1,2,2,6767.1,103.9,1,2,2,1,0
39,2,0,1,757.95,19.75,0,0,0,1,0
66,1,2,0,6890.0,104.05,1,2,2,1,1
68,2,0,1,1657.4,24.55,0,0,0,0,0
62,2,1,2,3008.55,48.7,0,2,1,1,0
3,0,2,1,262.05,88.35,1,2,1,0,1
72,2,2,0,8165.1,109.55,1,2,2,1,0
41,2,0,2,875.55,20.65,0,0,0,1,0
29,0,2,2,2649.15,94.65,0,2,2,1,1
4,0,1,0,220.65,55.2,0,1,1,0,0
53,1,0,2,1301.9,24.05,0,0,0,0,0
1,0,2,0,74.4,74.4,1,1,1,1,1
41,0,1,2,3326.2,79.9,0,1,2,1,1
39,2,0,2,790.0,20.45,1,0,0,1,0
63,2,0,1,1237.65,19.25,0,0,0,1,0
15,0,0,0,378.6,26.35,1,0,0,0,0
13,1,1,0,592.65,43.8,0,1,1,1,0
1,0,1,1,50.15,50.15,1,1,1,0,0
1,2,0,1,20.45,20.45,0,0,0,0,0
8,0,2,0,560.85,69.7,1,1,1,0,1
60,2,1,0,3638.25,61.4,0,1,1,0,0
12,0,2,0,1060.2,98.1,1,2,1,1,1
40,1,1,2,2921.75,70.75,0,2,1,1,0
66,2,1,2,4017.45,61.15,1,1,1,0,0
42,1,0,1,854.9,20.25,0,0,0,1,0
66,1,1,2,4174.35,63.85,1,1,1,0,0
49,0,2,0,4920.55,98.7,0,2,2,0,0
1,0,0,1,20.5,20.5,0,0,0,0,1
41,2,0,1,810.3,20.0,0,0,0,0,0
41,2,0,2,772.4,19.3,0,0,0,1,0
23,0,2,1,1936.85,84.4,0,1,1,1,0
3,0,1,0,79.8,25.1,0,1,1,0,0
4,0,1,1,202.25,48.25,0,1,2,0,0
52,2,0,1,1070.5,19.85,0,0,0,1,0
4,0,2,0,347.65,99.6,1,2,2,1,1
11,0,2,0,999.9,94.2,1,1,2,0,0
2,0,1,1,113.1,62.15,1,1,2,1,0
26,0,2,2,2015.8,79.3,0,1,1,1,0
24,1,1,2,1454.25,56.25,1,1,1,1,0
12,0,0,1,246.7,20.3,0,0,0,0,0
60,0,2,0,6017.9,99.0,1,2,2,1,0
64,2,1,1,5817.45,90.6,1,2,2,1,0
66,2,1,2,5595.3,85.9,1,2,2,1,0
60,1,2,2,4765.0,79.2,1,1,1,0,0
17,1,1,2,1201.65,70.35,1,2,1,1,0
42,2,0,1,867.3,19.35,0,0,0,1,0
1,0,1,0,50.15,50.15,1,1,1,0,0
47,2,1,2,3007.25,63.8,0,1,2,1,0
10,0,0,1,252.75,20.55,1,0,0,1,0
70,2,1,2,6306.5,88.55,1,2,2,1,0
67,0,2,2,6841.05,101.4,1,2,2,0,0
1,0,2,0,81.95,81.95,1,1,2,0,1
7,0,2,0,451.1,69.35,1,1,1,1,1
1,0,1,1,44.6,44.6,0,1,1,0,0
4,0,1,2,226.2,63.75,1,2,1,0,0
66,2,2,2,7082.5,109.25,0,2,2,1,0
12,0,2,0,1017.35,84.6,1,1,2,0,0
24,1,0,2,527.35,20.45,0,0,0,0,0
26,0,2,0,2146.5,85.75,1,2,1,0,0
6,0,2,0,455.3,91.1,1,2,2,0,1
57,2,2,0,5969.85,107.95,0,2,2,1,0
14,0,2,0,1235.55,86.1,1,2,1,1,1
42,2,0,0,1014.25,22.95,0,0,0,1,0
25,0,2,2,2362.1,94.7,1,2,2,0,1
64,2,0,2,1225.65,19.45,0,0,0,1,0
22,0,2,0,1873.7,85.1,1,1,2,1,1
19,1,0,2,386.5,19.7,1,0,0,0,0
61,0,2,0,6010.05,99.15,1,2,2,1,1
22,0,2,2,1850.65,87.0,1,2,1,1,0
70,0,2,0,7101.5,102.95,1,2,2,1,1
12,0,2,2,1043.4,79.95,1,1,2,0,0
31,1,1,0,1910.75,64.0,1,1,2,1,0
11,0,1,0,716.1,64.9,1,2,2,0,0
68,2,0,1,1686.15,25.75,0,0,0,1,0
72,2,1,2,6716.45,90.15,1,2,2,1,0
67,2,2,2,7839.85,116.1,1,2,2,0,0
60,0,2,2,6236.75,104.95,1,2,2,0,0
1,0,1,1,45.05,45.05,1,1,1,0,1
1,0,2,0,71.0,71.0,1,1,1,0,1
58,1,1,1,2919.85,50.0,0,2,1,1,0
47,0,2,2,3309.25,70.55,0,1,1,1,1
1,0,2,0,79.7,79.7,1,1,2,0,1
1,0,0,1,20.45,20.45,0,0,0,0,0
22,0,1,0,1254.7,59.0,0,1,1,0,1
48,1,1,2,2896.4,60.35,1,1,1,0,1
37,1,0,2,717.5,19.85,1,0,0,1,0
13,1,0,0,253.8,19.95,1,0,0,0,0
43,2,0,2,1110.05,26.45,0,0,0,0,0
6,2,1,1,348.8,63.4,1,2,2,0,0
71,2,1,2,3888.65,53.95,0,2,1,0,0
1,0,2,0,69.25,69.25,1,1,1,1,1
72,2,2,0,6843.15,95.1,1,2,1,1,0
6,0,2,0,450.9,74.1,1,1,1,0,0
12,0,1,1,432.25,35.5,0,1,1,1,0
25,0,2,1,1767.35,70.95,0,1,1,0,1
21,1,2,0,1742.45,79.2,0,1,1,1,0
6,0,1,1,297.35,48.8,1,1,1,1,0
20,0,2,1,1820.45,89.0,1,2,2,1,1
18,0,2,0,1742.95,99.4,1,2,2,1,1
43,1,1,0,2444.25,55.45,0,1,1,0,0
35,2,0,2,949.8,25.4,1,0,0,1,0
1,0,2,2,73.5,73.5,0,1,1,0,1
32,0,2,0,2970.8,93.5,1,1,2,1,0
52,2,1,2,3334.95,63.9,0,2,2,0,0
32,1,1,2,2010.95,64.85,1,2,2,0,0
72,2,1,2,4684.3,63.8,1,2,2,1,0
51,0,1,2,2181.55,44.45,1,1,2,0,0
68,2,0,2,1303.25,19.95,1,0,0,1,0
8,0,1,1,371.4,43.35,1,1,2,1,0
49,2,1,2,2409.9,49.65,0,2,2,1,0
72,2,1,1,6155.4,85.1,0,2,2,1,0
9,0,2,0,829.1,95.5,1,2,2,0,1
28,0,2,1,2602.9,92.35,1,2,2,1,1
54,0,2,1,4667.0,89.8,0,2,1,0,0
11,0,2,0,824.75,74.55,1,1,1,0,1
50,1,2,1,5153.5,103.05,0,2,2,1,0
69,2,2,0,8182.85,116.0,1,2,2,1,0
1,0,2,0,69.9,69.9,1,1,1,0,0
68,2,2,2,6683.4,95.1,0,1,2,1,0
40,1,1,1,1564.05,40.25,0,1,1,0,0
31,2,0,1,755.6,25.75,0,0,0,1,0
33,0,2,2,3465.05,105.35,1,2,2,0,0
55,2,2,0,6292.7,113.6,1,2,2,1,0
68,2,0,2,1664.3,24.0,1,0,0,1,0
12,0,0,2,198.1,19.4,0,0,0,1,0
71,2,1,2,6045.9,86.1,1,2,2,1,0
40,0,2,1,4108.15,102.65,1,2,2,0,0
64,1,2,0,5980.75,92.85,1,1,2,1,0
53,1,2,2,5043.2,97.75,0,1,2,1,0
12,0,2,1,1029.75,83.8,1,1,1,0,1
53,0,1,0,2854.55,54.45,1,2,2,0,1
72,2,2,2,7114.25,97.95,1,2,1,1,0
46,2,0,0,907.05,19.95,0,0,0,0,0
40,2,0,1,973.95,24.6,1,0,0,0,0
12,0,1,2,605.75,50.95,1,2,1,0,0
9,0,2,0,661.55,75.6,0,1,1,0,0
51,0,2,0,4116.9,80.75,1,1,1,1,0
49,0,2,2,4494.65,90.4,1,2,1,1,0
41,0,2,0,4259.3,99.8,1,2,2,1,1
56,1,1,2,3282.75,60.25,1,1,1,0,0
4,0,0,0,55.7,20.2,1,0,0,0,0
20,1,1,1,1274.45,64.15,1,1,2,1,0
26,0,0,2,493.95,20.25,1,0,0,1,0
20,0,2,2,2239.65,105.85,1,2,2,1,1
7,0,2,1,480.75,75.45,0,1,1,0,1
7,0,2,0,635.6,93.85,1,2,2,0,1
51,0,2,0,5038.15,99.0,1,2,2,0,0
4,0,2,1,324.2,80.3,1,1,1,0,0
1,0,0,2,19.55,19.55,0,0,0,0,0
27,0,2,0,2793.55,100.75,0,2,1,1,0
22,0,2,0,2095.0,100.75,1,2,2,0,1
12,0,1,1,648.65,53.75,1,1,1,0,0
3,0,1,1,95.05,31.0,1,1,1,1,1
34,1,0,2,917.15,25.6,1,0,0,1,0
24,1,1,0,1346.9,58.35,1,1,1,1,0
51,0,2,2,4242.35,80.0,0,1,1,0,1
14,0,1,0,672.7,46.35,1,2,2,0,0
59,2,2,0,6561.25,113.75,0,2,2,1,0
3,0,2,0,268.45,90.4,0,1,2,0,0
65,2,2,0,7337.55,109.3,0,2,2,1,0
5,0,2,1,331.9,70.25,1,1,1,0,1
59,2,1,2,5194.05,90.3,0,2,2,1,0
72,2,1,2,4478.85,65.25,1,2,2,1,0
62,0,2,0,6283.3,100.15,1,2,2,1,1
28,0,2,2,2659.4,94.5,1,1,2,0,1
3,0,1,1,196.9,60.65,0,1,2,0,0
19,0,0,2,439.2,24.1,1,0,0,0,0
1,0,0,1,19.5,19.5,1,0,0,0,0
24,0,2,0,2107.15,85.95,1,1,1,0,0
57,1,1,0,3035.8,53.5,1,1,1,0,0
72,2,0,2,1866.45,25.45,0,0,0,0,0
67,2,0,2,1430.95,20.5,0,0,0,0,0
52,1,0,2,1071.6,20.85,1,0,0,1,0
71,2,1,2,6457.15,89.9,0,2,2,1,0
26,1,0,1,684.05,26.0,0,0,0,1,0
35,2,2,1,3914.05,113.2,1,2,2,0,0
55,2,2,2,3842.6,69.05,1,1,1,1,0
33,2,0,1,670.35,20.1,0,0,0,1,0
72,2,2,0,7880.25,109.65,1,2,2,1,0
1,0,0,1,19.2,19.2,1,0,0,0,0
10,0,1,1,298.45,33.9,1,1,2,0,1
37,0,2,0,3371.75,90.0,0,2,1,1,0
12,0,1,1,442.45,34.0,0,1,1,0,0
1,1,0,1,20.4,20.4,0,0,0,1,0
62,2,1,2,2345.55,38.6,1,1,1,1,0
1,0,1,2,25.25,25.25,0,1,1,0,0
18,0,1,1,1156.35,60.6,1,1,1,0,0
69,0,2,0,6143.15,89.95,1,2,1,1,1
2,0,2,0,144.8,74.75,1,1,1,0,0
19,0,0,1,414.95,20.6,0,0,0,1,0
12,0,2,0,1059.55,84.45,1,2,1,0,1
9,0,0,1,181.8,20.4,0,0,0,0,0
27,1,1,0,2212.55,81.7,0,2,2,0,0
27,0,2,0,2180.55,79.5,1,1,1,0,1
1,0,2,1,89.15,89.15,0,2,2,1,1
24,0,0,1,459.95,20.3,1,0,0,0,0
14,0,2,0,1036.75,74.95,1,1,1,0,1
32,0,2,0,2276.95,74.4,1,1,1,0,1
11,1,0,1,211.95,20.0,0,0,0,0,0
1,0,0,1,25.0,25.0,1,0,0,0,0
38,0,2,1,3162.65,80.45,1,1,1,0,0
9,2,0,1,210.65,19.75,0,0,0,1,0
54,2,1,2,3566.7,65.65,1,1,1,1,0
29,1,1,2,2080.1,71.0,1,2,2,0,0
44,0,2,0,4040.2,89.2,1,2,1,1,0
59,2,1,0,5186.0,86.75,1,2,2,1,0
3,0,1,0,196.15,55.3,1,1,2,0,1
18,1,1,1,1087.45,61.5,1,1,1,1,0
67,2,0,2,1672.15,25.1,0,0,0,0,0
22,0,1,0,1206.05,55.15,0,1,1,1,1
33,1,1,2,1113.95,34.05,0,1,1,0,0
5,0,0,1,107.05,19.95,0,0,0,0,0
2,0,0,1,38.15,19.95,0,0,0,0,0
72,2,1,2,6339.3,89.7,0,2,2,1,0
9,0,0,1,184.1,20.4,0,0,0,0,0
67,2,0,1,1688.9,26.3,0,0,0,1,0
16,0,2,0,1378.25,84.95,1,2,1,1,1
8,0,0,1,137.6,20.7,1,0,0,0,0
5,0,1,1,219.0,43.25,1,1,1,0,1
23,1,1,2,1067.15,48.35,1,1,1,1,1
1,0,2,0,79.55,79.55,1,2,1,0,1
50,0,2,0,3444.85,71.05,1,1,1,1,1
17,2,0,2,369.05,19.45,0,0,0,0,0
68,2,2,2,7553.6,110.8,1,2,2,1,0
1,0,2,0,84.5,84.5,0,2,1,0,1
25,0,2,0,1813.1,69.3,1,1,1,1,0
67,1,1,2,3321.35,49.35,1,2,1,0,0
32,1,0,2,707.5,20.35,0,0,0,0,0
67,1,2,0,7112.15,105.6,1,2,2,1,0
72,2,1,2,4641.1,64.45,1,2,2,1,0
71,2,2,2,7690.9,108.6,1,2,2,1,1
1,0,1,0,49.9,49.9,1,1,1,0,0
46,0,1,2,1380.1,30.3,0,1,1,0,1
2,0,1,0,78.65,30.4,1,1,1,0,1
1,0,1,1,45.4,45.4,1,1,1,0,1
48,1,1,0,3094.65,65.65,1,1,2,1,0
61,1,2,2,6518.35,103.3,1,2,2,1,0
32,0,2,2,2585.95,84.15,0,1,2,1,1
2,0,1,0,82.7,44.45,0,1,1,0,0
3,0,0,0,58.85,19.75,0,0,0,0,1
5,0,2,2,425.9,85.4,1,1,2,0,1
71,2,1,2,6342.7,89.9,0,2,2,1,0
37,0,1,1,2030.75,55.05,1,1,1,1,0
65,2,2,2,6700.05,104.1,1,2,2,1,0
67,1,2,2,7244.7,106.6,1,2,2,0,0
49,0,2,2,3678.3,75.2,0,1,1,0,1
50,2,1,2,3486.65,70.5,1,2,1,1,0
25,1,0,0,411.15,19.6,0,0,0,1,0
17,1,1,1,937.5,55.85,1,1,1,0,1
64,2,0,1,1559.15,24.05,1,0,0,1,0
25,1,1,2,970.4,38.1,1,2,1,1,0
23,0,2,0,2483.5,106.4,1,2,2,0,1
24,0,1,1,828.2,34.25,0,1,1,1,0
37,0,2,0,3810.55,100.05,1,2,2,0,0
21,0,2,0,1493.2,68.65,1,1,1,0,0
1,0,1,1,45.8,45.8,1,1,1,0,0
10,0,2,1,777.3,75.75,1,1,1,0,0
6,0,2,0,556.35,84.4,1,1,2,0,1
51,1,2,2,4911.05,96.4,1,1,2,1,0
10,0,0,1,187.35,20.55,1,0,0,0,0
6,0,1,2,307.6,50.95,0,1,2,0,0
47,2,1,1,4318.35,90.5,1,2,2,1,0
61,1,1,0,4820.55,79.4,1,1,2,1,0
52,2,1,2,3038.55,58.75,1,2,2,0,0
35,0,1,2,2136.9,59.45,1,1,1,1,0
71,1,2,2,7472.15,105.7,1,2,2,1,0
6,0,1,0,389.1,56.25,0,1,1,0,1
45,2,1,2,2296.25,53.3,0,1,1,1,0
2,0,2,0,187.45,85.55,1,2,1,0,1
4,0,1,2,261.25,68.65,1,2,2,0,1
2,0,1,1,38.45,24.3,0,1,1,0,0
4,0,2,0,299.2,77.85,0,2,1,0,1
51,1,1,2,3043.6,59.9,0,1,1,0,0
60,1,0,2,1506.4,23.95,0,0,0,1,0
9,1,0,1,163.7,20.15,1,0,0,0,0
3,0,2,2,323.25,105.35,1,2,2,0,1
17,0,2,2,1640.0,95.65,1,1,2,0,0
8,0,2,0,762.1,87.05,1,2,1,0,1
46,2,1,1,3846.35,81.0,0,2,2,1,0
68,2,1,2,5646.6,82.45,1,2,2,0,0
1,0,1,1,53.5,53.5,1,2,1,0,1
4,1,0,2,79.05,20.5,0,0,0,1,0
1,0,1,1,25.1,25.1,1,1,1,0,1
28,1,1,2,1516.6,54.4,1,1,1,0,0
39,1,1,2,2224.5,58.6,1,2,1,0,0
11,0,2,0,888.75,84.8,0,1,2,0,0
71,2,1,2,4310.35,61.4,1,2,2,1,0
2,0,0,1,42.9,20.4,0,0,0,0,0
30,0,2,1,2365.15,79.65,1,1,1,1,1
17,1,0,1,353.65,20.15,0,0,0,0,0
55,0,2,2,5073.1,94.45,1,2,1,1,0
58,0,2,2,4526.85,79.8,1,1,1,0,0
5,0,1,0,308.25,54.2,0,1,1,0,1
1,0,0,0,19.45,19.45,1,0,0,0,1
9,0,2,0,678.45,74.05,1,1,1,0,0
26,0,1,2,1237.3,49.15,0,1,1,0,0
50,2,0,2,1023.95,19.4,0,0,0,0,0
72,2,2,2,8182.75,113.65,1,2,2,1,0
43,1,2,2,4532.3,106.0,1,2,2,0,0
56,2,0,2,1444.05,25.95,1,0,0,0,0
1,0,0,1,19.1,19.1,0,0,0,0,0
72,2,2,0,7372.65,103.4,1,2,2,1,1
72,2,2,2,7325.1,100.55,1,1,2,1,0
36,0,2,0,3474.2,95.4,1,2,2,1,0
5,0,1,2,392.65,75.15,0,2,2,0,0
13,0,2,0,1058.6,84.45,1,1,1,0,1
44,1,2,2,3990.75,89.15,0,1,2,0,0
70,1,2,0,7475.85,107.9,1,2,2,1,0
44,1,0,2,835.5,19.5,0,0,0,0,0
32,0,2,2,2628.6,85.95,1,2,1,1,1
69,2,0,2,1718.35,24.95,1,0,0,1,0
16,0,1,0,1023.9,59.4,0,2,1,0,1
68,1,0,2,1193.55,19.5,0,0,0,1,0
16,0,2,2,1205.5,69.95,1,1,1,0,0
68,2,1,2,5776.45,82.85,0,2,2,1,0
4,0,0,1,78.9,19.0,0,0,0,0,0
26,0,1,2,1025.15,38.85,0,1,1,1,0
29,0,1,0,856.35,30.6,1,1,1,0,1
5,0,0,2,122.0,20.35,0,0,0,0,0
70,1,2,2,6602.9,95.0,1,2,1,1,0
24,1,1,2,1712.9,74.4,0,2,2,1,0
72,2,1,2,5682.25,78.45,0,1,2,1,0
1,0,2,1,74.3,74.3,1,1,1,0,0
70,1,1,2,3635.15,51.05,1,1,2,1,0
36,0,0,2,702.9,19.2,0,0,0,1,0
38,0,2,0,3734.25,99.55,1,2,2,0,1
17,0,2,0,1144.5,70.0,1,1,1,0,1
41,1,2,2,4454.25,109.1,1,2,2,1,0
1,0,1,0,45.3,45.3,1,1,1,0,1
2,0,1,2,75.6,29.85,0,1,1,0,1
14,0,2,0,1117.55,76.45,0,1,1,0,0
2,0,2,2,180.25,95.1,1,1,2,0,1
1,0,0,1,19.8,19.8,0,0,0,0,1
13,0,1,0,930.05,72.8,1,2,1,1,0
6,0,0,1,110.15,18.95,0,0,0,0,0
4,0,2,2,333.6,76.65,1,1,1,0,1
5,0,2,1,465.05,99.15,1,2,2,1,1
15,0,2,0,1669.4,101.75,0,2,2,1,0
47,0,2,2,3545.1,75.45,0,1,1,0,0
8,0,1,1,504.05,64.1,0,1,2,0,0
17,0,1,1,440.2,25.65,1,1,1,0,0
15,0,2,1,1151.55,75.1,0,1,1,1,0
26,1,2,2,2475.35,95.85,1,1,2,0,0
23,0,1,0,1249.25,54.4,0,1,1,0,0
4,0,2,0,317.75,72.75,0,1,1,0,0
29,1,0,1,535.05,19.85,0,0,0,0,0
25,0,0,1,461.3,19.05,0,0,0,0,0
9,0,1,1,431.0,44.95,0,1,1,0,1
18,0,1,1,878.35,49.55,1,1,1,1,1
3,0,2,0,335.75,94.85,1,2,2,0,0
69,2,1,2,3121.4,46.25,0,1,1,1,0
14,1,0,1,324.8,19.35,0,0,0,0,0
19,0,1,1,1394.55,69.6,0,2,2,0,0
39,0,2,0,3413.25,90.7,0,1,2,0,0
31,0,2,0,3143.65,101.4,1,2,2,0,0
24,1,0,1,439.75,20.25,0,0,0,1,0
14,0,1,2,664.4,48.8,0,1,1,1,0
64,2,1,1,4759.55,74.35,1,1,2,1,0
50,1,0,1,1033.0,19.35,1,0,0,0,0
52,1,1,0,3482.85,68.75,1,2,1,1,0
28,1,2,0,2688.45,100.2,0,2,2,0,0
21,2,0,2,435.25,20.85,1,0,0,0,0
25,0,2,0,2448.75,95.9,1,2,2,0,1
17,1,0,1,307.0,19.35,0,0,0,1,0
58,1,1,2,2689.35,45.0,1,2,2,1,0
17,0,2,2,1329.2,81.5,0,1,2,1,1
51,2,0,1,1281.25,25.5,0,0,0,1,0
72,2,1,1,3527.0,48.9,0,2,1,1,0
52,0,2,0,4348.65,84.1,0,2,1,1,1
27,2,0,1,561.15,19.6,1,0,0,0,0
3,0,0,1,63.6,20.0,0,0,0,0,0
64,2,1,1,5129.3,81.3,1,1,2,1,0
45,2,2,2,4285.8,95.2,1,2,2,1,0
3,0,1,1,93.7,36.45,1,2,1,1,1
71,2,1,2,5894.5,83.3,1,2,2,1,0
1,0,1,1,25.05,25.05,0,1,1,0,1
58,2,0,2,1160.75,20.3,0,0,0,1,0
34,0,2,0,3091.75,89.85,1,2,1,1,0
8,0,1,0,365.55,49.85,1,1,1,0,1
15,0,0,1,272.95,19.8,0,0,0,1,0
66,2,1,2,3632.0,54.65,0,2,2,1,0
12,0,1,2,381.2,29.35,1,1,1,0,0
58,2,0,2,1035.5,19.15,1,0,0,0,0
3,2,0,1,52.0,19.1,0,0,0,1,0
43,0,1,2,2342.2,55.55,0,2,2,1,1
9,0,2,0,653.9,80.55,0,1,1,0,0
3,1,0,1,71.2,20.25,0,0,0,0,0
22,1,1,2,1498.2,69.5,1,2,2,1,1
40,1,2,2,4178.65,106.0,1,2,2,1,0
68,2,0,2,1821.8,25.5,0,0,0,0,0
54,0,2,0,5278.15,104.3,1,2,2,1,1
50,2,1,1,4024.2,79.6,1,2,2,0,0
1,0,1,0,55.25,55.25,1,1,2,0,0
72,2,1,2,6520.8,88.05,0,2,2,1,0
40,1,0,2,854.9,20.4,1,0,0,0,0
72,2,2,2,8308.9,117.6,1,2,2,1,0
6,0,0,1,109.2,20.0,0,0,0,0,0
5,0,0,2,92.05,19.65,1,0,0,0,0
48,1,1,2,3420.5,70.55,1,1,2,1,0
1,0,2,0,93.85,93.85,1,2,2,0,1
64,1,1,1,4068.0,65.8,0,2,1,1,0
17,1,0,2,337.9,20.05,0,0,0,0,0
40,0,2,0,3168.75,80.0,1,1,1,1,0
41,1,1,2,1412.4,35.4,0,1,1,1,0
51,1,2,2,3974.7,79.6,1,1,1,0,0
41,0,2,0,3439.0,80.25,1,1,1,1,0
1,0,1,1,50.45,50.45,0,1,1,1,1
2,0,0,1,42.45,20.45,1,0,0,0,0
68,1,2,2,5461.45,79.6,0,1,1,0,0
24,2,0,1,571.75,24.7,0,0,0,1,0
70,2,1,2,5498.2,77.3,0,1,2,1,0
3,0,1,0,96.85,29.75,1,1,1,0,0
2,0,1,2,111.05,44.9,0,1,1,0,0
3,0,1,2,94.4,29.8,0,1,1,1,0
7,0,1,0,521.1,74.65,1,2,2,0,1
13,0,1,0,923.85,71.95,1,2,2,0,0
7,0,0,1,141.1,20.75,0,0,0,0,0
12,0,1,1,628.65,56.3,1,2,1,1,0
53,1,2,0,5576.3,105.25,1,2,2,1,0
12,0,2,0,1046.1,94.2,1,2,2,0,1
63,2,0,1,1245.6,19.55,0,0,0,1,0
15,0,1,1,1287.85,84.45,0,2,2,0,0
36,1,1,1,1939.35,53.65,0,1,1,1,0
4,0,1,0,118.25,29.9,1,1,1,1,0
24,2,0,1,452.55,19.7,0,0,0,1,0
61,1,1,2,2696.55,43.7,0,1,1,0,0
16,0,1,0,875.35,55.3,0,1,1,0,0
65,2,0,2,1267.05,19.85,1,0,0,1,0
26,2,0,2,494.9,19.65,0,0,0,1,0
16,0,1,1,799.0,49.45,1,1,1,0,0
54,1,2,2,5763.3,106.55,0,2,2,1,1
1,0,0,1,20.1,20.1,0,0,0,0,1
5,2,0,1,106.9,20.45,0,0,0,0,0
19,0,1,0,710.05,39.7,1,1,2,0,0
10,0,1,2,568.2,54.5,1,1,1,0,0
23,0,2,0,1900.25,83.8,0,1,1,1,1
3,0,1,1,159.15,55.15,0,2,1,0,1
72,2,2,2,8012.75,111.6,1,2,2,0,0
10,0,2,0,856.65,86.65,1,1,2,1,1
10,0,1,1,551.3,55.55,1,1,1,1,0
11,1,0,1,184.95,20.55,1,0,0,1,0
37,0,2,2,4056.75,106.75,1,2,2,0,1
17,1,1,1,1096.65,62.1,1,1,1,1,0
36,0,2,2,3684.95,104.5,1,2,2,1,0
17,0,2,0,1752.45,101.8,1,2,2,0,0
66,1,2,2,7210.85,110.6,1,2,2,1,0
61,1,1,2,5264.5,84.9,0,2,2,1,0
22,0,2,1,2157.3,93.2,1,2,2,0,0
1,0,1,0,24.4,24.4,1,1,1,0,0
6,0,2,2,433.95,70.55,0,1,1,0,0
31,0,2,0,2435.15,78.45,1,1,1,0,1
68,2,1,2,5607.75,85.0,1,2,2,1,0
34,0,2,0,2874.15,87.45,0,2,1,1,1
52,0,2,2,4433.3,85.8,0,1,1,1,0
10,0,2,0,964.35,91.1,1,2,1,0,0
29,0,2,0,1974.8,70.75,1,1,1,1,1
72,2,0,2,1460.85,20.1,0,0,0,1,0
47,1,0,1,951.55,20.05,0,0,0,1,0
24,1,1,1,1821.2,74.8,0,2,2,1,0
65,1,0,2,1600.95,24.8,0,0,0,0,0
4,0,2,1,399.25,100.85,1,2,2,0,0
12,0,2,0,1218.55,101.35,1,2,2,1,1
1,0,2,0,81.7,81.7,1,1,1,0,1
33,0,2,0,2171.15,68.25,0,1,1,0,1
34,0,2,0,3634.8,105.1,1,2,2,0,0
14,2,0,1,292.4,20.4,0,0,0,1,0
4,0,2,0,317.25,79.15,1,1,2,0,1
13,1,0,1,218.55,20.0,0,0,0,1,0
65,2,1,2,5071.9,79.4,1,2,2,1,0
23,1,1,2,1423.35,57.2,0,1,1,1,0
55,2,1,0,3068.6,58.6,0,1,1,1,0
49,2,2,0,4690.65,94.8,1,2,2,1,0
60,1,2,2,6157.6,102.5,0,2,2,1,0
69,1,0,2,1442.65,20.35,1,0,0,1,0
40,0,2,0,3369.05,84.9,1,2,1,0,0
67,2,1,2,4671.65,69.2,1,1,2,1,0
35,0,2,0,3474.05,95.45,1,2,2,0,1
19,1,2,0,1875.55,100.95,1,2,2,1,1
13,2,0,1,272.35,20.85,0,0,0,1,0
41,0,2,2,3645.05,88.5,1,2,1,0,0
4,0,1,1,135.75,35.0,0,1,1,0,0
24,0,1,0,1319.85,55.15,0,1,1,1,0
5,0,1,2,229.4,50.95,1,2,2,0,0
5,0,1,0,370.25,64.0,1,1,2,0,0
1,0,2,1,69.1,69.1,1,1,1,1,1
72,2,1,2,5714.2,80.2,0,2,1,1,0
24,0,1,2,1233.25,49.3,1,1,1,0,0
42,2,1,2,3571.6,84.35,0,2,2,1,0
4,0,0,1,83.3,20.05,0,0,0,0,0
68,1,2,2,8035.95,117.2,1,2,2,0,0
33,1,0,1,579.4,20.1,0,0,0,1,0
1,0,2,0,69.6,69.6,1,1,1,0,1
31,1,2,0,3066.45,103.45,1,2,2,0,1
4,0,2,2,305.55,77.95,0,1,1,0,1
69,2,2,0,7634.25,109.95,1,2,2,1,0
38,0,2,0,3653.0,94.75,0,2,2,0,0
3,0,2,0,241.3,80.0,1,1,1,1,0
48,2,1,0,3870.3,79.65,0,2,2,1,0
15,2,0,1,387.9,25.2,0,0,0,1,0
25,1,0,2,527.5,19.9,0,0,0,0,0
1,0,2,0,78.45,78.45,0,2,1,0,1
48,0,1,0,2104.55,44.8,1,2,1,0,0
1,0,0,1,20.3,20.3,0,0,0,0,0
1,0,0,0,19.2,19.2,0,0,0,0,0
37,1,2,0,3019.1,80.05,0,1,1,0,0
66,1,2,2,7051.95,107.35,1,2,2,1,0
26,1,1,2,1190.5,47.85,0,2,1,1,0
63,1,1,2,4448.8,70.8,0,2,1,1,0
10,0,1,1,255.25,29.5,0,1,1,0,1
2,0,1,0,146.9,70.75,1,2,2,0,1
18,0,1,2,1011.05,59.1,1,1,2,1,0
64,2,0,1,1714.95,25.55,0,0,0,1,0
9,0,2,0,762.5,84.45,1,1,2,0,1
28,0,0,1,535.35,20.25,0,0,0,0,0
1,0,2,0,75.55,75.55,0,1,1,0,0
4,0,2,0,338.9,85.65,1,1,2,0,1
38,1,1,2,2497.35,70.15,1,2,1,0,1
66,1,2,0,6273.4,95.3,0,1,2,1,0
1,0,2,0,70.25,70.25,1,1,1,0,0
18,0,1,1,908.75,50.3,1,1,1,1,0
51,0,2,0,4913.3,97.8,1,2,2,0,1
1,0,1,1,46.3,46.3,0,1,1,0,1
12,2,0,2,212.3,19.35,0,0,0,0,0
41,0,2,0,4443.45,106.3,1,2,2,0,1
12,0,0,0,316.2,25.0,0,0,0,0,0
55,2,0,1,1079.05,20.3,0,0,0,1,0
7,0,2,0,564.65,75.35,1,1,1,0,0
12,0,2,0,1095.65,89.4,1,1,2,0,1
68,2,1,2,6161.9,88.0,0,2,2,1,0
5,0,2,2,446.05,83.15,1,2,1,0,1
49,0,1,1,2106.05,43.8,0,1,1,0,0
40,1,1,2,2511.55,62.05,0,2,2,0,0
16,1,0,2,318.6,20.1,0,0,0,0,0
10,0,2,1,811.8,74.15,1,1,1,0,1
72,1,2,0,7323.15,101.35,1,2,2,1,0
2,0,2,0,186.05,84.05,1,1,2,0,0
23,2,0,1,454.0,20.9,0,0,0,1,0
71,1,2,0,7521.95,105.9,1,2,2,0,0
11,0,2,0,1056.95,99.5,1,2,2,1,1
1,0,1,1,44.15,44.15,1,1,1,0,1
16,0,1,1,834.15,53.9,1,1,1,0,1
1,0,2,1,85.45,85.45,1,1,2,0,1
12,0,2,2,999.8,85.05,1,1,2,1,0
54,1,1,2,2369.7,44.1,0,1,2,0,0
68,2,2,2,6297.65,90.2,0,1,1,1,0
4,0,1,1,239.55,50.85,0,1,1,1,1
1,0,1,0,59.2,59.2,0,1,2,0,1
27,0,1,1,1461.45,53.45,0,1,1,0,0
21,0,0,1,416.4,19.95,1,0,0,0,0
13,0,2,0,1060.6,83.2,1,2,1,0,1
64,0,1,2,4869.35,74.65,0,1,2,0,0
1,0,1,0,54.9,54.9,1,1,1,0,1
57,2,1,2,3265.95,57.5,1,2,2,1,0
21,0,2,0,2254.2,103.9,1,2,2,1,1
19,2,0,1,358.15,19.65,0,0,0,0,0
31,1,2,0,2939.8,93.8,1,2,2,1,0
52,2,1,1,4652.4,89.25,1,2,2,0,0
46,1,2,0,4408.45,94.15,1,1,2,0,0
11,0,1,0,580.8,55.6,1,1,1,0,0
53,0,1,2,2495.2,48.7,1,1,2,1,0
11,0,0,1,180.3,19.25,1,0,0,1,1
57,0,2,2,5913.95,104.9,1,2,2,0,0
2,0,2,1,158.4,75.45,1,1,1,0,1
2,0,1,1,104.2,54.85,0,1,1,0,1
71,2,0,2,1389.35,19.9,0,0,0,1,0
1,0,0,1,19.4,19.4,1,0,0,1,0
68,2,0,2,1629.2,25.05,0,0,0,1,0
72,2,1,1,6033.1,84.45,0,2,2,1,0
2,0,0,1,44.4,19.3,0,0,0,0,0
1,0,2,0,95.1,95.1,1,2,2,1,1
41,1,1,2,3320.75,79.85,1,2,2,0,0
72,2,0,2,1867.7,25.55,0,0,0,1,0
6,0,2,0,438.0,75.5,1,1,1,1,1
4,0,2,0,325.45,73.75,1,1,1,1,1
12,0,2,0,1148.1,96.05,1,2,2,0,1
58,1,1,0,3972.25,68.4,1,1,2,1,0
7,0,0,1,155.9,20.65,0,0,0,0,0
65,0,1,1,3673.15,55.15,1,1,1,1,0
1,0,2,1,70.6,70.6,1,1,1,0,0
56,1,0,2,1126.75,19.95,0,0,0,1,0
4,0,0,1,73.45,19.0,0,0,0,0,0
58,1,1,1,2413.05,44.1,1,1,1,1,0
62,2,2,2,6912.7,107.6,1,2,2,1,0
26,1,1,0,1581.95,61.55,0,1,1,0,0
62,0,2,2,5586.45,90.7,0,1,1,0,0
58,1,2,2,5846.65,99.25,0,2,2,1,0
68,2,1,0,6424.7,91.7,1,2,2,1,0
61,1,2,2,6018.65,100.7,1,1,2,1,0
42,2,1,2,3373.4,78.45,1,2,2,0,0
18,0,2,2,1537.9,84.3,0,2,1,0,0
56,2,0,2,1080.55,19.55,1,0,0,0,0
4,0,2,0,355.2,88.95,1,1,2,0,1
4,0,0,2,82.85,20.45,0,0,0,0,0
35,1,1,2,2016.45,55.6,0,1,1,0,0
64,0,2,2,5327.25,86.8,1,1,1,1,0
31,1,0,1,683.25,20.95,0,0,0,0,0
67,2,0,2,1263.05,20.05,1,0,0,1,0
4,0,1,2,151.3,50.7,0,1,1,0,1
70,2,2,0,7714.65,113.65,1,2,2,1,0
3,0,1,2,188.7,53.4,0,2,1,0,1
53,0,2,0,5549.4,101.9,1,2,2,1,1
2,2,1,1,130.5,59.5,0,1,1,1,0
29,0,2,2,2621.75,87.8,1,2,2,1,0
47,2,1,1,1875.25,41.9,0,1,1,0,0
68,1,2,0,5685.8,83.0,1,2,1,1,1
12,0,1,1,837.5,69.85,1,2,2,0,0
8,0,1,2,401.5,56.3,0,1,1,1,0
54,0,2,0,6118.95,109.55,0,2,2,1,0
69,2,2,1,6480.9,92.15,1,2,1,1,0
26,0,1,2,1800.05,69.5,1,2,1,0,0
72,2,2,2,7104.2,97.0,1,1,1,1,0
70,2,1,2,4214.25,58.35,1,2,2,0,0
1,0,1,1,50.6,50.6,0,1,1,0,1
10,0,2,0,863.1,89.5,1,2,2,0,1
28,1,2,2,1992.2,70.4,1,1,1,1,0
1,0,2,0,69.8,69.8,1,1,1,0,1
21,0,2,0,1948.35,94.3,1,2,2,1,0
51,0,2,2,4750.95,93.8,1,2,1,1,1
53,1,0,2,1007.9,19.55,0,0,0,1,0
53,1,2,0,5036.9,95.95,0,1,2,0,0
24,0,2,0,2391.8,101.05,1,2,2,1,1
70,2,1,2,6859.05,94.8,1,2,2,1,0
61,1,2,0,6521.9,107.75,1,2,2,0,0
11,1,1,1,617.85,54.6,1,1,1,0,0
2,0,2,2,157.75,71.3,1,1,1,0,0
25,1,0,2,516.3,19.5,1,0,0,0,0
41,1,1,2,2364.0,56.3,1,1,1,0,0
18,0,2,0,1687.95,94.7,1,2,2,1,1
72,2,2,2,7689.95,104.15,1,2,2,1,1
71,2,1,2,6239.05,90.55,1,2,2,1,0
34,1,1,1,2042.05,60.8,1,1,1,1,0
29,0,2,2,2807.1,98.8,1,2,2,0,0
40,1,2,2,4116.8,98.15,1,2,1,1,0
36,1,1,1,1317.95,35.35,0,1,1,1,0
46,1,2,0,4594.65,103.15,1,2,2,1,0
58,1,2,0,6332.75,107.75,1,2,2,0,0
39,1,2,2,3213.75,81.4,0,1,1,0,0
4,0,1,2,229.55,61.45,0,1,2,1,1
52,1,2,2,4976.15,95.7,1,2,1,1,0
70,1,2,0,7308.95,104.8,1,2,2,1,0
65,1,2,2,4555.2,70.95,1,1,1,1,0
1,0,1,1,44.95,44.95,1,1,1,0,0
70,1,2,0,6982.5,97.65,1,2,2,1,0
29,0,1,1,1025.15,35.65,1,1,1,1,0
1,0,2,0,90.55,90.55,1,2,2,0,1
67,2,1,1,5714.2,85.25,1,2,2,0,0
1,0,0,1,19.5,19.5,1,0,0,0,0
26,0,2,2,2274.35,88.8,1,2,2,0,1
30,2,0,1,789.55,25.1,1,0,0,1,0
48,0,2,2,4834.0,100.05,1,2,2,1,0
55,0,1,0,3131.8,55.7,0,1,1,1,0
7,0,2,1,602.55,85.2,1,1,2,0,1
37,0,2,0,3369.25,91.15,1,2,1,0,0
31,0,2,2,2674.15,83.85,1,1,2,1,0
4,0,1,0,199.75,45.9,1,1,1,0,0
72,2,0,2,1790.8,25.1,1,0,0,1,0
5,0,2,0,449.75,91.4,1,2,2,0,1
1,0,0,1,19.7,19.7,0,0,0,1,0
15,0,2,0,1400.3,91.5,1,2,2,0,0
8,0,1,2,411.6,51.3,1,1,1,1,0
35,1,0,1,741.0,21.1,0,0,0,0,0
56,0,2,0,5841.35,104.75,0,2,2,0,0
42,0,2,2,4512.7,106.15,1,2,2,1,1
65,0,2,0,5688.45,85.75,1,1,1,1,0
2,1,0,1,31.9,20.3,0,0,0,1,0
65,1,2,0,6674.65,100.75,1,2,2,1,0
18,0,2,0,1345.75,74.15,1,1,1,0,0
23,1,1,0,1843.05,78.55,1,2,2,0,0
4,0,1,1,196.95,45.3,1,1,1,0,1
70,2,0,2,1433.8,19.85,0,0,0,1,0
4,0,1,0,214.55,50.7,0,1,1,0,0
19,0,1,2,865.85,45.0,1,1,1,0,0
18,0,2,0,1358.6,77.8,0,1,1,0,0
38,0,2,0,3147.15,83.45,1,1,2,1,0
2,0,2,2,131.05,73.25,1,1,1,0,1
47,1,2,2,4535.85,94.8,0,2,1,0,0
52,2,0,2,1078.75,20.1,0,0,0,1,0
9,0,1,1,542.4,59.9,0,1,2,0,0
26,1,1,2,2312.55,90.1,1,2,2,1,0
8,0,1,0,415.05,51.05,1,1,1,1,1
44,1,1,0,3250.45,70.95,1,2,1,1,0
3,0,1,1,98.5,29.2,0,1,1,0,0
2,0,1,2,87.9,46.6,1,1,1,0,0
9,0,2,2,754.65,85.35,1,2,1,1,1
1,0,2,0,75.35,75.35,1,1,1,0,1
25,0,2,2,1952.25,74.3,0,1,1,0,0
2,0,2,0,153.8,69.3,1,1,1,1,0
43,0,2,0,3198.6,75.2,1,1,1,0,1
1,0,0,1,20.9,20.9,0,0,0,0,1
58,1,2,0,5610.15,94.3,1,1,2,1,0
59,2,1,1,4519.5,76.45,1,2,1,1,0
44,1,1,0,2440.25,54.0,1,2,2,0,0
66,1,2,0,6860.6,104.25,1,2,2,0,0
68,2,0,2,1377.7,19.95,0,0,0,1,0
9,0,1,0,190.25,24.95,1,1,1,0,0
19,0,2,0,1651.95,84.75,1,1,1,0,0
4,0,0,1,78.3,19.75,0,0,0,0,0
70,2,2,2,7939.25,113.65,1,2,2,0,0
1,0,1,1,44.9,44.9,1,1,1,0,0
8,0,2,0,576.7,75.25,1,1,1,0,0
53,2,0,1,1279.0,24.6,0,0,0,0,0
51,1,0,2,1260.7,25.0,0,0,0,0,0
11,0,0,2,267.35,20.95,0,0,0,1,0
60,2,2,0,6586.85,110.6,1,2,2,1,0
17,0,1,2,934.15,55.5,1,1,1,0,0
3,0,1,0,123.65,43.3,1,1,1,0,1
70,1,2,2,7534.65,109.5,1,2,2,1,1
1,0,0,1,19.45,19.45,0,0,0,0,0
43,0,2,0,3645.6,84.85,1,2,1,0,0
16,0,0,1,314.45,19.6,0,0,0,1,0
57,1,1,0,3053.0,53.45,0,1,1,1,0
37,1,0,2,677.05,19.8,0,0,0,1,0
72,2,2,2,7965.95,112.1,0,2,2,1,0
11,0,2,2,906.85,84.8,1,1,2,0,1
50,0,2,0,4888.7,95.05,1,2,1,1,1
5,0,1,0,237.25,50.35,0,1,1,0,1
1,0,2,2,74.6,74.6,1,1,1,1,1
16,0,0,1,342.4,19.7,1,0,0,0,1
2,0,2,0,140.1,74.2,1,1,1,1,0
17,0,1,1,1108.0,69.0,1,2,1,0,0
16,1,0,2,295.55,19.35,0,0,0,0,0
15,0,1,0,892.65,59.45,1,1,2,0,1
10,1,0,1,198.25,19.8,1,0,0,0,0
46,1,2,2,4822.85,105.2,1,2,2,0,1
64,2,2,2,6741.15,109.2,1,2,2,1,0
1,0,2,1,79.15,79.15,1,1,1,0,0
25,1,1,1,1355.45,53.65,0,1,1,1,0
71,2,2,2,7209.0,100.2,0,2,1,1,0
8,0,1,1,438.4,45.15,1,1,1,0,1
72,2,2,2,7726.35,108.65,1,2,2,1,0
49,0,1,2,2070.75,40.65,0,2,1,1,0
29,1,1,2,1636.95,55.35,1,1,2,1,0
72,2,2,2,7581.5,105.6,0,1,2,1,0
31,0,2,0,3019.5,93.8,0,2,1,1,1
50,0,2,0,4729.75,95.7,1,2,2,0,0
71,2,1,0,6126.1,83.2,0,2,2,1,0
70,2,1,2,6333.4,90.05,0,2,2,1,0
71,1,2,2,6687.85,97.65,0,1,2,0,0
61,2,1,2,4158.25,68.05,1,1,1,1,0
32,0,2,0,3183.4,96.2,1,2,2,0,1
1,0,2,0,79.6,79.6,1,1,2,0,1
68,2,2,2,7149.35,102.1,1,1,2,0,0
62,2,0,2,1429.65,23.4,0,0,0,0,0
7,0,2,0,472.65,71.05,1,1,1,0,0
20,0,2,0,1734.5,85.25,1,2,1,0,1
6,1,0,1,113.5,19.45,0,0,0,1,0
33,0,1,2,1884.65,59.45,1,2,2,0,0
28,1,2,2,2568.15,92.2,0,2,2,1,0
27,2,0,2,470.0,19.85,0,0,0,0,0
7,0,1,1,278.4,43.9,0,1,1,0,0
26,0,2,0,2088.8,80.5,1,1,1,0,1
5,0,2,0,502.6,89.8,1,1,2,0,1
30,0,2,2,2595.85,90.5,1,1,2,0,0
63,1,2,2,5825.5,90.45,0,1,2,0,0
1,0,1,0,50.75,50.75,1,1,1,0,1
53,1,1,0,4449.75,84.6,1,2,2,0,0
14,0,2,2,1208.35,89.65,1,1,2,1,1
21,0,2,2,1956.4,99.15,1,2,2,0,0
17,1,0,1,310.6,19.95,0,0,0,0,0
16,2,0,1,290.55,20.5,0,0,0,1,0
35,0,1,0,2096.1,62.1,1,1,2,0,0
32,0,2,0,2665.0,79.5,1,1,2,0,0
28,0,0,2,543.8,19.55,1,0,0,1,0
1,0,0,1,20.35,20.35,1,0,0,0,0
59,0,1,0,3005.8,51.7,1,2,2,0,0
72,1,0,2,1623.15,23.3,1,0,0,1,0
36,1,1,1,2498.4,65.4,1,1,2,0,1
40,0,1,1,2586.0,65.1,0,2,1,0,0
40,0,2,0,3292.3,81.2,1,1,1,1,0
9,0,1,1,651.4,72.9,1,2,2,0,1
63,2,1,2,4674.55,74.5,0,2,1,1,0
3,0,2,0,232.35,80.5,1,2,1,0,0
40,1,1,1,2448.5,60.3,0,2,2,1,0
8,0,2,1,658.1,75.0,1,1,1,1,0
34,1,2,1,3128.8,90.15,0,2,1,1,0
5,0,1,1,223.45,40.0,0,1,1,0,1
9,0,2,2,919.4,99.45,1,2,2,0,1
9,0,1,2,653.95,69.05,1,1,2,1,0
31,0,1,2,1825.5,59.7,0,1,2,1,0
50,1,0,2,943.1,19.85,1,0,0,1,0
2,0,2,0,181.65,86.25,1,1,1,0,1
1,0,1,0,45.65,45.65,1,1,1,0,1
8,0,2,1,551.35,70.1,1,1,1,0,1
9,0,1,0,359.4,40.75,0,1,2,0,0
2,0,2,2,115.95,70.2,1,1,1,0,1
3,0,1,0,165.2,55.35,0,1,1,0,1
25,0,2,2,2338.35,95.7,1,2,2,1,0
1,0,1,0,46.3,46.3,0,1,1,0,0
45,0,1,1,3541.1,81.3,0,2,1,1,0
51,0,2,0,4146.05,84.2,1,1,1,1,1
55,0,0,2,1087.25,20.0,0,0,0,1,0
38,0,1,2,2522.4,66.15,1,1,1,0,0
2,0,1,1,81.0,45.85,0,1,1,0,1
38,0,0,0,717.3,19.6,0,0,0,1,0
34,0,1,0,1734.2,49.8,1,1,1,0,0
70,1,2,0,7069.3,101.75,1,2,2,1,0
13,1,1,1,742.9,55.15,0,1,1,0,0
39,0,2,0,3017.65,75.25,0,1,1,0,1
61,1,2,0,6423.0,103.95,1,2,2,0,0
12,0,2,2,1164.3,100.15,1,2,2,0,1
41,2,2,2,4220.35,99.65,1,2,2,0,0
21,0,2,0,1558.7,73.7,1,1,1,0,0
55,1,1,2,2743.45,50.05,1,2,2,0,0
69,2,1,2,4055.5,60.25,0,2,2,1,0
26,0,2,0,2710.25,105.75,0,2,2,1,1
69,1,2,2,6055.55,87.3,0,1,2,1,0
18,0,1,0,810.7,48.35,1,2,2,1,1
47,0,1,0,2538.2,54.25,0,1,1,1,0
72,2,1,2,6129.2,85.3,0,2,2,1,0
33,0,1,0,1750.85,50.0,1,2,1,1,0
2,0,1,1,36.55,24.4,1,1,1,1,1
72,2,1,2,6652.45,90.95,0,2,2,1,0
37,0,2,2,2575.45,72.25,1,1,1,1,0
62,0,2,2,6019.35,96.1,1,1,2,1,0
71,2,0,2,1379.6,19.85,0,0,0,1,0
23,0,1,2,1284.2,55.3,1,1,1,0,0
16,1,0,1,296.15,20.1,0,0,0,0,0
9,0,1,1,653.25,69.5,1,2,1,0,0
17,2,0,1,412.6,25.15,1,0,0,1,0
4,0,0,2,85.5,20.95,0,0,0,0,1
1,0,1,0,49.55,49.55,1,1,1,1,1
24,0,2,1,1928.7,79.65,1,1,1,1,0
1,0,2,0,71.25,71.25,1,1,1,0,0
72,2,2,2,7845.8,113.8,0,2,2,0,0
72,2,0,0,1750.7,24.55,0,0,0,1,0
11,0,0,2,216.2,19.7,0,0,0,0,0
9,0,0,1,178.5,20.25,0,0,0,0,1
2,0,1,2,115.1,50.15,0,1,1,1,1
60,1,2,2,6029.0,100.5,1,2,2,1,0
29,0,2,0,2745.2,95.9,1,1,2,1,1
49,2,1,2,3721.9,74.45,1,2,2,0,0
30,0,2,0,3121.1,104.1,1,2,2,0,0
53,1,0,2,990.45,19.05,0,0,0,1,0
39,2,0,1,1004.35,25.0,0,0,0,0,0
9,0,0,1,157.65,19.05,0,0,0,0,0
39,1,2,0,3219.75,81.9,0,1,1,0,0
8,0,2,0,572.85,69.7,1,1,1,0,0
51,1,2,0,4554.85,90.15,1,1,2,1,0
71,2,0,2,1847.55,25.35,0,0,0,1,0
71,2,0,1,1766.75,24.65,1,0,0,0,0
70,2,0,2,1462.05,19.55,1,0,0,1,0
1,0,1,0,25.25,25.25,0,1,1,0,1
38,2,1,2,2193.2,60.0,1,2,2,1,0
28,0,2,2,2433.5,89.9,0,1,2,1,0
32,0,0,2,641.15,19.4,0,0,0,1,0
49,2,1,1,2398.4,49.8,0,1,1,1,0
37,2,0,2,861.85,24.1,1,0,0,1,0
10,0,1,0,583.0,54.25,0,1,1,0,0
67,1,2,2,7332.4,109.9,0,2,2,1,0
7,1,1,2,249.55,35.5,1,1,1,0,0
51,1,2,2,4475.9,87.55,0,2,2,0,0
9,0,1,0,416.45,45.15,0,1,1,0,1
9,0,2,1,788.6,88.4,1,2,2,0,0
4,0,1,1,202.3,50.8,1,1,1,0,0
71,2,2,0,6994.6,99.0,1,2,1,1,0
50,0,2,2,4116.15,84.4,1,2,1,1,1
24,2,2,0,2263.45,96.55,1,2,2,1,0
22,1,1,2,1374.35,59.75,1,2,1,1,0
44,0,2,0,4915.15,111.5,1,2,2,0,0
33,0,0,2,838.5,24.25,0,0,0,1,0
1,0,2,0,75.1,75.1,1,1,1,0,1
54,1,1,2,3715.65,70.15,1,2,2,1,1
42,0,2,0,4273.45,101.75,1,2,2,0,1
1,0,1,0,45.8,45.8,0,1,1,0,1
1,0,0,1,20.5,20.5,0,0,0,0,0
30,1,1,0,2044.75,70.4,0,2,1,0,0
1,0,1,1,30.55,30.55,0,1,1,0,0
16,0,1,0,1398.25,84.9,0,2,2,1,0
1,0,0,1,20.1,20.1,1,0,0,0,1
9,0,1,1,328.95,40.65,0,2,1,1,1
46,0,2,0,4680.05,101.0,1,2,2,1,1
1,0,2,0,69.1,69.1,1,1,1,0,1
71,2,1,2,3778.2,54.5,0,1,1,1,0
43,0,2,2,3161.4,75.35,1,1,1,0,0
50,1,1,2,2188.45,44.45,1,2,1,1,0
13,0,2,1,999.45,75.0,1,1,1,0,1
19,1,2,2,1888.65,100.0,0,2,2,1,1
41,0,2,2,3990.6,98.05,0,2,2,0,0
1,0,2,0,71.15,71.15,1,1,1,0,1
24,0,1,2,1240.25,54.15,1,2,2,0,1
40,1,1,2,2635.0,63.9,0,2,1,1,0
3,0,1,2,235.0,69.15,1,2,1,1,0
37,1,1,2,2347.85,64.65,0,2,1,0,0
67,2,2,2,7156.2,108.75,1,2,2,1,1
32,0,2,0,3089.6,98.85,1,2,2,1,0
6,0,1,0,270.8,49.15,1,1,1,1,1
32,0,2,0,2901.8,89.6,0,2,1,1,0
59,0,2,0,4949.1,83.25,1,1,1,0,0
30,1,1,2,2198.9,70.25,0,1,2,1,0
20,0,0,0,374.5,19.4,1,0,0,0,1
27,2,0,0,761.95,24.5,0,0,0,1,0
20,0,2,0,1520.9,79.15,1,1,1,0,1
9,1,0,1,190.25,20.1,0,0,0,0,0
68,1,1,2,5163.0,73.0,1,2,1,1,0
69,2,1,2,4059.85,61.4,0,1,1,1,0
26,0,2,1,2281.6,84.3,1,1,1,0,0
69,2,0,2,1356.7,19.9,0,0,0,1,0
11,2,0,1,231.45,20.4,0,0,0,0,0
1,0,1,1,50.75,50.75,0,1,1,0,0
10,1,0,1,242.4,20.45,0,0,0,1,0
55,1,1,2,4264.25,75.75,1,1,2,1,0
44,1,1,0,2774.55,65.4,0,2,1,0,0
46,0,2,0,3605.2,80.4,1,1,2,1,1
69,2,1,2,4069.9,59.75,1,1,1,1,0
11,0,2,0,874.2,78.5,1,1,2,0,0
11,0,2,0,1145.35,102.0,1,2,2,1,1
29,0,1,2,1323.7,48.95,0,1,1,0,0
57,0,2,0,5497.05,99.65,1,2,2,1,0
28,1,0,2,534.7,18.25,0,0,0,0,0
42,0,1,2,2455.05,54.55,0,1,1,0,0
2,0,0,1,38.7,20.65,0,0,0,0,1
23,1,1,2,947.4,40.65,0,1,1,0,0
18,0,0,1,357.0,20.45,0,0,0,1,0
62,1,0,2,1476.25,24.8,0,0,0,1,0
1,0,2,1,70.8,70.8,1,1,1,0,1
16,0,2,2,1448.6,89.05,1,1,2,0,1
3,0,2,0,291.9,96.6,1,2,2,0,1
67,1,1,2,5903.15,88.8,1,2,2,0,0
62,2,0,2,1201.65,20.05,1,0,0,0,0
57,0,2,2,5921.35,104.5,1,2,2,1,1
2,0,2,0,146.65,69.8,1,1,1,0,0
23,2,1,2,1759.4,77.15,1,2,1,1,0
25,2,1,2,844.45,35.05,0,1,1,0,0
72,2,2,2,7774.05,108.1,1,2,2,0,0
2,0,2,0,134.05,84.05,1,2,1,1,0
8,1,0,2,140.95,20.2,1,0,0,0,0
5,0,1,1,249.95,50.6,1,1,1,0,1
35,0,1,0,1701.65,49.2,0,2,2,0,0
24,1,0,0,592.65,24.6,0,0,0,0,0
2,0,2,0,135.75,71.65,1,1,1,1,0
72,2,2,2,7732.65,104.9,1,1,2,1,0
41,0,2,0,4282.4,106.5,1,2,1,0,0
4,0,1,0,219.65,49.35,0,1,1,0,1
26,1,2,2,2018.1,75.5,0,1,1,0,0
7,0,2,0,669.0,94.25,1,2,2,0,1
1,0,2,0,68.95,68.95,1,1,1,1,1
4,0,1,1,224.85,58.5,1,1,1,1,0
48,2,1,2,3771.5,78.9,0,2,2,0,0
2,0,2,0,196.75,93.85,1,2,2,0,1
12,1,1,0,943.85,79.2,1,2,2,1,0
60,0,2,2,6572.85,109.45,1,2,2,1,0
55,2,1,0,3175.85,59.2,1,1,1,0,0
1,0,1,1,29.15,29.15,0,1,1,0,0
1,0,0,1,20.05,20.05,0,0,0,0,0
4,0,2,0,318.9,76.05,1,1,1,0,1
1,0,1,1,24.45,24.45,1,1,1,0,1
42,2,1,2,2762.75,66.5,0,1,2,0,0
1,0,1,2,49.55,49.55,0,1,1,0,0
7,0,2,2,631.85,89.35,1,2,1,0,1
3,0,2,2,232.5,73.6,1,1,1,0,0
72,2,1,2,5919.35,82.65,1,2,2,1,0
15,0,1,0,749.25,49.0,1,1,1,0,0
4,0,2,0,307.4,80.35,1,2,1,1,1
11,1,0,0,245.15,25.2,0,0,0,0,0
5,0,0,1,134.75,25.45,0,0,0,0,0
1,0,1,0,55.8,55.8,1,1,1,0,1
72,2,2,2,8240.85,110.9,1,2,2,1,0
55,0,2,2,4266.4,77.75,1,1,1,1,0
40,0,0,0,1077.5,26.2,1,0,0,1,0
57,2,0,2,1115.6,19.9,0,0,0,1,0
1,0,2,0,79.05,79.05,1,2,1,0,1
1,0,2,0,95.0,95.0,1,2,2,1,1
1,0,1,1,25.2,25.2,0,1,1,0,1
52,1,1,0,4079.55,80.85,1,2,2,1,0
41,0,2,0,4187.75,98.4,1,2,2,0,1
43,1,1,1,2391.15,56.35,1,2,1,1,0
47,2,0,2,890.5,19.3,0,0,0,1,0
3,0,1,2,137.25,50.4,0,1,1,0,0
66,2,1,2,5154.6,79.4,0,2,1,1,1
55,2,1,2,3119.9,55.25,1,1,1,1,0
29,1,0,1,529.5,19.1,0,0,0,0,0
12,0,2,0,966.55,84.05,1,2,1,0,0
66,0,2,0,6936.85,105.2,1,2,2,1,0
35,0,2,0,3496.3,101.4,1,2,2,0,1
10,0,2,0,914.3,89.8,1,1,2,1,1
27,0,2,2,1929.0,75.75,1,1,1,1,0
58,0,2,0,5817.7,95.3,1,2,2,0,0
54,2,2,2,6110.2,109.75,0,2,2,1,1
9,0,0,1,178.8,19.85,0,0,0,0,0
2,1,0,2,28.3,19.3,0,0,0,0,1
6,0,2,0,435.0,69.1,1,1,1,0,0
26,0,2,0,2351.8,91.25,1,2,2,0,1
9,0,0,1,186.15,20.25,0,0,0,0,0
8,0,1,1,445.85,54.75,1,1,1,1,0
12,0,2,0,912.0,81.45,1,2,1,0,0
15,0,1,0,679.55,49.1,1,1,1,0,1
43,1,1,0,3581.6,80.2,1,2,2,1,0
42,0,2,0,4222.95,100.3,1,2,2,0,0
31,0,1,2,1994.3,65.25,0,1,1,0,1
66,2,2,2,5930.05,90.95,1,1,1,0,0
18,0,2,0,1505.85,85.45,1,1,1,0,1
1,0,0,1,20.0,20.0,0,0,0,0,0
61,2,2,0,5638.3,94.1,1,2,1,1,1
10,0,2,0,797.25,79.85,0,1,1,0,0
1,0,2,0,71.65,71.65,1,1,1,0,1
18,0,2,0,1359.45,73.55,1,1,1,0,0
24,0,2,0,2542.45,104.65,1,2,2,1,1
3,0,0,1,54.7,19.3,0,0,0,1,0
50,1,0,2,989.05,20.15,0,0,0,0,0
1,0,1,0,44.55,44.55,0,1,1,1,0
2,0,1,1,87.3,54.45,1,1,1,0,0
17,1,0,2,351.55,19.65,1,0,0,0,0
69,2,2,0,7297.75,105.0,1,2,2,1,0
72,2,1,2,6301.7,88.7,1,2,2,1,0
3,0,2,0,210.3,74.25,1,1,1,0,1
50,2,1,2,3822.45,75.15,1,1,2,1,0
53,2,0,1,1048.45,20.25,0,0,0,0,0
58,2,2,2,6393.65,109.1,1,2,2,1,0
46,1,1,2,1489.3,30.75,1,1,1,0,0
72,0,2,2,8061.5,112.9,1,2,2,1,0
1,0,2,0,74.2,74.2,1,1,1,0,1
6,0,2,1,518.75,94.05,1,2,1,1,0
72,2,1,2,5763.15,78.85,0,1,2,1,0
4,0,1,1,238.5,55.3,1,1,2,0,0
52,2,0,1,1031.7,19.35,0,0,0,1,0
2,1,0,1,34.8,20.45,0,0,0,0,0
65,2,0,2,1319.95,19.35,0,0,0,1,0
43,0,2,0,4388.4,101.0,1,2,2,1,1
4,0,2,0,420.2,100.2,1,2,2,1,1
25,1,2,0,2177.45,89.05,1,1,2,1,1
51,1,1,2,3950.85,78.65,1,2,2,1,0
12,0,1,2,827.05,74.75,0,2,2,0,0
57,1,1,2,3913.3,70.1,1,2,2,1,1
24,1,0,1,533.5,19.9,0,0,0,1,0
64,1,1,2,3756.45,58.35,0,1,1,1,0
4,1,2,0,443.9,105.65,1,2,2,0,1
26,0,2,2,2599.95,100.5,1,2,2,0,0
15,0,0,1,284.3,20.05,0,0,0,1,0
64,2,0,2,1740.8,25.65,0,0,0,1,0
36,0,2,0,3436.1,96.5,1,2,2,1,1
27,0,2,2,2462.55,95.0,0,2,2,1,0
1,0,2,1,70.85,70.85,0,1,1,1,1
35,1,1,2,3110.1,85.95,1,2,2,0,1
4,0,2,0,280.85,73.9,1,1,1,0,1
8,0,1,0,411.75,45.45,1,1,1,1,0
10,0,0,2,198.6,20.0,1,0,0,0,0
2,0,1,1,103.7,49.2,0,1,1,0,0
58,2,2,2,6144.55,109.45,1,2,2,1,1
51,2,1,2,4089.45,83.25,1,2,2,1,0
46,2,0,1,864.2,19.25,1,0,0,1,0
1,0,0,2,19.65,19.65,1,0,0,0,0
46,0,2,2,3249.4,72.8,0,1,1,0,0
50,0,2,2,5405.8,109.65,1,2,2,1,0
53,0,1,2,3363.8,65.0,0,2,1,1,0
61,0,2,0,7132.15,114.1,1,2,2,1,0
5,0,0,2,93.55,20.65,0,0,0,0,0
47,1,1,2,4138.9,86.95,1,2,2,0,0
54,1,2,2,5121.75,94.75,1,2,1,0,0
19,0,1,2,566.1,25.35,1,1,1,0,0
26,2,2,0,2715.3,105.45,1,2,2,0,0
70,2,0,1,1782.05,25.4,0,0,0,1,0
17,0,2,0,1742.5,102.55,1,2,2,1,0
30,0,2,0,2983.8,100.2,1,2,2,0,1
1,0,0,1,24.0,24.0,0,0,0,0,0
19,2,0,1,485.9,25.6,0,0,0,1,0
26,2,1,2,1905.7,73.5,1,2,2,1,0
21,0,2,2,1565.7,74.05,1,1,1,1,1
50,1,2,0,4858.7,98.25,1,2,2,1,0
68,1,1,0,3723.65,54.4,1,2,2,1,0
3,0,2,2,298.35,101.55,1,2,2,0,1
9,0,2,0,970.45,103.1,0,2,2,1,0
51,2,1,2,1782.0,34.2,0,1,1,1,0
9,0,1,0,405.7,43.75,1,1,1,0,0
41,1,2,0,4534.9,111.95,1,2,2,1,1
22,0,2,0,2415.95,100.65,1,2,2,0,0
21,1,1,0,1157.05,55.95,1,2,2,1,1
71,2,2,2,8297.5,116.05,1,2,2,1,0
1,0,1,0,45.75,45.75,0,1,1,0,1
26,1,1,2,2083.1,82.0,1,2,2,1,0
71,2,1,2,4681.75,65.15,0,1,1,1,0
4,0,1,2,176.2,44.8,1,1,1,0,0
12,0,2,0,1001.2,79.8,1,1,1,0,0
18,0,2,0,1594.75,88.85,1,2,1,1,0
3,0,2,0,212.4,74.95,1,1,1,0,0
72,1,2,2,7677.4,106.85,1,2,2,1,0
11,0,2,0,815.5,74.95,0,1,1,0,1
1,0,2,2,80.15,80.15,0,1,2,0,1
13,1,0,2,259.65,19.3,0,0,0,0,0
72,1,2,0,8109.8,109.25,1,2,2,1,1
42,1,1,2,2386.85,56.1,0,1,1,1,0
17,0,0,2,340.35,19.7,0,0,0,0,0
7,0,1,1,419.35,51.3,1,1,1,0,0
68,2,2,1,7990.05,118.6,0,2,2,1,0
56,2,0,2,1402.25,24.15,0,0,0,1,0
38,1,0,1,749.35,20.3,0,0,0,1,0
72,2,2,0,8425.15,115.5,1,2,2,1,0
48,1,0,2,1171.5,25.05,0,0,0,0,0
52,0,2,0,5647.95,109.1,1,2,2,1,0
35,1,0,1,708.8,19.65,0,0,0,1,0
67,2,2,2,7567.2,111.3,1,2,2,1,0
1,0,1,1,29.9,29.9,0,1,1,0,0
53,0,2,1,4348.1,80.6,1,1,1,0,0
34,0,0,1,635.9,20.8,0,0,0,1,0
3,0,1,2,108.95,35.2,0,2,1,0,1
1,0,2,0,78.8,78.8,0,2,1,1,1
19,0,2,1,1682.4,89.95,0,2,1,0,0
60,2,2,2,6925.9,116.05,1,2,2,1,0
11,2,0,2,223.15,19.55,0,0,0,0,0
47,0,2,0,5127.95,106.4,1,2,2,0,1
18,0,1,0,874.8,49.4,0,1,1,0,1
60,2,2,2,6758.45,115.25,0,2,2,1,0
72,2,0,2,1874.3,24.8,0,0,0,1,0
39,1,0,1,791.15,19.9,0,0,0,0,0
59,1,2,2,4639.45,81.25,1,1,1,1,0
2,0,2,1,143.9,69.95,0,1,1,1,0
1,0,2,0,69.1,69.1,0,1,1,0,1
20,0,2,0,1776.55,90.2,1,2,2,1,1
6,0,2,2,536.4,93.55,1,2,2,0,1
71,2,2,2,6172.0,86.4,1,1,1,0,0
24,0,1,1,1559.45,66.3,0,1,1,1,0
67,0,2,2,6079.0,94.65,1,2,2,1,0
1,0,2,1,80.85,80.85,1,1,2,0,1
48,1,2,1,4029.95,82.05,1,1,2,1,1
37,1,1,1,2658.4,72.1,0,1,2,1,0
11,0,1,1,383.55,34.7,0,1,1,0,0
3,0,0,2,51.15,20.55,1,0,0,1,1
18,0,2,2,1745.5,95.95,1,2,2,1,0
50,1,1,2,2230.85,44.8,1,1,1,1,0
67,1,2,0,7281.6,109.4,1,2,2,1,0
25,0,1,1,1837.7,71.05,1,1,2,1,0
2,0,2,0,149.55,78.55,1,1,1,0,1
9,0,0,2,180.7,19.7,0,0,0,0,0
10,1,1,1,411.45,40.25,0,1,1,0,0
70,2,0,2,1328.35,19.85,0,0,0,1,0
9,0,1,2,576.95,68.25,1,1,2,0,0
4,0,0,2,68.45,20.15,1,0,0,0,0
2,0,1,1,123.05,50.95,0,1,1,0,0
1,0,2,0,78.65,78.65,0,1,2,0,1
19,0,1,2,468.35,25.15,1,1,1,0,0
7,0,0,2,174.7,20.25,1,0,0,1,0
1,0,1,0,42.9,42.9,1,1,1,0,1
1,0,1,0,44.0,44.0,0,1,1,0,0
9,1,0,1,172.35,20.25,0,0,0,1,0
3,0,1,1,139.35,34.25,0,1,1,0,1
9,0,1,1,539.85,58.5,0,2,2,0,1
5,0,1,2,300.4,55.8,0,1,1,0,0
56,1,2,2,4968.0,88.9,0,2,2,1,0
18,0,1,1,992.7,57.65,0,1,1,0,0
49,0,2,0,4718.25,96.2,1,2,2,0,1
70,2,1,1,5536.5,79.15,0,2,1,1,0
72,2,2,2,7806.6,108.05,1,2,2,0,0
6,0,2,0,434.1,74.4,0,1,1,0,1
17,0,2,0,1563.9,94.8,1,2,2,1,0
29,0,1,0,1332.4,45.9,1,2,2,1,0
6,0,2,0,545.2,105.3,1,2,2,1,1
63,2,2,0,6296.75,102.6,0,2,2,1,0
16,0,2,2,1284.2,73.85,1,1,1,1,1
59,1,1,2,3645.5,61.35,1,1,2,0,0
3,0,1,0,161.45,57.55,0,2,1,0,0
8,0,1,1,226.95,29.25,1,1,1,0,0
7,0,2,0,646.85,84.55,1,1,2,1,1
68,2,0,2,1441.65,19.6,0,0,0,0,0
68,2,2,2,7511.3,111.75,0,2,2,1,0
52,1,2,0,5621.85,106.5,1,2,2,1,0
72,2,2,2,7919.8,107.7,1,2,2,1,0
32,1,0,1,593.2,19.3,0,0,0,1,0
72,2,0,2,1423.65,20.05,0,0,0,1,0
1,0,2,2,69.95,69.95,1,1,1,1,0
42,1,1,2,2763.35,63.7,0,1,2,1,0
25,2,0,2,692.1,24.75,0,0,0,0,1
45,0,1,2,2298.55,50.9,1,1,1,0,0
43,1,1,2,2640.55,60.4,1,2,2,1,0
37,1,1,1,2911.8,79.25,0,2,2,1,0
20,0,2,2,1727.5,85.8,1,1,2,0,1
4,0,1,0,86.6,24.45,1,1,1,0,1
63,2,2,2,6705.7,110.1,1,2,2,1,0
3,0,2,1,237.65,90.7,0,2,2,0,0
66,2,0,2,1672.35,25.3,1,0,0,1,0
28,0,2,0,2979.5,105.7,1,2,2,0,1
8,0,2,0,695.75,85.2,0,1,2,0,0
71,2,0,1,1654.6,24.35,0,0,0,0,0
1,0,1,0,24.25,24.25,1,1,1,0,1
72,2,0,2,1857.85,25.1,0,0,0,1,0
16,0,1,2,825.1,54.55,1,1,1,1,0
66,2,2,1,6424.25,96.6,0,1,1,1,0
11,0,2,0,837.95,76.5,1,1,1,0,1
51,1,1,2,4126.2,81.15,1,2,1,0,0
8,0,1,0,330.8,38.5,1,1,2,0,0
14,0,2,0,1337.45,92.9,1,2,2,0,0
4,0,2,0,362.2,93.5,1,1,2,0,1
70,2,1,1,5991.05,84.7,0,2,2,0,0
70,2,1,0,4891.5,66.0,0,1,1,0,0
54,1,2,2,5373.1,101.5,1,2,2,1,1
28,0,2,2,2068.55,74.9,1,1,1,0,1
24,2,0,1,487.05,20.75,0,0,0,0,0
69,2,1,2,4131.2,61.45,1,1,2,1,0
42,0,1,1,2301.15,54.5,0,1,1,1,0
2,0,2,0,131.65,69.6,1,1,1,0,1
39,0,2,0,4036.0,99.75,1,2,2,0,0
45,2,2,2,4900.65,109.75,1,2,2,1,0
72,2,1,2,5727.45,80.85,1,2,1,1,0
38,2,0,1,743.05,20.3,0,0,0,0,0
72,2,1,2,4804.65,67.8,1,1,1,1,0
1,0,0,1,24.05,24.05,1,0,0,0,1
72,2,0,2,1414.65,19.8,1,0,0,1,0
55,2,0,2,1443.65,25.7,0,0,0,1,0
51,1,1,0,2898.95,56.15,1,2,2,1,0
63,2,1,2,5309.5,86.7,1,2,2,0,0
1,0,0,1,20.4,20.4,0,0,0,0,0
23,2,0,1,451.55,19.65,1,0,0,1,0
1,0,1,0,50.55,50.55,0,1,1,0,1
2,0,1,1,117.05,54.35,1,1,1,0,0
52,0,2,2,5839.3,108.1,0,2,2,0,0
36,1,1,1,1893.5,54.45,0,1,1,0,0
1,0,1,1,45.35,45.35,0,1,1,0,0
28,1,1,1,1654.45,59.0,0,1,1,0,0
7,1,1,0,477.05,69.45,0,2,1,1,0
14,0,2,0,1415.55,100.55,1,2,2,0,1
72,2,1,2,4546.0,64.95,1,2,2,1,0
1,0,0,1,20.5,20.5,1,0,0,1,1
10,0,0,1,163.2,18.85,0,0,0,0,0
42,1,0,2,849.9,19.8,0,0,0,0,0
7,0,1,2,189.95,25.05,0,1,1,0,0
4,0,2,2,321.9,74.8,1,1,1,0,1
72,2,2,2,8058.55,114.3,1,2,2,1,0
20,0,1,0,482.8,24.45,1,1,1,1,1
63,2,2,2,7049.75,109.2,0,2,2,0,0
56,2,1,2,2560.1,45.05,0,1,1,0,0
5,0,1,1,286.8,51.0,1,1,1,0,0
72,2,2,2,7982.5,110.45,1,2,2,1,0
68,0,2,0,5683.6,84.65,1,1,1,1,0
67,1,1,1,3994.05,60.05,0,1,1,1,0
8,0,1,2,369.15,44.65,0,1,1,1,0
52,0,2,2,4631.7,93.25,1,1,2,1,0
18,0,0,1,401.95,20.25,1,0,0,1,0
59,2,0,1,1534.05,25.45,0,0,0,1,0
60,2,0,1,1093.0,20.6,0,0,0,0,0
7,0,2,0,701.3,94.1,1,2,2,0,0
59,1,1,1,1980.3,34.8,0,1,1,1,0
46,2,1,2,2893.4,60.75,1,2,2,0,0
5,0,1,0,262.3,51.35,1,1,1,0,0
59,2,1,2,3886.85,64.05,1,2,2,1,0
70,2,1,2,5917.55,84.8,1,2,2,1,0
14,0,2,2,914.0,71.0,1,1,1,0,1
44,0,1,1,2139.1,50.15,1,1,1,0,0
64,2,2,2,5948.7,94.6,1,2,1,1,0
58,2,1,1,3624.35,59.75,0,2,2,1,0
46,1,2,0,4753.85,100.25,0,2,2,1,0
58,0,2,0,5780.7,98.9,1,2,2,1,0
72,2,2,2,6869.7,97.7,1,2,2,1,0
30,0,1,0,1172.95,40.3,1,2,1,0,1
11,0,1,2,662.95,60.25,0,1,1,0,0
34,0,1,0,1765.95,56.25,1,2,2,0,0
54,2,1,2,2431.95,46.2,0,1,2,0,0
3,0,1,0,155.35,50.6,1,2,2,0,1
72,2,0,1,1859.2,24.9,0,0,0,1,0
40,0,2,0,3303.05,84.85,1,1,1,1,1
2,0,1,1,134.35,65.7,0,2,2,1,1
54,2,1,2,3409.1,63.35,0,1,2,1,0
14,0,1,2,709.5,50.1,0,1,1,0,0
1,0,2,0,70.5,70.5,0,1,1,0,1
10,0,2,0,953.45,94.85,1,1,2,0,1
1,0,1,0,50.15,50.15,0,1,1,0,0
1,0,0,1,19.75,19.75,0,0,0,0,1
56,1,1,2,3665.55,64.65,1,1,1,0,0
68,2,1,2,5515.8,79.6,1,2,2,1,0
14,1,0,1,272.0,19.5,1,0,0,1,0
68,2,2,0,6668.0,99.55,1,2,2,1,0
55,0,2,0,4052.4,74.0,1,1,1,1,0
16,0,1,0,664.4,38.9,1,2,1,0,0
9,0,2,0,718.55,79.55,1,1,2,0,0
14,0,1,0,937.6,65.45,1,2,1,1,1
58,0,2,0,5812.6,98.7,1,2,2,1,1
53,0,1,2,2546.85,46.3,1,1,2,0,0
70,2,2,2,6944.5,99.35,1,2,1,1,0
14,0,2,0,1346.3,95.8,1,2,2,1,0
22,1,1,2,1544.05,67.5,1,2,1,1,1
10,0,2,2,765.15,78.15,1,1,1,1,0
29,2,0,1,692.55,26.1,0,0,0,1,0
1,0,2,0,69.6,69.6,1,1,1,0,1
49,1,1,0,4059.35,84.35,0,2,2,1,1
68,0,2,0,6851.65,100.2,1,2,2,1,1
1,0,2,0,78.05,78.05,0,2,1,0,1
30,1,1,2,1187.05,40.35,1,1,2,0,0
72,2,1,2,5401.9,79.2,0,2,1,1,0
10,0,0,1,247.0,20.9,1,0,0,0,0
7,0,2,0,520.0,73.6,0,1,1,0,1
9,0,2,0,706.6,74.75,1,1,1,0,1
1,0,1,1,49.9,49.9,0,1,1,0,0
20,0,1,2,1370.35,68.9,1,1,2,0,0
1,0,0,1,20.25,20.25,1,0,0,0,0
29,0,2,2,2215.25,76.0,1,1,1,0,0
1,0,2,0,74.0,74.0,0,1,1,0,0
3,0,2,1,214.4,82.3,1,1,1,0,0
20,0,2,2,1871.15,89.4,1,2,1,0,0
64,0,2,2,6171.2,99.15,1,2,2,0,0
1,0,0,1,20.2,20.2,1,0,0,0,1
6,0,1,2,161.45,29.45,0,1,1,0,0
50,2,0,0,1013.2,19.8,0,0,0,1,0
6,0,1,2,336.7,59.15,1,1,2,0,0
7,0,1,0,333.65,44.75,0,1,1,1,0
72,2,2,2,6511.8,90.8,1,1,2,1,0
8,0,1,2,393.45,49.55,1,1,1,1,0
67,2,2,2,7009.5,106.7,0,2,2,1,0
24,0,2,0,2264.05,93.55,1,2,2,1,1
72,2,2,2,6921.7,94.45,1,1,2,1,0
33,1,0,2,600.25,19.45,1,0,0,1,0
2,0,1,0,56.35,25.05,1,1,1,0,1
70,2,1,1,4664.15,67.95,0,1,2,1,0
22,1,1,2,1441.8,65.25,0,2,1,0,0
59,0,2,2,5623.7,99.45,1,1,2,0,0
36,1,0,2,695.85,20.35,1,0,0,0,0
51,2,0,1,1028.75,19.95,0,0,0,1,0
53,1,1,2,4155.95,77.4,0,2,1,1,0
20,1,0,2,395.6,19.7,0,0,0,1,0
63,2,2,2,6330.4,99.7,0,2,2,1,0
40,0,2,2,2971.7,74.8,0,1,1,0,0
35,1,0,1,638.0,19.15,1,0,0,0,0
26,1,2,2,2034.25,78.95,0,1,2,1,0
27,0,2,0,2510.2,95.55,1,1,2,1,1
53,1,1,2,3419.5,62.85,0,1,1,0,0
34,0,2,2,2427.35,71.55,0,1,1,1,0
19,0,2,0,1760.25,94.95,1,2,2,1,0
43,0,2,2,3551.65,86.1,1,1,1,1,0
6,0,0,1,122.9,19.55,0,0,0,1,0
56,2,0,1,1424.2,24.8,1,0,0,0,0
57,0,1,0,2111.45,39.3,1,2,1,0,1
34,0,2,1,2909.95,84.05,1,2,1,1,0
10,0,1,0,374.0,36.25,0,1,1,0,0
1,0,0,1,20.25,20.25,1,0,0,0,1
13,0,1,0,300.8,23.9,1,1,1,0,1
56,0,2,0,5581.05,98.6,0,2,2,0,0
55,0,2,2,5676.65,103.65,1,2,2,1,0
36,2,1,2,3379.25,92.9,1,2,2,1,0
47,1,0,2,942.95,19.9,0,0,0,1,0
12,0,0,2,232.4,20.1,1,0,0,1,0
1,0,2,0,85.45,85.45,1,2,1,0,1
24,0,2,0,2088.45,80.5,1,1,1,0,0
63,1,2,2,6137.0,99.9,0,2,2,0,1
35,0,1,0,1434.6,39.85,1,2,1,0,0
67,1,1,2,3870.0,60.5,0,1,1,0,0
25,0,2,0,2043.45,84.8,1,1,2,0,1
21,0,2,1,2215.0,103.85,0,2,2,0,0
13,0,1,2,842.25,67.8,0,1,2,0,0
35,0,2,0,2576.2,75.2,1,1,1,1,1
71,2,0,2,1901.0,24.85,0,0,0,1,0
29,0,0,2,601.6,19.35,0,0,0,0,0
71,2,1,0,3515.25,49.35,0,2,2,1,1
7,0,2,0,605.45,89.0,1,2,2,1,0
57,0,1,0,3094.05,55.0,1,2,2,0,0
65,2,1,2,4929.55,76.15,0,1,2,1,0
27,1,0,1,595.05,20.3,0,0,0,0,0
6,0,2,0,469.8,74.9,1,1,1,0,1
72,2,2,2,8436.25,117.35,1,2,2,0,0
1,0,0,1,19.75,19.75,1,0,0,0,0
11,0,1,2,492.0,45.2,0,1,1,0,0
39,2,0,1,987.95,25.2,0,0,0,1,0
59,0,2,0,5496.9,89.75,1,1,1,0,0
26,1,1,2,1908.35,75.0,0,2,2,0,0
2,0,1,1,107.1,49.95,0,1,1,0,0
72,2,1,2,4575.35,65.7,0,2,2,1,0
65,1,1,2,4309.55,67.05,0,1,1,1,0
72,2,2,2,7922.75,110.9,0,2,2,1,0
6,0,2,2,522.35,87.95,1,1,2,0,0
32,1,0,2,587.7,19.8,0,0,0,0,0
50,1,1,2,3876.2,75.7,0,2,2,1,0
61,2,1,1,3778.85,62.15,1,2,2,1,0
15,0,2,0,1457.25,101.25,1,2,2,0,1
72,2,2,2,8349.45,115.15,0,2,2,1,0
9,0,0,1,185.6,18.95,1,0,0,0,1
1,0,0,1,19.5,19.5,0,0,0,0,0
12,0,2,0,1066.9,86.55,1,1,2,0,0
37,0,1,2,973.55,28.6,0,1,1,0,1
61,1,0,1,1226.45,20.4,0,0,0,1,0
18,1,0,2,342.3,19.8,0,0,0,1,0
21,0,1,1,985.05,45.65,0,1,1,0,0
68,2,1,1,3948.45,56.4,1,1,2,1,0
12,0,2,2,828.05,73.3,1,1,1,0,0
2,0,1,0,41.85,24.35,0,1,1,0,1
62,0,2,0,6164.7,101.35,1,2,2,1,0
29,0,2,0,2862.75,98.65,0,2,2,0,1
1,0,1,1,33.6,33.6,0,1,1,0,0
5,0,2,2,343.95,79.9,1,1,1,1,1
1,0,0,0,20.7,20.7,0,0,0,0,0
62,2,2,0,6590.5,104.05,1,2,2,0,0
36,2,0,2,717.95,20.25,0,0,0,1,0
28,0,2,0,2890.65,103.3,1,2,2,0,1
69,1,1,2,4885.85,73.7,0,2,1,1,0
11,0,2,2,1222.05,96.2,1,2,1,1,1
63,0,2,0,6871.7,108.75,1,2,2,1,0
23,1,0,2,405.6,20.15,0,0,0,0,0
10,0,0,2,208.25,19.75,0,0,0,0,0
71,2,0,2,1801.9,25.95,1,0,0,1,0
45,0,1,0,3062.45,70.05,1,1,2,0,0
70,2,0,1,1764.75,24.05,0,0,0,1,0
22,0,2,0,1816.75,84.75,1,1,2,0,0
52,2,0,1,1255.1,23.05,0,0,0,1,0
55,1,2,0,5743.05,104.15,1,2,2,1,1
65,2,1,2,3921.1,59.95,0,2,2,0,0
72,2,0,2,1463.45,19.55,0,0,0,1,0
10,1,0,2,189.45,19.6,0,0,0,1,0
7,1,0,1,96.8,20.05,0,0,0,0,0
5,0,2,0,408.5,85.55,1,1,2,0,0
24,2,1,2,1846.65,78.6,0,2,2,1,0
72,2,2,2,8456.75,116.8,1,2,2,1,0
21,0,1,1,1011.5,43.55,1,2,1,0,0
69,1,1,2,4263.4,60.8,1,2,2,1,0
44,0,1,2,2549.1,54.9,1,1,1,1,0
61,1,1,0,3965.05,65.2,1,2,1,1,0
24,0,2,2,2496.7,102.95,1,2,2,0,1
1,0,2,0,90.6,90.6,0,2,2,0,1
6,0,1,2,288.05,50.8,1,1,1,0,1
4,0,2,0,368.1,90.05,1,1,2,0,1
72,2,2,0,7840.6,108.2,1,2,2,1,0
72,2,1,2,6632.75,92.0,0,2,2,0,0
14,0,2,0,1013.35,75.1,1,1,1,1,0
7,0,0,2,152.95,25.05,1,0,0,0,0
48,1,2,0,3772.65,75.15,0,1,1,0,0
55,1,0,1,1026.35,19.5,0,0,0,1,0
1,0,0,2,19.3,19.3,0,0,0,0,0
45,1,2,2,5031.85,112.2,0,2,2,0,0
3,0,2,1,220.4,70.3,1,1,1,0,0
71,2,0,1,1416.5,19.6,0,0,0,1,0
8,0,0,1,158.35,20.25,0,0,0,1,0
3,0,2,0,256.6,75.85,1,1,1,1,1
69,2,1,2,5542.55,80.65,0,2,2,1,0
1,0,2,0,68.5,68.5,1,1,1,1,1
72,2,2,2,8443.7,115.75,1,2,2,1,0
11,0,2,0,791.75,73.5,1,1,1,0,1
71,2,1,2,5708.2,80.6,0,1,2,0,0
1,0,2,1,69.95,69.95,1,1,1,0,1
33,2,1,2,2016.3,59.55,0,2,2,1,0
16,1,0,1,326.65,19.05,0,0,0,0,0
56,1,2,0,5471.75,95.65,0,1,1,1,0
1,0,0,2,19.95,19.95,0,0,0,0,0
5,0,1,0,346.4,70.05,1,2,2,0,1
57,1,0,1,1061.6,19.4,0,0,0,1,0
56,1,1,2,1971.5,36.1,1,1,1,1,0
8,0,2,0,773.65,94.0,1,2,1,0,1
22,0,1,1,1422.05,61.15,0,1,1,1,1
1,0,0,1,19.75,19.75,0,0,0,0,0
40,0,1,2,2460.35,64.1,1,2,1,0,0
46,2,0,2,856.5,19.75,0,0,0,1,0
63,2,0,1,1275.85,19.7,0,0,0,1,0
68,2,2,0,7467.5,110.2,1,2,2,1,0
69,2,2,2,7261.75,106.35,1,2,2,1,0
56,0,2,0,5116.6,90.55,0,1,1,1,0
10,1,1,1,660.05,65.9,1,1,2,1,0
63,1,2,2,6590.8,104.5,0,2,1,0,0
24,2,1,1,1208.15,52.5,1,1,2,1,0
19,0,1,1,1033.9,56.1,1,1,1,0,0
22,0,2,0,1885.15,88.75,1,2,1,1,0
29,0,2,0,2467.1,84.45,1,1,1,1,1
13,1,1,1,989.45,75.3,1,2,2,1,1
70,2,0,2,2006.95,26.0,1,0,0,1,0
49,0,2,0,5025.0,99.4,0,2,2,1,0
43,1,2,1,4830.25,109.55,1,2,2,1,1
3,0,0,1,59.75,19.6,1,0,0,0,1
42,1,1,0,3088.25,73.15,0,2,2,1,0
57,1,1,1,3134.7,54.65,1,1,1,0,0
2,0,1,2,94.55,66.4,0,2,1,0,1
72,2,2,2,8312.4,115.55,1,2,2,1,0
46,0,2,0,4863.85,104.45,1,2,2,0,0
66,0,2,2,6871.9,100.05,1,2,2,1,1
62,1,2,0,6529.25,102.0,0,1,2,0,1
72,2,1,2,6637.9,91.15,1,2,2,1,0
35,1,2,0,3165.6,89.7,1,2,1,1,0
17,0,2,2,1454.15,90.2,0,1,1,1,1
72,2,1,0,6786.1,92.4,1,2,2,1,0
28,1,0,1,543.0,19.9,0,0,0,1,0
56,2,0,2,1327.15,25.15,1,0,0,1,1
31,0,2,2,2404.15,79.85,1,1,1,0,1
45,1,0,2,867.3,18.85,0,0,0,0,0
1,0,0,1,25.75,25.75,1,0,0,0,0
2,0,1,1,114.7,49.6,1,1,1,0,1
6,0,0,1,109.5,20.95,1,0,0,0,0
48,1,2,0,4692.95,97.05,1,2,2,1,0
25,0,0,2,546.85,25.4,1,0,0,1,0
64,2,0,2,1274.05,19.7,1,0,0,1,0
50,0,1,1,1782.4,35.0,1,1,1,0,0
52,1,2,2,5301.1,101.25,0,2,2,1,0
4,0,2,0,280.35,70.2,1,1,1,1,0
32,0,2,0,2897.95,90.95,0,2,2,0,0
45,2,1,2,3371.0,73.85,0,2,1,1,0
9,0,2,0,801.3,88.05,1,1,2,1,0
66,1,2,2,6975.25,105.95,1,2,2,1,1
3,0,2,0,257.05,91.85,0,1,2,0,1
54,2,0,1,1079.45,20.1,0,0,0,0,0
1,0,1,0,40.1,40.1,0,2,1,1,1
64,2,2,2,6997.3,110.3,0,2,2,1,0
31,0,2,0,2217.15,73.9,1,1,1,0,1
14,0,2,1,1129.1,89.8,1,2,2,0,1
12,1,2,2,979.05,85.15,1,2,1,0,0
67,1,1,2,4119.4,60.95,1,1,1,1,0
35,0,1,0,2568.55,72.25,0,2,1,1,1
45,2,1,1,3349.1,73.55,0,1,2,0,0
10,0,1,1,492.1,46.0,0,1,1,0,0
29,0,1,2,1718.95,58.55,1,1,1,0,0
24,1,0,2,605.25,24.6,0,0,0,0,0
66,2,0,1,1344.5,19.75,1,0,0,1,0
51,1,2,1,4267.15,86.35,0,2,1,0,0
45,2,0,1,1121.05,25.5,0,0,0,1,0
49,1,0,2,918.7,19.0,0,0,0,1,0
29,2,0,1,521.8,19.55,1,0,0,1,0
40,0,2,2,4469.1,110.1,1,2,2,1,0
37,0,2,0,3580.3,96.55,1,2,2,0,1
25,0,2,0,1729.35,69.75,0,1,1,0,0
22,0,1,0,1073.3,50.6,1,2,2,0,0
72,2,1,2,4566.5,65.6,1,2,2,0,0
7,0,1,2,293.3,40.1,1,1,2,0,1
33,2,1,2,2603.1,82.1,0,2,2,1,0
23,0,2,1,1783.75,79.1,1,1,1,0,0
24,0,2,0,2440.15,101.25,1,2,2,0,1
1,0,2,0,79.55,79.55,0,2,1,0,1
69,2,1,1,6322.1,90.65,0,2,2,0,0
3,1,0,2,57.4,20.55,1,0,0,0,0
56,1,1,2,4284.65,75.75,1,2,2,0,0
65,1,2,2,7138.65,110.0,1,2,2,0,0
71,1,0,0,1539.75,20.85,0,0,0,1,0
14,0,2,2,1058.1,80.35,1,1,1,0,0
2,0,2,0,123.8,70.15,1,1,1,0,0
32,1,2,0,2781.85,84.05,0,2,1,0,1
40,0,1,0,2731.0,67.45,0,1,2,0,0
1,0,0,2,20.75,20.75,0,0,0,0,0
1,0,2,0,89.1,89.1,1,2,2,0,1
7,0,2,1,497.3,69.9,1,1,1,0,0
15,0,1,0,711.15,51.1,1,1,1,1,0
17,0,2,0,1607.2,94.4,0,2,1,1,1
19,0,2,0,1490.95,78.25,1,1,1,0,1
71,2,0,2,1898.1,25.55,0,0,0,0,0
54,2,1,2,3273.95,60.0,0,1,1,1,0
31,0,2,2,2929.75,90.55,1,1,1,1,0
11,0,2,0,838.7,76.4,0,1,1,0,0
18,0,2,0,1443.65,84.95,1,1,2,0,0
72,2,2,2,7746.7,110.1,1,2,2,0,0
71,0,2,2,6951.15,99.65,1,2,2,0,0
5,0,1,2,214.75,45.4,0,2,1,0,0
38,1,1,2,2669.45,69.0,0,1,2,1,0
5,0,1,2,235.2,48.65,1,1,1,0,0
2,0,1,0,92.65,44.15,1,1,1,0,1
52,2,1,2,3103.25,59.85,0,1,1,0,0
8,0,2,0,606.25,75.75,1,1,1,0,1
68,2,1,0,5330.2,80.65,1,2,2,0,0
69,1,0,2,1403.1,20.55,1,0,0,1,0
42,0,1,2,2727.8,66.4,1,1,1,1,0
50,2,2,1,5038.45,100.2,1,2,2,0,0
1,0,0,1,19.1,19.1,1,0,0,0,1
1,0,2,0,80.3,80.3,1,1,1,1,1
33,0,1,2,1462.6,44.55,1,1,1,1,0
7,0,0,1,150.6,20.35,0,0,0,0,0
64,0,2,0,5960.5,91.8,1,1,1,1,0
1,0,2,0,74.9,74.9,1,1,1,0,1
59,2,0,2,1192.3,20.2,1,0,0,0,0
6,0,1,0,314.55,50.35,0,1,1,1,0
3,0,0,1,56.0,18.8,0,0,0,0,0
15,0,0,2,330.8,20.45,0,0,0,1,0
13,1,1,0,877.35,64.75,1,2,2,1,0
23,0,2,2,2249.1,98.7,1,2,2,0,0
31,0,2,0,2807.65,89.45,0,2,1,1,0
29,1,1,0,1696.2,58.75,1,1,1,0,0
49,1,0,2,1032.05,20.7,0,0,0,1,0
56,0,2,2,4902.8,85.6,1,2,1,1,0
63,2,1,2,4995.35,80.3,1,1,2,0,0
63,2,1,2,5034.05,79.8,0,2,2,1,0
24,0,2,0,1857.75,79.85,1,1,1,1,0
36,1,1,2,1992.85,54.1,0,1,1,1,0
9,0,2,0,751.65,80.85,1,2,1,0,1
3,0,1,0,66.95,24.75,0,1,1,0,1
21,1,1,1,1714.95,80.9,0,2,2,1,0
13,1,0,2,343.6,24.5,0,0,0,1,0
1,0,0,2,20.15,20.15,1,0,0,1,0
25,1,0,1,520.1,20.05,0,0,0,1,0
71,2,0,2,1387.45,19.6,1,0,0,1,0
66,1,2,2,7383.7,114.3,1,2,2,0,0
45,1,2,0,4483.95,100.3,1,2,2,0,0
22,0,2,2,1706.45,80.0,1,2,1,1,0
67,1,0,2,1327.4,20.85,1,0,0,1,0
68,2,2,2,5974.3,89.95,1,2,1,1,0
49,0,2,2,4515.85,90.85,1,1,2,0,1
4,0,1,1,179.85,48.75,0,1,1,0,0
63,1,1,2,5040.2,80.0,0,1,2,1,0
2,0,2,2,165.0,79.7,0,1,1,1,1
21,1,0,1,422.7,20.35,1,0,0,0,0
55,2,1,2,3046.4,57.55,0,1,1,1,1
1,0,0,1,20.25,20.25,1,0,0,0,0
17,2,0,1,358.05,19.4,0,0,0,0,0
30,0,2,2,2936.25,100.4,1,2,2,0,0
22,0,1,1,1271.8,57.95,1,1,1,1,0
9,0,1,2,530.05,59.5,1,2,1,0,0
1,0,0,1,19.2,19.2,0,0,0,1,0
21,0,2,0,1808.7,86.5,1,1,2,1,1
19,0,1,0,1144.6,59.55,0,1,1,0,0
69,0,2,0,7446.9,103.95,1,2,2,1,1
1,0,1,0,25.1,25.1,1,1,1,0,1
72,2,2,2,7556.9,103.95,1,2,1,1,0
70,2,1,2,4858.7,68.95,0,2,1,1,0
66,0,2,2,6595.0,103.1,1,1,2,0,0
7,0,1,0,149.05,24.7,1,1,1,1,0
46,0,2,0,4972.1,110.2,1,2,2,1,0
39,0,1,2,1880.85,48.95,1,2,1,0,1
32,0,1,2,2045.55,62.45,0,1,1,1,0
24,0,2,0,2187.15,89.55,1,1,2,0,0
6,0,2,2,477.55,83.55,1,1,2,1,1
37,0,1,2,2976.95,78.9,1,2,1,0,0
8,0,0,1,178.7,20.35,0,0,0,0,0
72,2,1,2,5025.85,71.45,1,2,1,1,0
71,2,1,2,3353.4,46.35,0,1,1,1,0
16,0,2,2,1461.15,94.65,1,2,2,1,0
57,0,1,2,2782.4,49.9,1,1,2,1,0
66,1,0,2,1699.15,25.45,0,0,0,0,0
17,0,2,0,1496.9,89.15,1,2,1,0,1
21,0,0,1,452.2,20.75,0,0,0,0,0
66,2,1,2,4428.45,66.1,1,1,1,1,0
17,0,1,2,1322.55,75.4,1,2,2,1,0
1,0,2,1,70.45,70.45,1,1,1,0,1
58,1,1,2,3563.8,60.3,0,1,1,1,1
8,0,0,2,139.75,21.05,0,0,0,1,0
27,1,1,2,1927.3,69.35,0,2,1,0,0
34,0,2,1,3000.25,88.85,0,1,2,1,0
30,1,2,2,3021.3,97.0,1,2,2,0,0
33,0,1,2,2245.4,66.4,1,2,1,0,0
1,0,1,0,24.75,24.75,0,1,1,0,1
14,0,1,1,944.65,69.2,0,1,2,1,0
16,1,2,2,1264.2,79.5,1,1,1,0,0
49,2,2,2,4917.75,100.65,0,2,2,0,0
19,0,2,0,2012.7,103.3,0,2,2,1,1
70,2,1,2,5743.3,79.7,0,2,1,1,0
32,0,1,2,1864.65,61.4,0,1,1,1,0
18,0,2,0,1221.65,69.8,1,1,1,0,0
37,2,1,1,1390.85,40.55,1,1,1,0,0
4,0,2,0,302.35,75.65,1,1,1,0,0
16,0,2,0,1374.9,90.7,0,1,1,1,0
17,0,2,2,1336.9,80.5,1,1,1,1,0
19,0,1,0,1297.8,60.6,1,1,1,0,0
60,2,2,2,6067.4,101.15,0,2,2,1,0
51,2,0,1,1222.25,24.95,1,0,0,1,0
28,2,0,2,487.95,20.3,1,0,0,1,0
43,2,1,0,2548.55,60.0,1,1,2,0,0
42,2,0,0,835.5,20.25,0,0,0,1,0
3,0,2,0,242.05,78.5,1,2,1,0,1
1,0,1,1,44.75,44.75,0,1,1,0,0
3,0,0,1,63.75,19.85,0,0,0,0,1
63,2,2,2,6218.45,98.0,0,2,1,0,0
3,0,2,0,260.9,79.9,1,2,1,0,1
68,0,2,0,7320.9,107.7,1,2,2,1,0
30,0,2,0,2967.35,99.7,1,2,2,0,1
60,2,2,0,6333.8,104.7,0,2,2,0,0
15,0,1,2,939.7,58.6,1,1,1,0,1
45,0,2,2,4200.25,93.9,1,2,2,0,0
70,2,1,2,5950.2,86.45,0,2,2,1,0
10,0,2,0,1037.75,98.5,1,2,2,1,1
4,0,0,1,93.4,19.4,0,0,0,0,0
1,0,1,1,50.45,50.45,1,1,1,0,1
68,2,0,2,1614.9,24.95,1,0,0,1,0
22,0,2,2,1573.95,75.0,0,1,1,1,0
38,0,2,0,3624.3,94.65,1,2,1,1,1
1,0,2,2,100.25,100.25,1,2,2,0,1
18,0,2,0,1468.75,78.2,0,1,1,1,0
29,0,2,0,2607.6,94.2,1,2,2,0,0
16,0,2,0,1422.1,88.45,1,1,2,0,1
1,0,2,0,69.85,69.85,1,1,1,0,1
12,0,2,2,858.6,81.7,0,1,1,0,1
31,1,1,0,1523.4,50.05,1,2,2,0,0
4,0,2,0,324.3,79.9,1,1,2,0,1
48,1,1,1,3435.6,69.55,1,1,2,1,0
15,0,0,2,399.6,25.4,1,0,0,0,1
50,1,2,2,4549.45,90.1,1,1,1,0,0
7,0,1,2,322.5,44.65,1,1,1,0,0
41,0,2,2,3273.55,83.75,1,1,1,1,1
68,2,2,2,5375.15,80.35,0,1,1,1,0
26,0,2,2,2510.7,98.1,1,2,2,1,0
57,2,1,2,3090.05,53.35,0,2,2,0,0
3,0,0,0,61.05,19.55,0,0,0,0,0
1,0,0,1,20.9,20.9,0,0,0,0,1
19,1,1,2,955.6,48.95,1,1,1,1,0
3,0,1,0,140.4,54.2,1,2,1,0,0
59,2,0,0,1493.1,24.45,0,0,0,0,0
1,0,2,1,69.4,69.4,1,1,1,1,1
42,0,1,2,1626.05,40.15,1,2,1,1,0
7,0,2,0,541.15,74.9,1,1,1,0,1
67,2,0,2,1784.9,25.6,0,0,0,1,0
1,0,2,0,70.35,70.35,1,1,1,0,0
66,2,1,2,6075.9,91.7,0,2,2,1,0
61,0,2,1,5500.6,89.2,0,1,2,0,0
4,1,0,2,73.1,24.1,0,0,0,1,0
42,0,2,2,3229.4,74.15,1,1,1,1,1
64,1,1,2,3399.85,53.85,1,1,1,1,0
54,1,2,2,6431.05,115.6,1,2,2,1,0
1,0,0,2,19.75,19.75,1,0,0,0,0
54,2,0,2,1230.9,24.05,1,0,0,1,0
18,2,0,2,454.65,25.3,0,0,0,0,0
3,0,2,0,235.05,84.3,0,1,2,0,0
1,0,2,0,70.1,70.1,1,1,1,0,1
72,2,1,2,6595.9,89.75,0,2,2,1,0
60,1,2,0,5867.0,97.95,1,2,2,1,0
11,1,0,1,196.35,20.0,1,0,0,1,0
12,0,2,0,909.25,78.3,1,1,1,0,1
61,1,2,2,6449.15,103.9,0,2,2,1,0
39,2,0,2,762.45,20.7,0,0,0,0,0
55,0,2,0,5283.95,96.8,1,2,2,0,1
17,0,2,0,1617.5,94.4,1,2,1,0,1
37,1,0,2,785.75,20.15,0,0,0,0,0
72,2,0,1,1776.0,26.0,1,0,0,1,0
72,2,1,2,5396.25,77.35,0,2,1,1,0
8,0,1,2,574.5,66.05,0,1,2,0,0
22,0,0,1,400.3,19.9,0,0,0,1,0
1,0,2,0,84.3,84.3,0,2,1,0,1
38,0,1,2,2656.3,68.15,0,1,2,0,0
17,1,1,0,1445.95,80.85,0,2,2,0,0
70,2,1,2,5212.65,75.5,1,2,1,0,0
72,2,1,2,6440.25,92.45,0,2,2,1,1
28,0,2,0,2244.95,80.6,1,1,2,0,0
15,0,2,2,1130.0,83.2,1,2,1,0,0
72,2,1,2,6463.15,87.55,1,2,2,1,0
11,0,2,0,1131.2,99.55,1,2,2,1,1
8,0,2,0,585.95,81.25,1,1,1,0,1
57,1,2,2,6252.7,109.4,1,2,2,1,0
1,0,0,2,19.95,19.95,0,0,0,1,1
46,0,1,0,2062.15,45.55,0,2,1,1,0
30,1,0,2,587.1,20.7,0,0,0,1,0
10,0,2,0,720.45,75.3,0,1,1,1,0
23,0,2,0,2186.4,99.25,1,2,1,1,1
32,0,2,2,2979.3,93.4,1,1,2,0,0
13,0,2,2,956.65,73.75,1,1,1,0,0
39,2,2,0,3201.55,80.45,1,1,1,0,1
44,0,2,2,3973.2,88.15,1,2,1,0,0
9,0,1,1,447.9,49.2,0,1,1,0,0
67,2,0,1,1335.2,19.65,0,0,0,1,0
9,0,2,2,661.25,79.35,1,1,1,1,1
15,0,2,0,1111.85,79.75,1,1,1,0,1
71,2,2,2,7555.0,105.15,1,2,2,1,0
1,0,1,2,49.0,49.0,0,1,1,0,0
30,0,2,0,3046.15,100.05,1,2,2,1,1
1,0,2,0,69.35,69.35,1,1,1,0,1
17,0,1,1,836.35,49.8,1,2,2,1,0
3,0,2,0,272.2,85.8,0,1,2,0,1
67,2,1,0,5293.4,79.7,1,2,2,1,1
1,0,0,2,20.95,20.95,0,0,0,0,0
1,0,1,1,50.55,50.55,0,1,1,0,1
32,0,2,1,2570.0,79.3,0,1,1,1,0
41,1,0,2,798.2,19.5,0,0,0,1,0
1,0,2,0,80.55,80.55,1,2,1,1,1
1,0,1,2,44.15,44.15,0,1,1,0,0
12,0,2,0,916.9,84.5,1,1,1,1,1
62,0,2,0,6487.2,105.5,1,2,2,1,0
22,0,2,1,1855.65,84.3,1,1,2,0,1
17,0,2,2,1556.85,92.7,1,1,1,0,0
72,2,0,2,1988.05,26.25,1,0,0,1,0
56,0,2,2,5432.2,96.95,1,2,1,1,0
9,0,0,2,147.55,20.45,1,0,0,0,0
72,2,2,2,8424.9,115.8,1,2,2,1,0
20,0,2,2,2203.7,108.2,1,2,2,0,0
19,2,0,1,387.4,20.2,0,0,0,1,0
2,0,2,0,116.65,67.75,1,1,1,0,1
53,1,1,2,3045.75,54.9,0,2,2,0,0
27,0,2,0,2287.25,85.25,1,1,2,0,1
6,0,0,2,130.5,20.15,0,0,0,0,0
9,1,2,0,767.9,90.35,1,2,1,1,0
8,0,1,0,446.8,55.75,0,1,1,1,0
71,2,2,2,8100.25,114.6,0,2,2,1,0
10,0,2,2,830.7,80.05,1,1,1,0,1
1,0,0,1,20.0,20.0,0,0,0,0,1
71,1,1,2,4689.15,66.8,0,2,2,1,0
68,1,2,0,6754.35,100.3,1,2,2,1,0
34,0,2,0,3540.65,105.35,1,2,2,0,0
26,1,2,0,2184.6,85.2,1,1,1,0,0
22,0,1,2,1054.6,48.8,1,1,1,0,1
7,0,0,1,130.55,18.95,1,0,0,0,0
20,0,2,2,1540.35,69.8,1,1,1,1,0
60,0,2,0,6411.25,106.15,1,2,2,1,0
72,2,0,0,1432.55,20.55,0,0,0,1,0
72,1,2,2,7629.85,105.75,1,2,2,1,0
4,0,0,1,101.9,25.25,0,0,0,0,0
16,0,0,0,313.4,19.75,0,0,0,1,0
62,1,2,0,6312.9,104.85,1,2,2,1,0
10,0,1,1,629.55,60.95,1,1,2,0,0
31,0,2,0,2640.55,81.15,1,1,1,0,0
71,2,0,2,1372.45,19.1,0,0,0,1,0
58,2,0,1,1212.25,20.8,0,0,0,0,0
70,2,1,2,6237.05,90.15,1,2,2,1,0
71,2,1,0,6310.9,90.1,0,2,2,1,0
69,2,1,2,5031.0,74.1,0,1,2,0,0
1,0,2,0,85.05,85.05,1,1,2,0,1
72,2,2,2,8672.45,118.75,1,2,2,1,0
26,0,2,2,2196.45,85.9,0,1,2,1,0
33,0,2,2,3008.15,95.0,1,1,2,1,0
10,2,0,1,220.8,20.15,0,0,0,1,0
57,2,2,2,5779.6,101.3,0,1,2,0,0
10,0,0,0,222.65,21.2,1,0,0,0,0
39,1,0,1,914.6,24.2,1,0,0,1,0
11,0,0,2,246.3,20.3,0,0,0,0,0
21,0,2,0,2110.15,102.8,1,2,2,1,1
68,2,1,2,5560.0,85.3,0,2,2,1,0
18,1,2,2,1633.0,89.6,1,2,1,0,0
6,0,2,1,547.65,99.95,1,2,2,0,1
18,0,1,1,969.85,56.25,0,1,1,0,0
52,1,1,2,2610.65,50.95,1,1,1,1,0
56,2,2,1,6567.9,115.85,0,2,2,1,0
45,0,2,2,4747.85,103.65,1,2,2,0,0
67,2,0,1,1759.55,26.1,1,0,0,0,0
3,0,1,1,101.1,35.1,0,1,1,1,0
65,0,2,2,6496.15,99.1,1,2,2,0,0
63,2,1,1,4234.15,67.25,0,1,2,1,0
11,2,0,1,300.7,25.0,0,0,0,1,0
1,0,1,1,59.55,59.55,1,1,2,0,0
55,2,1,2,4323.35,77.8,1,2,2,0,0
25,1,1,1,1466.1,55.1,1,1,1,1,0
72,1,2,2,8684.8,117.8,1,2,2,1,1
72,2,0,2,1776.45,24.15,1,0,0,1,0
65,2,1,1,2933.95,45.25,0,2,1,0,0
54,0,2,0,4370.25,79.5,1,1,1,0,1
7,0,0,1,144.35,20.25,0,0,0,1,0
72,2,1,2,4804.75,64.75,0,1,1,1,0
21,0,1,2,1125.2,54.6,0,2,1,1,0
2,0,0,2,39.85,20.7,1,0,0,0,0
4,0,2,0,422.4,94.75,1,2,2,0,0
3,0,2,2,251.75,79.65,1,1,1,1,1
72,2,2,2,8332.15,115.8,0,2,2,1,0
6,0,1,0,314.6,49.45,1,1,1,0,0
52,0,2,2,4331.4,83.8,1,1,2,0,0
69,0,2,2,6382.0,95.35,1,1,2,1,0
8,0,2,0,740.3,94.7,1,2,2,0,1
8,0,2,2,600.15,74.05,1,1,1,0,0
63,0,2,2,5538.8,89.6,1,1,2,0,0
60,1,2,2,7049.5,116.6,1,2,2,0,0
12,0,1,2,690.5,54.2,0,1,1,1,0
13,0,0,1,279.3,19.3,1,0,0,0,0
22,0,1,1,1427.55,65.05,0,1,1,0,0
5,0,2,0,452.7,92.5,1,2,1,0,1
1,0,0,1,19.45,19.45,0,0,0,1,1
72,2,0,2,1709.15,24.05,1,0,0,1,0
2,0,0,2,53.15,18.75,0,0,0,0,0
40,2,0,2,777.35,20.15,0,0,0,1,0
44,1,0,2,860.85,20.0,0,0,0,1,0
71,1,1,2,5012.1,71.0,1,2,1,1,0
2,0,2,0,166.3,75.55,1,1,1,0,1
26,0,2,0,2404.1,93.6,1,2,2,0,0
1,0,2,0,70.0,70.0,1,1,1,1,1
1,0,1,1,24.4,24.4,0,1,1,0,0
65,2,1,2,4820.15,74.8,1,2,2,1,1
3,0,1,1,209.9,65.25,1,2,1,0,0
13,0,1,1,610.75,50.55,1,1,1,0,0
33,0,2,0,3409.6,104.4,1,2,2,1,1
1,0,2,1,70.7,70.7,1,1,1,0,0
4,0,1,1,155.35,45.25,0,1,1,1,0
2,0,2,0,144.0,70.3,1,1,1,0,0
72,2,2,2,7875.0,108.95,1,2,2,1,0
37,0,0,1,911.6,26.45,0,0,0,1,0
15,0,2,0,1270.2,86.2,0,2,1,0,1
23,1,0,2,478.1,19.65,1,0,0,0,0
30,0,1,2,1561.5,51.2,0,2,2,1,1
42,1,0,0,761.85,19.05,1,0,0,1,0
32,1,1,1,2282.95,74.75,0,2,2,0,0
22,0,2,2,1615.1,75.8,1,1,1,1,0
42,0,1,2,1097.15,25.1,1,1,1,1,0
8,0,1,1,369.3,44.45,0,1,1,0,0
65,2,2,2,6725.3,104.3,1,2,2,1,0
2,0,0,1,31.55,19.5,0,0,0,0,1
70,2,1,2,6293.2,89.0,1,2,2,1,0
22,0,0,2,432.5,20.15,0,0,0,0,0
4,0,2,0,321.75,74.9,1,1,1,0,1
2,0,2,2,147.15,74.9,0,1,1,0,1
67,2,1,2,2434.45,36.15,0,1,1,1,0
25,0,0,2,532.1,19.2,1,0,0,0,0
20,0,0,2,375.25,19.25,0,0,0,1,0
2,0,1,2,125.95,61.2,1,1,2,0,0
51,2,0,1,1042.65,20.45,0,0,0,0,0
46,0,1,2,1620.25,35.05,0,1,1,1,0
25,0,2,0,2387.75,100.25,1,2,2,0,1
13,0,1,1,659.35,44.0,0,1,1,0,0
25,0,2,1,2660.2,102.8,1,2,2,0,1
26,1,1,1,1285.8,50.35,0,1,1,1,0
43,1,2,0,4211.55,100.0,1,2,2,0,1
19,0,0,0,377.55,20.0,1,0,0,0,0
10,0,2,0,990.9,99.85,1,2,2,1,1
2,0,2,2,193.8,94.2,1,2,2,0,1
72,2,1,2,6058.95,86.4,1,2,2,1,0
18,0,1,2,964.9,58.4,1,1,1,0,0
9,0,2,0,790.15,83.85,1,1,2,0,1
27,0,2,2,2467.75,88.3,0,1,2,0,1
24,0,2,0,2322.85,94.1,1,2,2,0,0
69,1,2,2,7262.0,104.05,1,2,2,0,1
46,2,2,2,4854.3,108.9,1,2,2,1,0
72,2,2,2,7748.75,107.4,1,1,2,0,0
22,0,2,2,1914.9,94.7,1,2,2,1,1
70,0,2,0,6470.1,90.85,1,1,2,1,0
2,0,0,0,57.4,19.9,0,0,0,0,0
31,0,1,2,2019.8,66.4,1,1,2,1,0
56,0,2,2,5688.05,100.65,1,2,2,1,1
16,0,2,2,1522.7,100.7,0,2,2,1,0
52,2,0,2,1334.5,25.6,0,0,0,0,0
13,0,0,1,252.0,19.85,1,0,0,1,0
35,1,0,1,700.45,20.75,0,0,0,0,0
59,2,2,0,5655.45,95.8,0,2,2,0,0
72,0,2,0,6747.35,94.65,1,2,2,1,0
66,2,1,2,5265.1,80.55,1,2,2,1,1
49,2,2,2,5174.35,106.65,0,1,2,1,0
2,0,1,1,105.6,45.85,1,1,1,0,0
21,0,2,0,2271.85,104.35,1,2,2,0,0
54,1,1,0,2966.95,55.45,1,2,2,0,0
24,0,2,0,1772.25,78.85,1,1,1,1,1
1,0,1,0,61.15,61.15,0,1,1,0,0
6,0,2,0,494.95,78.95,1,1,1,0,0
1,0,1,1,44.45,44.45,1,1,1,0,1
49,1,2,2,5290.45,109.2,1,2,2,0,0
56,2,1,2,3346.8,61.3,1,1,1,1,0
56,0,2,0,5219.65,96.85,1,1,2,0,0
6,2,1,1,217.5,40.55,0,1,1,1,0
32,1,0,1,607.7,19.8,0,0,0,0,0
50,1,2,0,5431.4,108.25,1,2,2,1,0
58,1,2,2,6004.85,105.05,1,2,2,1,0
65,2,1,1,5957.9,90.45,1,2,2,1,0
64,2,1,2,5442.05,86.4,1,2,2,0,0
66,2,1,2,4370.25,66.9,0,1,1,1,0
38,1,2,0,4428.6,110.7,1,2,2,1,0
20,1,0,1,416.45,20.0,1,0,0,1,0
36,0,2,0,3067.2,84.9,1,1,2,0,1
64,1,2,0,6688.1,102.1,0,2,2,0,0
1,0,0,1,20.25,20.25,0,0,0,0,1
60,1,1,2,4224.7,70.15,1,2,1,0,0
1,0,2,0,74.35,74.35,1,1,1,0,1
50,1,1,2,4042.2,80.05,1,1,2,1,0
1,0,1,1,62.05,62.05,0,1,1,0,1
72,2,1,0,3580.95,49.2,1,1,2,1,0
60,2,0,2,1198.8,20.5,1,0,0,1,0
46,2,1,1,1755.35,38.25,0,1,1,0,0
69,2,1,2,3772.5,54.95,1,2,2,1,0
31,0,2,2,2877.95,96.6,1,2,1,0,0
19,1,0,1,357.7,19.9,0,0,0,1,0
71,2,0,2,1397.3,19.9,0,0,0,1,0
12,0,2,0,959.9,84.6,1,1,1,1,0
39,1,1,2,3182.95,80.0,0,2,2,1,1
44,1,1,2,3704.15,85.25,1,2,2,0,0
56,2,1,2,4620.4,81.25,0,2,1,1,0
72,2,2,2,8312.75,115.5,1,2,2,1,0
5,0,2,1,541.9,104.1,0,2,2,0,1
11,0,2,2,929.3,79.0,1,1,1,0,0
24,0,1,2,971.3,39.1,0,1,2,1,1
15,0,2,0,1285.05,94.65,1,2,2,1,0
72,2,0,1,1521.2,20.8,1,0,0,0,0
56,2,1,2,3389.25,59.5,0,1,1,1,0
64,2,0,2,1198.05,20.05,1,0,0,0,0
34,0,2,0,3414.65,100.45,1,2,2,1,0
2,0,2,0,162.45,76.5,1,1,1,0,1
35,1,0,2,754.0,20.6,0,0,0,0,0
22,1,0,2,467.15,20.3,0,0,0,0,0
5,0,1,0,216.9,49.2,1,1,1,0,1
9,1,1,1,373.0,39.55,0,1,1,0,0
11,0,0,2,245.2,23.15,0,0,0,0,1
23,1,0,1,481.1,20.45,0,0,0,0,0
4,0,2,0,302.75,80.85,0,1,2,1,1
68,2,0,2,1728.2,25.25,0,0,0,1,0
33,0,2,0,2964.05,91.25,0,2,2,1,0
31,0,1,2,2156.25,72.45,1,2,1,0,0
1,0,1,1,60.1,60.1,0,1,1,0,1
56,2,0,2,1051.9,19.7,0,0,0,0,0
1,0,2,0,78.95,78.95,1,2,1,0,1
66,1,1,0,5013.0,75.1,1,2,1,1,0
72,2,0,2,1738.9,25.0,0,0,0,1,0
34,0,2,2,2275.1,69.15,0,1,1,0,0
58,0,2,0,5511.65,91.55,1,2,1,1,0
2,0,1,0,98.5,45.15,1,1,1,0,1
37,2,1,2,1316.9,35.8,0,2,1,0,0
71,2,2,2,7993.3,113.15,1,2,2,0,0
1,1,0,2,19.85,19.85,0,0,0,1,0
71,2,0,2,1388.45,19.8,0,0,0,1,0
35,1,0,0,666.0,19.9,0,0,0,1,0
6,1,0,1,94.45,19.7,0,0,0,1,0
3,0,2,0,244.65,79.4,1,2,1,0,1
69,1,1,2,4134.7,59.1,0,1,1,1,0
44,1,1,1,2375.4,53.95,1,2,2,0,1
53,1,2,0,4862.5,91.15,1,1,2,1,0
24,0,2,2,2431.35,99.3,1,2,2,1,1
5,0,2,0,351.5,68.95,1,1,1,1,0
2,0,1,1,106.2,51.55,0,1,1,0,0
62,2,0,1,1413.0,24.4,1,0,0,0,0
19,0,2,0,1743.05,96.8,1,2,2,1,0
9,0,2,1,657.5,70.05,0,1,1,0,0
53,2,0,2,1050.5,19.5,0,0,0,0,0
5,0,2,1,426.35,78.75,0,1,2,0,0
71,1,1,0,4982.5,69.2,0,2,1,1,0
1,0,0,1,19.55,19.55,1,0,0,0,0
18,0,2,0,1451.9,80.65,1,1,1,0,1
72,2,2,0,7634.8,103.65,1,2,2,0,0
4,0,1,1,235.05,54.7,0,1,1,1,0
59,2,1,2,3116.15,54.15,0,1,1,0,0
1,0,2,1,71.1,71.1,0,1,1,0,1
31,0,2,0,2633.4,84.85,1,1,2,1,0
3,0,0,2,49.65,20.0,0,0,0,1,0
65,1,2,0,6979.8,106.25,1,2,2,1,1
49,1,2,2,4920.8,99.25,1,2,2,1,0
2,0,0,1,46.35,19.35,0,0,0,0,0
53,1,0,2,1021.8,20.8,0,0,0,1,1
55,1,2,0,5276.1,94.75,1,2,2,1,0
72,2,2,2,8289.2,114.05,1,2,2,1,0
36,0,2,2,2659.45,74.9,1,1,1,0,0
10,0,0,2,196.75,19.8,1,0,0,1,0
1,0,2,0,94.0,94.0,1,2,2,0,1
72,2,1,2,5824.75,80.85,0,1,2,1,0
28,0,1,2,1517.5,54.65,0,1,1,0,0
38,0,2,2,3479.05,91.7,0,2,1,1,0
61,1,2,0,7365.7,118.6,1,2,2,0,0
52,2,0,1,1331.05,24.55,0,0,0,1,0
67,1,0,1,1195.95,19.45,1,0,0,0,0
34,2,2,2,3946.9,116.15,1,2,2,0,0
54,2,1,0,4299.95,80.6,0,2,2,0,0
1,0,0,2,20.3,20.3,1,0,0,1,0
15,0,2,0,1424.95,89.85,0,1,2,0,1
4,0,1,1,193.6,46.0,1,1,1,0,1
9,0,1,1,620.55,66.25,0,2,1,0,1
46,0,2,0,4391.25,99.8,1,2,2,0,0
22,0,2,0,1993.8,90.0,1,2,1,0,1
38,1,2,2,2597.6,70.45,1,1,1,0,1
55,1,1,2,4213.9,75.0,1,2,1,1,0
1,0,0,1,19.9,19.9,0,0,0,0,0
64,1,2,2,5017.7,80.3,0,1,1,1,0
53,2,0,2,1052.35,19.75,0,0,0,0,1
58,2,1,0,4916.4,84.3,1,2,2,1,0
56,1,1,2,2959.8,54.05,1,2,2,1,0
72,2,2,2,7559.55,104.9,1,2,2,1,0
1,0,1,0,53.95,53.95,1,1,1,0,1
72,1,2,2,7133.1,97.25,1,2,2,1,0
22,0,2,0,1799.3,83.05,0,1,2,0,0
8,0,2,0,829.55,105.5,1,2,2,0,1
16,0,2,0,1312.15,81.0,1,2,1,0,1
39,0,1,2,1597.05,41.1,0,1,1,0,0
12,0,1,2,524.35,45.0,1,1,1,0,0
54,2,1,2,4191.45,74.55,1,2,2,1,0
18,1,1,1,711.95,40.2,1,1,1,0,0
32,1,1,1,2201.75,70.5,0,1,2,1,0
41,1,0,1,806.95,19.75,1,0,0,0,0
67,2,0,2,1620.45,24.65,0,0,0,1,0
65,0,2,0,6812.95,104.25,1,2,2,1,0
25,0,1,2,1837.9,78.35,1,2,1,0,0
1,0,2,0,69.8,69.8,1,1,1,1,1
67,1,2,2,7344.45,109.7,1,2,2,1,0
7,0,2,1,545.15,73.75,0,1,1,0,1
43,0,1,2,1500.25,33.45,1,1,1,0,0
24,0,2,0,2283.15,94.6,1,2,2,0,0
9,0,1,0,494.05,54.55,0,1,1,0,1
69,2,0,2,1376.5,20.2,0,0,0,1,0
37,1,0,2,755.4,20.3,0,0,0,0,0
20,2,1,2,825.4,39.4,1,1,1,1,0
7,0,2,2,488.65,69.15,0,1,1,0,0
37,0,2,0,2841.55,76.25,1,1,1,0,1
5,0,2,1,486.85,93.9,1,2,2,0,1
41,1,1,0,2075.1,51.35,1,2,2,0,0
54,1,2,2,5299.65,100.05,1,2,2,0,0
3,0,2,0,204.7,70.4,1,1,1,0,1
69,2,0,2,1356.3,20.3,0,0,0,0,0
53,1,2,2,5042.75,94.45,1,1,2,0,0
18,1,1,2,812.4,46.4,0,2,1,1,0
64,2,2,2,6605.55,104.05,1,2,2,1,0
31,0,2,0,2995.45,91.15,1,1,2,1,1
20,0,1,2,505.95,24.9,0,1,1,0,0
57,1,1,1,3509.4,59.6,0,1,1,1,0
63,2,2,2,6991.9,108.5,0,2,2,1,0
13,2,1,1,590.35,40.55,0,1,1,1,0
48,1,1,2,2789.7,58.95,1,1,2,1,0
2,0,2,0,137.95,70.95,1,1,1,0,1
57,2,0,1,1123.15,20.75,0,0,0,1,0
71,1,2,2,7953.25,113.15,1,2,2,1,0
7,0,1,0,349.8,48.8,0,1,1,1,0
16,0,1,2,1067.05,63.05,1,1,2,0,0
34,0,2,0,3527.3,100.85,0,2,2,1,0
37,0,2,0,3762.0,99.5,1,2,2,1,1
16,0,2,1,1248.9,80.55,1,1,1,0,0
48,1,1,2,3035.35,64.4,1,1,1,0,0
58,1,1,2,4300.8,75.2,1,2,2,1,0
72,2,1,2,6065.3,84.9,1,2,2,1,0
7,0,0,1,144.95,19.3,0,0,0,0,0
38,0,2,2,3233.6,83.9,1,1,1,0,1
48,0,2,0,5438.9,117.45,0,2,2,1,1
10,0,2,0,1081.45,104.4,1,2,2,0,1
30,1,1,2,2308.6,74.65,0,2,1,0,0
31,0,1,2,1882.8,59.05,1,2,1,1,0
46,1,1,2,3255.35,69.1,1,1,2,0,0
50,2,0,1,1067.65,20.55,0,0,0,1,0
28,0,2,2,2065.4,76.55,0,1,1,1,0
66,2,1,2,4136.4,62.5,1,2,2,0,0
8,0,1,0,221.9,29.4,1,1,1,0,1
41,0,2,2,3848.0,94.9,1,2,2,1,0
72,2,2,2,8022.85,111.65,1,2,2,1,0
7,1,0,1,173.15,19.9,0,0,0,0,0
38,0,0,1,781.25,20.45,0,0,0,1,0
44,1,2,0,4510.8,106.05,1,2,2,0,0
47,1,2,2,5317.8,113.45,1,2,2,1,0
53,0,2,0,4779.45,92.55,1,2,1,1,0
4,0,1,0,250.1,65.6,0,2,1,1,0
20,0,2,0,1745.2,84.35,1,2,1,0,0
2,0,1,1,74.9,44.65,0,1,1,0,1
57,1,1,2,4140.1,71.1,1,2,1,1,0
44,0,2,0,3670.5,85.15,1,1,1,1,0
24,0,1,1,1167.8,49.7,1,1,1,0,0
15,0,1,2,469.65,30.2,1,1,1,1,0
3,0,1,0,58.9,25.25,0,1,1,0,1
4,0,2,2,333.55,84.05,0,1,1,0,1
37,0,2,0,3171.15,85.7,1,2,1,1,1
1,0,2,0,74.7,74.7,1,1,1,0,1
24,0,1,2,1381.2,56.35,0,1,1,0,0
5,0,2,0,455.5,90.8,1,2,1,0,1
33,0,2,0,3645.5,107.55,0,2,2,0,0
58,2,0,1,1158.85,19.85,1,0,0,1,0
72,2,2,2,6954.15,95.9,1,2,1,1,0
71,2,0,1,1672.1,23.85,0,0,0,1,0
28,0,2,0,3152.5,106.15,1,2,2,0,1
51,2,1,2,4307.1,83.85,1,2,2,1,0
30,1,1,2,2530.4,85.35,0,2,2,0,1
72,2,2,2,6141.65,84.8,1,1,1,1,0
36,0,2,0,3186.7,90.85,1,2,1,0,1
14,2,1,2,1054.8,76.1,0,1,2,0,0
72,2,1,1,5430.65,74.55,0,2,1,1,0
22,0,1,0,849.9,39.2,0,2,1,1,0
2,0,2,0,151.75,79.55,0,1,1,0,0
15,0,0,1,299.4,19.6,0,0,0,0,0
51,2,0,2,1086.75,19.55,0,0,0,1,0
70,2,1,2,2692.75,39.15,1,1,1,1,0
71,2,0,2,1389.6,20.1,0,0,0,1,0
39,0,2,2,3767.4,99.95,1,2,2,1,0
61,0,1,0,3641.5,59.8,0,1,1,1,0
52,0,1,2,2535.55,49.75,1,1,1,0,0
1,0,1,0,35.75,35.75,1,2,1,0,1
64,1,2,1,6880.85,108.5,1,2,2,1,0
62,2,1,2,3753.2,60.15,1,1,1,1,0
30,2,0,1,637.55,19.05,0,0,0,1,0
4,0,1,0,181.6,46.0,0,1,1,1,1
63,1,1,2,5329.55,84.0,1,2,2,1,0
1,0,1,2,44.55,44.55,1,1,1,0,0
15,0,2,0,1539.8,103.45,1,2,2,1,0
27,1,2,2,2209.75,80.65,1,1,1,1,0
4,0,1,1,223.75,57.2,1,2,2,0,0
72,2,2,0,7751.7,110.75,1,2,2,1,0
45,1,0,2,1174.35,24.7,0,0,0,1,0
45,0,2,0,4385.05,97.05,1,2,1,0,0
36,1,1,1,2606.35,76.35,1,2,1,0,0
17,0,2,0,1539.45,89.4,1,2,1,1,1
1,0,0,1,18.9,18.9,0,0,0,0,0
16,0,2,2,1261.35,74.45,1,1,1,0,0
3,0,0,1,58.15,19.8,1,0,0,0,1
4,0,1,0,225.6,50.9,1,1,1,1,1
71,2,1,2,5969.3,84.4,1,2,2,1,0
10,0,0,1,253.9,24.4,1,0,0,1,0
20,2,0,1,400.0,20.05,0,0,0,1,0
4,0,2,0,340.85,81.0,1,2,1,0,1
26,0,2,0,2515.3,98.35,1,2,2,0,1
4,0,1,2,227.35,55.5,0,2,1,0,0
5,0,1,1,305.95,51.0,1,2,2,0,1
4,0,2,0,365.4,91.65,1,2,1,1,1
29,0,2,0,2357.75,84.3,1,1,2,1,0
2,0,2,0,198.5,100.2,0,2,2,0,0
29,2,0,1,554.25,19.4,0,0,0,0,0
1,0,2,0,90.85,90.85,1,2,2,0,1
1,0,2,1,69.4,69.4,0,1,1,0,1
8,0,2,2,742.95,94.45,1,2,2,0,1
13,0,0,0,251.65,20.4,1,0,0,0,0
59,0,2,0,5597.65,94.75,1,2,1,1,0
1,0,0,2,20.15,20.15,1,0,0,1,1
50,0,2,0,4816.7,95.7,1,2,2,0,1
18,0,1,2,768.05,44.35,1,1,1,1,0
17,0,1,1,1215.8,74.55,0,2,2,1,0
47,2,1,0,3522.65,73.6,0,2,2,1,0
26,0,2,2,1834.95,74.95,1,1,1,0,1
6,0,1,0,305.1,47.95,1,2,2,0,1
19,0,1,2,910.45,50.1,0,1,1,1,0
3,0,1,0,155.65,63.6,1,2,1,0,1
68,2,1,0,3656.25,53.0,1,2,2,1,0
2,0,0,2,52.0,19.85,0,0,0,1,0
7,1,1,2,150.85,24.35,1,1,1,0,0
18,0,0,1,389.25,19.55,1,0,0,0,0
71,2,0,2,1873.7,25.05,0,0,0,1,0
13,0,2,2,1261.0,93.8,0,1,2,1,0
3,0,1,1,108.7,36.85,1,1,1,0,1
72,2,2,2,7346.2,103.75,1,2,2,1,0
66,2,1,2,3708.4,56.75,1,2,2,1,0
24,1,0,2,469.65,20.8,1,0,0,1,0
1,0,1,0,44.1,44.1,1,1,1,0,1
56,2,0,1,1385.85,24.45,1,0,0,1,0
22,1,0,2,548.8,25.6,0,0,0,1,0
14,0,1,0,712.75,50.75,1,2,2,0,1
61,1,2,2,6405.0,104.4,1,2,2,1,1
40,0,1,0,1637.4,39.3,1,2,1,1,1
42,0,1,2,2536.55,59.65,0,1,1,0,0
72,2,1,2,6042.7,83.3,1,2,2,1,0
12,0,2,2,958.25,79.55,1,1,1,0,0
71,2,0,2,1730.65,24.45,0,0,0,1,0
26,1,0,1,459.6,19.2,0,0,0,1,0
7,0,1,1,201.95,29.8,0,1,1,0,0
6,0,1,1,285.2,45.5,0,1,1,1,0
58,1,2,0,6145.85,106.45,1,2,2,0,1
51,0,1,2,1529.45,30.05,1,1,1,1,0
72,2,1,2,4664.5,65.65,1,2,2,1,0
18,0,2,0,1740.7,96.05,1,2,2,0,1
7,0,2,2,552.95,75.1,1,1,1,0,1
47,2,1,1,3496.3,74.05,0,1,2,0,0
2,0,1,0,93.7,44.7,1,1,1,0,1
62,1,2,2,7053.35,110.75,1,2,2,0,0
16,2,0,1,301.55,19.7,0,0,0,1,0
6,0,1,2,312.7,49.5,1,1,1,0,0
19,0,1,2,1046.5,55.0,1,1,1,0,1
69,2,1,2,2960.1,43.95,1,1,2,1,0
11,0,2,0,834.2,74.35,1,1,1,1,1
64,0,2,0,6953.4,111.15,1,2,2,1,0
39,1,2,2,4134.85,104.7,1,2,2,1,1
15,0,1,1,899.8,55.7,1,1,1,0,1
25,0,0,1,541.5,20.6,0,0,0,0,0
6,2,0,2,116.85,19.65,0,0,0,0,0
66,1,2,2,7942.15,115.8,0,2,2,1,0
61,2,1,2,5321.25,88.65,0,2,2,0,0
43,0,2,0,4156.8,94.5,1,2,1,1,0
12,0,0,1,223.6,20.1,0,0,0,0,0
23,0,1,2,768.45,34.65,1,1,2,0,0
71,0,1,2,3765.05,52.3,1,2,2,1,0
34,0,1,1,2157.5,65.0,0,2,1,0,0
5,0,0,2,108.05,19.85,0,0,0,0,1
41,1,1,1,1391.65,35.45,0,1,1,1,0
72,2,0,2,1379.8,19.7,0,0,0,1,0
14,0,2,0,1273.3,95.6,1,2,2,0,0
41,2,0,1,810.45,19.85,1,0,0,0,0
23,1,2,2,1810.85,81.85,0,1,1,1,0
71,2,2,2,7782.85,109.3,0,2,2,1,0
1,0,2,0,70.3,70.3,1,1,1,0,1
72,2,0,1,1797.1,25.4,0,0,0,1,0
6,0,2,0,377.85,69.8,1,1,1,1,0
23,1,0,2,445.3,20.0,1,0,0,1,0
10,0,2,0,851.75,85.55,0,1,2,1,1
72,2,2,0,7624.2,109.9,1,2,2,0,0
7,0,1,2,355.1,50.3,1,1,1,1,0
6,0,2,1,575.45,94.5,0,2,2,0,1
9,0,2,0,906.85,101.5,1,2,2,1,0
12,0,2,0,1057.55,89.15,1,1,2,0,0
1,0,0,1,19.4,19.4,1,0,0,0,0
48,1,1,2,1388.75,29.9,0,1,1,1,0
20,0,2,0,1641.3,78.8,0,2,1,0,0
16,0,2,2,1375.15,85.35,1,1,2,1,1
2,0,2,1,152.7,79.65,1,2,1,0,1
10,1,0,1,185.2,19.3,1,0,0,0,0
2,0,2,0,195.05,79.6,1,1,2,0,1
20,0,2,1,1826.7,96.8,0,2,1,1,0
20,1,0,1,417.5,20.65,0,0,0,1,0
19,1,0,1,344.5,19.8,0,0,0,1,0
19,0,2,0,1660.0,90.6,1,2,1,0,1
22,0,2,0,2180.55,104.6,1,2,2,1,0
35,0,2,2,2835.9,80.05,0,1,1,0,0
1,0,1,1,45.15,45.15,0,1,1,0,0
39,0,2,2,2730.85,73.15,1,1,1,0,0
54,1,2,0,5437.1,99.1,1,2,2,1,0
1,0,0,2,20.2,20.2,1,0,0,0,1
66,2,2,2,6981.35,106.05,1,2,2,1,1
56,0,2,1,5794.45,105.35,1,2,2,0,0
18,0,1,2,747.2,45.65,1,1,1,0,0
16,0,2,2,1267.95,79.95,1,1,1,1,0
68,1,1,2,3674.95,54.45,1,1,1,0,0
53,2,0,2,1275.6,25.1,0,0,0,1,0
72,2,1,2,5893.9,84.7,0,2,2,1,0
9,0,2,0,724.65,75.85,1,1,1,0,0
30,0,1,1,1536.75,48.8,1,1,1,0,0
36,0,2,0,3615.6,99.15,1,2,2,0,1
18,0,1,0,607.3,35.2,1,1,1,0,0
55,1,1,0,4154.55,76.25,0,2,1,1,0
39,0,1,0,2184.35,55.9,0,2,2,1,1
21,0,2,0,1852.85,82.35,1,1,1,0,1
2,0,1,2,77.15,40.4,1,1,1,0,1
33,1,0,2,847.8,24.9,1,0,0,0,0
44,2,1,2,2390.45,54.3,0,2,2,1,0
30,0,1,2,1923.5,66.3,0,1,2,1,0
71,2,0,2,1493.2,20.9,1,0,0,1,0
4,0,2,0,338.1,75.35,0,1,1,0,1
35,1,2,0,3030.6,85.15,1,2,1,0,1
1,0,2,2,75.35,75.35,0,1,1,1,0
23,0,2,0,2184.85,104.45,1,2,2,1,0
22,1,1,2,1031.4,49.45,1,2,2,0,0
49,1,0,2,921.3,19.45,0,0,0,0,0
42,0,2,0,3875.4,92.15,1,2,2,1,0
33,1,2,0,3124.5,93.8,1,2,2,1,1
7,2,0,1,144.15,19.85,0,0,0,1,0
67,1,2,2,6689.0,100.25,1,1,2,1,0
15,0,2,0,1451.1,95.7,0,1,2,0,0
67,2,2,0,6368.2,93.15,1,1,2,1,0
53,2,1,1,3729.6,69.7,1,2,1,1,0
21,1,0,1,350.1,19.8,0,0,0,1,0
40,0,1,1,2847.2,71.35,1,1,2,1,0
22,1,0,2,452.35,20.75,0,0,0,1,0
39,0,1,0,1494.5,40.6,1,1,2,0,0
45,1,0,0,930.45,20.4,1,0,0,0,1
2,0,0,1,41.85,20.35,0,0,0,1,0
57,2,0,2,1272.05,19.75,0,0,0,1,0
8,0,1,0,475.1,54.4,1,2,1,1,0
7,0,2,2,673.1,94.7,1,1,2,1,1
6,0,1,2,208.7,30.5,1,1,1,0,1
7,0,0,1,150.75,20.45,0,0,0,1,0
49,2,1,2,3199.0,66.15,1,2,1,0,0
65,1,2,0,5844.65,89.85,1,1,1,0,0
55,1,1,2,2462.6,45.05,0,1,1,0,0
71,2,1,2,6263.8,86.85,0,2,2,1,0
35,0,2,1,3403.4,96.75,1,1,1,0,0
3,0,2,0,237.75,77.0,1,1,1,0,1
11,0,0,2,221.35,20.1,0,0,0,0,1
1,0,2,0,75.3,75.3,0,1,1,0,1
17,0,2,2,1672.1,106.65,1,2,1,0,0
72,2,2,2,7881.2,110.15,1,2,2,1,0
28,1,2,2,2320.8,82.85,1,1,2,1,0
18,2,0,1,370.5,20.1,0,0,0,1,0
40,1,2,2,4062.2,99.2,1,2,2,1,1
52,0,1,0,3043.7,59.45,1,1,2,0,0
47,0,1,2,2723.4,58.6,1,2,1,1,0
23,0,1,2,1081.25,49.7,0,1,1,0,0
66,2,1,1,4097.05,65.85,0,1,1,1,0
8,0,2,0,632.2,73.5,1,1,1,0,0
47,0,2,1,4042.3,85.5,0,1,2,0,1
7,0,0,1,164.85,20.05,0,0,0,0,1
71,2,2,2,8166.8,113.65,0,2,2,1,0
50,0,2,0,4113.7,83.4,1,1,1,0,0
46,2,1,1,3047.15,65.65,0,1,1,1,0
1,0,2,0,70.4,70.4,0,1,1,0,1
66,2,1,2,4193.4,61.35,1,2,2,0,0
42,0,2,2,3729.75,85.9,1,1,1,1,0
5,0,2,1,399.45,75.65,1,1,1,0,0
7,1,1,0,331.3,49.75,1,1,1,1,1
29,1,1,2,1964.6,70.9,0,1,2,0,0
27,0,1,1,1336.15,49.85,0,1,1,1,0
15,0,2,2,1147.45,75.3,1,1,1,0,1
25,2,0,1,486.05,20.1,0,0,0,1,0
11,0,2,0,1078.9,94.0,1,2,2,1,1
57,0,2,0,5925.75,103.05,1,2,1,1,0
67,1,2,2,7804.15,118.35,1,2,2,0,1
47,0,2,0,4747.2,99.7,0,2,2,1,0
13,0,2,1,1028.9,81.9,1,2,1,0,0
8,0,1,0,226.45,30.45,1,1,1,0,1
44,0,2,0,4364.1,96.1,1,2,2,1,1
71,1,1,0,4692.55,66.2,1,2,1,1,0
24,0,2,0,2433.9,104.25,1,2,2,1,1
15,0,2,0,1217.25,80.2,1,1,1,0,1
1,0,0,0,19.75,19.75,0,0,0,0,0
2,0,2,1,154.3,72.6,1,1,1,0,0
55,0,2,0,6382.55,116.5,1,2,2,0,0
71,2,2,0,7623.2,106.8,1,2,2,0,0
50,2,0,1,1261.45,24.95,0,0,0,1,0
1,0,2,0,89.25,89.25,1,2,2,0,0
5,0,0,1,86.05,19.25,1,0,0,0,0
66,1,2,2,6779.05,104.55,1,2,1,0,0
49,1,1,1,4345.0,87.2,1,2,2,1,0
3,0,1,0,82.85,30.75,1,1,1,1,0
66,1,0,2,1714.55,25.7,1,0,0,1,0
11,0,2,0,893.2,86.2,0,1,2,0,0
28,0,1,2,810.85,30.1,1,1,1,0,0
65,2,2,0,6347.55,99.35,1,2,1,1,0
62,2,0,2,1123.65,19.2,1,0,0,0,0
2,0,0,2,43.15,20.1,0,0,0,1,0
2,0,0,2,35.1,20.35,0,0,0,0,0
55,2,0,2,1388.0,25.65,1,0,0,1,0
41,0,2,0,3851.45,94.55,1,2,2,1,0
17,0,2,0,1743.5,104.2,1,2,2,1,1
30,1,2,2,2638.1,94.4,1,2,2,0,0
17,1,1,1,946.95,56.1,0,1,1,0,0
16,2,1,2,1114.85,68.25,0,1,2,1,0
72,2,0,2,1777.6,24.75,0,0,0,0,0
9,0,2,0,684.85,76.25,1,1,1,0,0
1,0,2,0,74.35,74.35,0,1,1,0,0
23,0,1,0,1312.45,54.15,0,1,1,0,0
8,0,0,2,159.2,19.45,0,0,0,0,0
19,0,1,1,610.2,34.95,1,1,1,1,0
7,0,1,0,404.35,53.65,1,1,1,0,0
1,0,2,0,69.65,69.65,1,1,1,0,1
61,1,2,0,6363.45,104.0,0,2,2,0,0
57,2,1,2,4124.65,70.35,1,2,1,1,0
9,0,2,0,713.1,80.8,1,1,2,0,1
15,1,1,1,950.75,64.85,0,1,2,0,0
1,0,0,1,19.65,19.65,0,0,0,0,0
12,0,1,2,505.95,45.9,0,1,1,1,0
54,2,0,1,1149.65,20.0,0,0,0,0,0
4,0,1,0,169.65,44.8,0,1,1,1,0
7,0,2,1,526.7,80.3,1,2,1,0,1
20,1,0,1,393.15,20.35,0,0,0,1,0
26,0,1,1,1147.0,45.8,0,1,2,0,0
36,0,2,0,3021.6,84.1,1,1,2,1,1
53,1,2,2,5718.2,108.95,1,2,2,1,0
3,0,1,0,191.35,69.35,1,2,2,0,1
68,2,1,2,4539.6,64.35,0,2,2,0,0
72,2,1,2,6397.6,90.8,1,2,2,1,0
12,1,0,2,280.4,24.95,0,0,0,0,0
34,0,2,1,2718.3,79.6,1,1,1,1,1
68,2,2,2,5711.05,84.7,1,1,1,1,0
50,1,1,2,3478.15,70.8,1,2,1,0,0
1,0,1,0,36.45,36.45,1,2,1,0,1
41,0,2,0,4133.95,104.4,1,2,2,0,0
30,0,2,0,2917.65,101.5,1,2,2,1,0
1,0,1,0,54.3,54.3,0,1,1,0,0
29,0,2,0,2964.8,103.95,1,2,2,1,0
23,2,1,2,2198.3,91.1,1,2,2,1,0
60,2,0,1,1189.9,19.95,0,0,0,0,0
72,2,0,2,1914.5,26.45,0,0,0,1,0
22,0,2,0,2001.5,89.4,1,2,1,0,1
72,2,1,2,5336.35,75.1,1,2,1,0,0
66,1,2,2,7238.6,108.1,0,2,2,0,0
72,2,2,0,7998.8,110.15,1,2,2,1,0
47,0,2,0,3825.85,80.35,0,1,1,1,1
51,1,2,0,5703.25,111.5,1,2,2,0,0
70,1,2,0,7397.0,106.5,1,2,2,1,0
9,1,0,0,164.6,19.9,1,0,0,0,0
59,2,2,1,6555.2,111.1,1,2,2,1,0
3,0,1,1,225.65,70.7,0,2,2,0,0
38,0,1,0,955.75,24.85,1,1,1,1,0
37,0,2,2,3382.3,91.2,0,1,1,0,0
37,2,1,2,2313.8,65.6,0,1,1,0,0
24,0,1,2,933.3,40.65,1,1,2,1,1
14,0,1,2,780.85,59.45,0,1,1,1,0
72,2,2,2,7852.4,109.95,1,2,2,1,0
53,1,1,0,3184.25,60.45,1,2,2,1,1
8,0,2,0,764.95,84.9,1,1,2,1,1
72,2,1,2,2763.0,38.5,0,1,1,1,0
17,0,2,0,1614.7,92.55,1,2,2,1,0
2,0,2,2,145.4,73.55,1,1,1,1,1
8,0,0,2,156.25,20.15,0,0,0,1,1
48,1,1,1,1604.5,34.7,0,1,1,1,1
10,0,0,1,270.15,24.5,1,0,0,0,0
1,0,0,1,20.6,20.6,0,0,0,0,0
29,1,1,2,1734.5,58.0,0,1,1,0,0
65,1,2,0,7047.5,107.45,1,2,2,1,0
8,0,1,2,573.15,65.5,1,1,1,0,0
61,2,0,2,1538.6,25.45,0,0,0,1,0
45,1,2,2,4459.8,100.15,1,2,2,0,0
72,1,2,2,7459.0,104.45,1,2,2,1,0
12,0,0,0,306.05,21.15,1,0,0,1,0
7,0,2,0,639.7,96.2,0,2,2,0,0
9,0,1,1,348.15,44.4,1,1,1,0,0
43,1,2,0,4533.9,107.55,1,2,2,1,1
58,2,2,2,5563.65,94.35,0,1,2,1,0
16,0,2,0,1587.55,98.75,1,2,2,1,1
2,0,0,1,40.25,20.3,0,0,0,1,0
8,0,2,0,842.9,101.15,0,2,2,1,1
40,1,2,2,4228.55,105.75,0,2,2,1,0
9,0,2,0,784.45,81.15,1,1,1,0,0
41,1,2,0,3729.75,89.55,1,2,1,0,0
26,0,1,2,1406.9,54.75,1,1,1,0,0
33,1,1,2,1857.3,53.75,1,1,1,1,0
68,1,2,2,7322.5,105.75,0,2,2,1,0
65,2,2,2,6725.5,105.85,1,2,2,1,0
55,1,1,0,3627.3,64.2,1,1,2,0,0
20,0,2,0,1761.45,88.7,1,2,1,0,1
19,1,2,2,1725.95,87.7,1,1,2,0,0
45,0,2,2,4192.15,89.3,1,1,2,0,0
70,2,0,2,1411.2,20.15,1,0,0,1,0
2,0,2,0,164.5,79.75,1,2,1,0,1
27,0,2,1,2724.6,94.55,1,2,2,0,1
12,2,0,0,264.55,20.05,1,0,0,1,0
72,2,1,2,4671.7,67.2,0,2,2,0,0
12,0,2,0,1173.55,94.55,0,2,2,0,0
5,0,2,1,318.5,69.05,1,1,1,0,1
71,0,2,0,7713.55,107.5,1,2,2,1,0
35,1,1,0,2471.25,73.0,1,2,2,0,0
70,2,2,2,7842.3,114.75,0,2,2,1,0
31,0,2,0,2227.8,76.05,1,1,1,0,0
52,2,2,2,4990.25,96.25,1,1,2,1,1
37,0,2,0,3744.05,101.1,1,2,2,0,1
69,1,2,2,7220.35,104.7,1,2,2,0,1
30,0,2,1,2351.45,77.9,0,1,1,1,0
33,0,2,0,2989.6,90.65,1,1,2,0,0
54,2,2,0,6077.75,110.45,1,2,2,1,0
59,1,1,2,4070.95,68.7,0,1,2,0,0
55,0,1,0,2479.05,44.85,1,2,1,0,0
69,1,1,2,2134.3,29.8,1,1,1,1,0
66,1,2,2,6000.1,88.9,1,2,1,0,0
37,1,1,1,2203.1,58.75,1,1,1,1,0
9,1,0,2,183.15,19.85,0,0,0,1,0
69,2,1,2,6194.1,86.9,0,2,2,1,0
10,0,1,1,638.95,59.65,1,2,1,0,0
40,0,1,1,2139.2,55.25,1,1,1,0,1
13,0,1,2,831.75,66.4,0,2,2,0,0
6,0,2,0,521.3,90.1,1,2,1,0,1
69,2,0,2,1337.5,20.15,0,0,0,1,0
66,1,2,2,7181.95,108.1,1,2,2,1,0
11,0,1,0,608.0,53.75,0,1,1,0,1
46,1,1,1,2560.1,56.9,0,1,1,1,0
6,0,2,0,577.6,89.3,0,2,2,0,1
56,0,2,1,5953.0,109.6,1,2,2,1,0
70,2,0,2,1790.15,25.15,0,0,0,1,0
33,1,1,0,2531.4,79.15,1,2,2,1,0
72,2,1,2,4760.3,66.75,0,1,1,1,0
3,0,2,0,292.85,95.2,1,2,2,1,1
19,0,1,1,953.65,48.8,0,1,1,0,0
5,0,1,0,198.0,45.7,0,2,2,0,1
71,2,1,2,5705.05,80.7,1,2,2,1,0
8,0,2,0,609.9,74.5,1,1,1,1,1
1,0,0,2,20.55,20.55,0,0,0,0,0
1,0,2,0,79.65,79.65,1,2,1,0,1
61,1,2,1,6993.65,115.1,1,2,2,0,0
71,2,1,2,4122.65,59.7,0,2,2,1,0
68,1,2,2,5762.95,86.45,0,1,1,1,0
46,1,1,2,1537.85,33.7,0,1,1,0,0
33,1,2,2,2603.3,80.1,0,1,1,0,0
53,2,2,2,5566.4,104.05,1,1,2,1,0
50,0,2,2,5431.9,108.75,0,2,2,1,0
57,1,1,2,2258.25,41.1,1,1,1,0,0
54,2,0,2,1092.35,20.35,1,0,0,1,0
60,0,2,0,6401.25,105.9,1,2,2,1,0
28,0,2,2,2812.2,101.3,1,2,2,1,1
1,0,2,1,80.05,80.05,1,2,1,1,1
29,0,2,0,2698.35,89.2,1,1,2,1,1
10,0,1,0,616.9,65.5,1,1,2,1,0
43,0,1,0,1912.85,40.45,1,1,1,0,0
13,0,2,2,849.1,70.45,0,1,1,1,0
43,2,1,0,3460.3,78.8,1,2,2,1,0
19,0,2,0,1465.75,83.65,1,1,2,1,1
1,0,2,0,90.1,90.1,1,2,2,1,0
69,2,1,2,5555.3,82.45,1,2,2,0,0
61,2,0,2,1278.8,20.25,0,0,0,1,0
43,0,1,2,2907.35,66.25,0,1,1,1,0
6,0,0,2,146.3,19.5,0,0,0,1,1
1,0,1,1,51.25,51.25,0,1,1,0,1
56,0,2,1,4952.95,89.7,0,2,2,1,0
70,2,1,2,4504.9,64.55,0,2,2,1,0
1,0,1,0,45.6,45.6,1,1,1,0,1
49,1,2,0,4520.15,93.65,1,2,1,1,0
6,0,1,2,267.35,49.65,1,1,1,0,1
32,2,1,1,2316.85,73.6,0,1,2,1,0
72,2,2,1,8075.35,109.75,1,2,2,1,0
37,2,1,2,2302.35,61.45,0,1,1,0,0
69,1,2,2,7251.9,106.4,1,2,2,1,0
26,0,1,2,2078.55,81.9,0,2,2,1,0
58,1,2,2,6225.4,105.2,1,2,2,1,0
24,1,1,2,1242.25,54.6,0,1,1,0,0
5,1,0,0,99.45,20.55,0,0,0,1,0
15,0,0,0,288.05,20.0,1,0,0,1,1
30,2,0,1,599.25,19.7,0,0,0,1,0
55,1,1,2,3462.1,66.05,1,1,1,1,0
25,0,1,2,853.0,34.0,1,2,1,1,1
10,0,2,1,934.1,92.5,1,2,1,1,1
44,2,1,2,2375.2,54.05,1,1,2,1,0
47,1,1,1,2813.05,58.9,1,1,1,0,0
13,0,2,0,1222.8,88.35,0,2,2,1,1
49,2,2,2,5293.2,107.95,1,2,2,1,1
64,1,2,1,6314.35,96.9,1,2,2,1,0
1,0,0,1,19.1,19.1,0,0,0,0,0
20,0,1,1,1003.05,50.0,0,1,1,0,0
37,2,1,0,1593.1,45.4,0,2,1,1,0
30,0,2,0,2509.95,85.45,0,2,1,1,0
38,1,1,2,3187.65,84.1,0,2,2,0,0
1,0,2,1,74.45,74.45,1,1,1,0,1
37,0,1,0,2345.2,64.75,1,2,2,0,1
52,2,1,2,3330.1,66.25,0,2,2,1,0
71,2,1,2,5522.7,76.9,1,2,1,0,0
26,0,2,0,2335.3,89.8,0,2,1,0,1
66,2,1,2,4798.4,74.6,1,1,2,0,0
72,2,2,2,8594.4,116.95,1,2,2,1,0
25,1,1,2,970.55,40.65,1,2,1,0,0
69,2,2,2,7665.8,114.35,1,2,2,1,0
53,2,1,2,3686.05,69.7,0,1,2,1,0
12,1,2,1,1115.15,95.5,0,2,2,0,1
26,0,2,0,2537.0,98.65,1,2,2,0,0
21,0,1,1,1393.6,61.65,0,1,2,0,0
1,0,2,0,89.35,89.35,1,2,2,0,0
48,0,2,0,4445.3,95.4,1,1,2,0,0
26,1,1,2,978.6,35.4,0,1,1,1,0
60,2,0,1,1258.15,19.95,0,0,0,1,0
18,0,0,1,331.35,19.25,0,0,0,0,0
10,0,1,0,291.4,29.65,1,1,1,0,1
5,0,2,0,453.75,84.5,1,1,1,1,1
4,1,0,1,84.75,20.4,1,0,0,0,0
65,2,0,2,1715.1,24.75,0,0,0,1,0
70,2,0,1,1715.15,25.35,0,0,0,1,0
18,0,2,2,1597.25,90.7,1,1,2,0,1
62,2,0,2,1250.1,20.0,0,0,0,0,0
66,2,1,0,3996.8,59.75,1,2,1,1,0
65,2,1,2,5215.1,82.5,1,2,2,1,0
3,0,2,0,235.5,70.3,1,1,1,0,1
34,0,0,1,673.2,20.35,0,0,0,0,0
16,0,2,2,1442.2,90.8,1,2,1,1,0
54,1,2,2,5639.05,103.95,1,2,2,0,1
50,0,2,0,5222.35,104.95,1,2,2,0,0
71,2,2,0,7291.75,105.25,1,2,2,1,0
10,0,2,0,799.65,74.75,1,1,1,0,1
1,0,1,0,50.8,50.8,1,1,1,0,1
18,1,0,1,424.5,23.75,0,0,0,0,0
4,0,1,0,249.4,61.3,1,2,1,0,0
58,2,1,1,4415.75,75.8,0,2,1,1,0
56,1,2,0,5270.6,98.0,1,2,2,1,0
2,0,2,0,144.55,80.25,1,2,1,0,1
32,0,2,0,2447.95,78.9,1,1,1,1,1
56,1,1,1,2884.9,52.0,1,2,1,1,0
36,0,2,0,3050.15,84.75,1,1,2,0,1
4,0,1,1,253.0,64.4,1,2,1,0,0
53,0,2,2,4517.25,85.45,0,2,1,0,1
10,0,1,2,436.2,45.8,1,1,1,0,0
4,0,1,0,118.4,30.5,0,1,1,0,0
1,0,0,1,19.9,19.9,0,0,0,1,1
51,0,2,1,3649.6,69.15,0,1,1,1,0
12,0,2,0,1200.15,99.45,1,2,2,0,1
6,1,1,1,255.6,49.25,1,2,2,0,0
63,2,1,2,2395.05,39.35,0,1,1,1,0
1,0,2,0,70.6,70.6,1,1,1,0,1
48,0,2,2,5083.55,105.1,1,2,2,1,0
5,0,2,2,389.6,81.0,1,2,1,0,1
35,1,0,2,644.5,20.1,1,0,0,0,0
6,0,2,0,523.5,84.85,1,2,1,0,1
2,0,0,1,39.3,19.75,0,0,0,0,0
50,1,0,2,989.05,19.75,0,0,0,0,0
33,0,2,2,2406.1,70.4,1,1,1,0,0
31,2,0,1,638.55,20.45,0,0,0,0,0
9,2,0,1,191.1,20.35,0,0,0,1,0
54,0,1,0,4524.05,86.2,1,2,2,1,0
46,1,2,2,4664.2,95.65,1,2,1,0,0
34,1,2,0,3470.8,103.8,1,2,2,0,0
71,2,2,0,6910.3,97.2,1,2,2,1,0
63,2,1,1,4014.2,63.55,0,1,1,1,0
51,2,0,2,1288.0,24.95,0,0,0,0,0
26,0,2,0,2277.65,89.15,1,2,1,0,1
64,2,2,2,6375.8,99.0,1,2,2,1,0
1,0,1,0,24.8,24.8,1,1,1,1,1
61,1,2,2,5251.75,85.55,1,1,1,1,0
15,0,2,2,1505.45,94.0,1,2,2,0,0
64,1,2,2,6903.1,105.65,1,2,2,0,1
18,0,1,0,913.3,50.3,1,1,1,0,0
57,1,2,0,5535.8,95.0,1,2,2,1,0
14,2,1,2,815.55,61.4,1,1,2,1,0
18,0,2,2,1411.65,80.55,1,1,1,0,0
72,2,2,2,5602.25,78.5,0,1,1,1,0
70,2,2,2,8244.3,114.3,0,2,2,1,0
38,2,0,1,741.5,20.05,0,0,0,0,0
68,2,1,2,4375.8,62.65,0,1,1,1,0
13,0,2,0,1008.7,80.85,1,1,2,0,1
65,2,2,2,5968.4,92.7,1,2,1,1,0
30,0,2,0,3096.9,100.45,0,2,2,0,0
51,2,1,2,3901.25,75.2,1,2,2,1,0
31,0,2,2,2613.4,84.75,1,1,1,0,0
9,0,2,0,853.1,89.45,0,2,2,1,1
72,2,1,2,5661.7,79.5,1,1,2,1,0
10,0,1,2,794.25,72.15,1,2,2,0,1
37,1,0,0,695.05,19.8,1,0,0,0,0
2,0,1,0,160.8,76.4,0,2,2,0,1
55,1,2,1,5552.05,100.9,1,2,2,0,0
33,0,2,2,3275.15,95.3,1,1,2,0,0
46,1,2,2,4236.6,90.95,0,1,2,1,0
1,0,1,0,54.5,54.5,0,1,1,0,0
20,0,1,1,1174.35,61.6,1,1,2,0,1
9,0,2,0,741.7,79.9,1,1,1,1,1
32,0,2,2,3019.25,96.15,1,2,2,0,1
19,0,1,2,962.9,49.6,1,1,1,1,0
70,2,1,2,4759.75,65.3,0,1,1,1,1
61,2,0,2,1498.35,25.0,1,0,0,0,0
26,0,1,0,1233.15,45.45,0,1,1,0,0
45,0,2,2,4882.8,107.75,1,2,2,1,0
62,2,2,2,5411.65,89.1,1,2,1,1,0
1,0,0,1,19.65,19.65,0,0,0,0,1
3,0,1,1,148.05,44.75,0,1,1,0,0
41,1,2,2,3930.55,101.6,1,1,2,1,0
67,2,2,2,6895.5,103.15,0,2,2,1,0
1,0,2,1,84.65,84.65,1,2,1,0,1
71,1,2,1,6856.95,95.65,0,2,1,1,0
37,1,1,2,2658.8,75.1,0,2,2,1,0
60,2,1,1,3766.2,61.35,1,1,1,1,0
1,0,2,0,69.55,69.55,1,1,1,1,1
6,0,0,2,129.55,19.7,0,0,0,0,0
13,0,1,0,347.25,31.05,1,1,1,0,1
11,0,1,2,581.7,51.0,0,1,1,1,0
7,0,1,1,354.05,51.0,1,1,1,0,1
10,0,2,0,929.45,88.85,1,2,2,1,0
34,2,0,2,679.0,20.05,0,0,0,1,0
62,2,1,1,3846.75,65.1,1,1,2,0,0
64,1,1,1,4480.7,70.15,1,1,2,1,0
1,0,1,2,44.35,44.35,1,1,1,1,1
25,2,0,1,499.4,20.75,1,0,0,0,0
26,1,1,1,1553.2,56.05,1,1,1,0,0
10,1,0,2,219.5,19.95,1,0,0,0,0
53,1,2,1,5311.85,98.6,0,2,1,0,0
7,0,2,0,586.05,79.7,1,2,1,0,1
33,0,2,2,2576.8,79.0,1,1,1,0,0
71,2,2,2,6435.25,89.45,0,1,2,1,0
29,0,2,0,1993.25,74.2,1,1,1,0,0
24,0,1,2,1923.85,81.0,0,2,2,1,0
20,0,1,0,939.8,49.6,1,1,1,1,0
1,0,2,0,84.6,84.6,1,2,1,0,0
54,0,1,2,3092.65,55.0,1,1,1,0,1
5,0,2,1,415.55,84.85,1,2,1,0,1
72,2,1,2,5986.55,84.2,1,2,2,1,0
52,2,2,0,5487.0,106.3,1,2,2,1,0
9,0,2,0,651.5,69.05,0,1,1,0,0
1,0,1,1,45.4,45.4,1,1,1,0,0
1,0,2,0,73.65,73.65,1,1,1,0,1
33,1,1,1,2405.05,73.9,1,2,2,1,1
55,0,2,0,4458.15,77.75,1,1,1,1,1
69,2,2,0,6856.45,99.35,1,2,2,1,0
1,0,1,1,50.75,50.75,1,1,1,0,0
54,2,1,2,4735.2,87.1,0,2,2,0,0
33,1,0,1,682.15,20.15,1,0,0,0,0
45,1,2,2,4525.8,98.7,1,2,1,1,0
11,0,1,0,321.05,25.2,0,1,1,0,0
6,0,1,2,335.65,55.7,1,1,1,0,0
21,0,1,2,1424.4,65.35,0,2,1,0,0
65,2,0,2,1748.55,25.3,1,0,0,1,0
6,0,2,0,474.9,84.35,1,1,2,1,1
8,0,2,0,668.4,84.95,0,2,1,0,1
11,0,2,0,926.25,73.85,1,1,1,0,1
43,2,0,1,1077.95,24.25,0,0,0,1,0
49,1,1,2,2541.25,51.8,1,2,2,1,1
1,0,1,0,46.0,46.0,0,1,1,1,1
15,0,2,0,1156.1,79.4,1,1,2,0,1
60,2,1,2,3694.45,60.5,0,1,1,1,0
17,0,1,2,382.8,25.1,0,1,1,0,0
16,0,2,2,1167.8,71.8,1,1,1,1,1
35,1,0,2,746.75,20.05,0,0,0,1,0
44,1,2,1,3912.9,88.4,0,1,2,1,1
12,1,1,2,368.85,30.25,0,1,1,1,0
1,0,0,1,20.2,20.2,0,0,0,0,0
28,1,1,0,1654.7,59.9,1,1,1,0,0
70,2,0,2,1940.85,25.15,0,0,0,1,0
5,0,1,1,221.7,46.0,0,1,1,0,1
18,0,2,2,1794.65,101.3,0,2,2,0,0
70,2,1,2,5289.8,76.95,1,2,2,1,0
9,0,1,1,501.2,55.3,1,1,1,1,0
67,2,2,2,6140.85,92.45,1,2,1,0,0
1,0,1,2,48.45,48.45,1,1,1,0,0
18,2,0,1,309.25,19.35,0,0,0,1,0
4,0,1,2,201.1,51.75,0,1,1,0,1
71,1,2,2,6179.35,86.7,1,1,1,1,0
30,0,2,0,2838.7,94.4,1,2,1,1,1
1,0,1,1,55.7,55.7,0,1,1,1,0
55,1,2,2,4589.85,84.25,1,1,1,0,0
59,0,1,0,3735.45,64.65,1,2,1,0,0
1,0,2,1,70.15,70.15,1,1,1,0,1
7,0,2,2,477.55,69.2,1,1,1,1,0
45,2,1,2,2553.7,54.65,0,1,1,1,0
54,1,0,2,1342.15,24.75,1,0,0,1,0
51,1,0,1,1216.35,23.95,1,0,0,1,0
72,1,2,2,7578.05,105.0,0,2,2,1,0
44,1,1,2,2603.95,59.85,1,1,1,1,0
2,0,0,1,42.7,20.05,0,0,0,0,0
66,1,2,2,6056.9,92.15,1,2,1,0,0
68,1,1,1,2983.65,44.8,0,2,1,1,0
31,2,0,2,689.35,20.9,0,0,0,0,0
21,0,2,2,2025.1,95.4,1,2,2,0,0
21,0,2,0,1747.2,80.35,0,1,1,0,0
55,2,1,2,4657.95,85.1,1,2,2,1,0
9,0,1,2,296.1,34.7,1,2,1,0,1
71,2,2,2,8016.6,115.05,1,2,2,1,0
1,0,2,0,81.1,81.1,1,1,2,0,1
22,1,0,1,433.5,19.95,0,0,0,1,0
1,0,0,1,20.55,20.55,0,0,0,1,1
61,2,2,0,6428.4,106.6,1,2,2,0,1
67,2,1,2,5883.85,86.15,0,2,2,1,0
14,0,2,0,1043.8,78.85,0,1,1,0,0
59,0,2,0,6252.9,106.75,1,2,1,1,1
21,0,2,2,1857.25,86.55,0,2,1,1,0
4,0,1,1,146.4,42.4,0,1,1,0,0
3,0,2,0,240.45,89.45,1,2,2,0,1
70,2,0,2,1724.15,24.25,0,0,0,1,0
3,0,2,0,315.3,97.9,1,2,2,0,1
21,1,0,2,429.55,20.5,0,0,0,0,0
20,0,0,2,356.15,19.6,1,0,0,0,0
22,1,0,2,488.25,20.25,0,0,0,1,0
1,0,1,1,55.7,55.7,1,1,2,0,1
63,2,0,1,1298.7,20.6,1,0,0,0,0
70,2,0,2,1378.75,19.8,0,0,0,1,0
13,0,2,0,973.45,79.8,1,1,1,0,1
5,0,2,0,384.25,80.2,0,2,1,0,0
72,2,2,2,8543.25,116.4,1,2,2,1,0
13,0,1,0,389.95,31.65,1,1,1,0,0
61,0,2,2,5731.85,94.15,0,1,2,1,0
1,0,0,0,20.65,20.65,0,0,0,0,0
56,0,2,2,4275.75,76.85,1,1,1,1,0
4,0,0,1,84.5,20.15,0,0,0,0,0
35,2,1,1,1924.1,55.25,0,1,1,0,0
18,0,1,0,669.85,39.05,1,2,1,1,1
72,2,1,2,5784.3,82.15,0,2,2,1,0
49,1,2,2,5166.2,103.0,0,1,2,0,0
44,0,2,2,4060.55,95.1,1,1,1,1,0
3,0,2,1,267.4,83.9,1,2,1,1,1
37,0,2,0,3532.85,95.15,1,1,2,1,0
61,1,1,0,4914.8,79.8,1,2,2,1,0
70,2,1,2,5315.8,74.8,1,1,2,1,0
1,0,2,0,69.85,69.85,1,1,1,0,1
41,0,0,0,775.6,20.45,0,0,0,0,0
70,1,1,2,5445.95,78.35,0,1,2,1,0
1,0,1,1,53.55,53.55,1,2,1,0,1
51,1,0,0,1007.8,19.1,0,0,0,0,0
42,2,0,1,833.55,20.0,0,0,0,1,0
70,2,2,2,6579.05,93.9,0,1,1,1,1
48,1,0,2,1004.5,19.95,0,0,0,0,0
68,2,2,0,7856.0,113.15,1,2,2,1,1
48,2,0,2,1183.05,24.0,0,0,0,0,0
26,0,2,0,2169.75,84.95,0,1,2,1,1
11,0,2,2,896.9,80.5,1,1,1,1,1
1,0,0,1,19.3,19.3,1,0,0,0,1
27,1,0,1,501.35,19.15,0,0,0,0,0
46,1,2,2,4126.35,91.3,1,2,1,0,0
1,0,1,1,49.65,49.65,1,1,1,0,1
46,2,1,2,2460.15,54.35,0,1,1,0,1
25,0,0,1,477.6,19.15,1,0,0,1,0
4,0,2,0,370.65,88.45,1,2,2,0,1
13,2,0,1,265.75,19.75,0,0,0,0,0
31,1,1,2,2424.45,75.5,1,1,2,1,0
23,0,2,0,1849.95,83.75,1,2,1,1,0
2,0,0,1,61.05,19.4,0,0,0,0,0
65,2,0,2,1698.55,26.5,0,0,0,0,0
22,0,2,2,1910.6,90.5,1,2,1,0,1
55,1,0,2,998.1,19.15,0,0,0,1,0
9,0,2,1,890.6,94.85,1,2,1,1,1
7,0,2,2,529.5,69.95,1,1,1,1,1
35,1,1,1,1383.6,40.9,0,2,1,1,0
6,2,1,1,493.4,80.25,1,2,2,0,0
1,0,1,2,48.6,48.6,1,1,1,0,1
17,0,2,0,1207.0,70.8,1,1,1,0,0
10,0,1,1,563.5,60.2,0,2,1,1,0
15,1,1,2,864.55,55.2,0,1,1,0,0
40,0,1,0,2109.35,55.8,1,2,2,0,1
13,1,1,2,701.05,54.15,0,1,1,1,0
29,0,2,2,2265.25,80.15,1,1,1,1,1
3,0,2,0,220.6,75.5,1,1,1,0,1
58,0,2,2,5749.8,100.4,1,2,2,1,0
45,1,1,2,2796.45,62.55,1,1,1,0,0
72,2,1,2,5165.7,70.45,1,1,1,1,0
68,1,2,2,5696.6,85.5,1,1,1,1,0
1,0,0,2,20.2,20.2,1,0,0,0,1
38,0,1,0,2076.05,54.5,0,1,1,1,0
2,0,0,1,44.2,20.75,0,0,0,0,0
11,0,0,1,215.25,20.35,0,0,0,0,0
20,1,2,2,1859.5,91.0,1,2,2,1,0
72,2,2,2,7470.1,104.8,1,2,2,1,0
3,0,2,2,229.5,74.75,1,1,1,1,1
23,0,2,1,2470.1,104.05,1,2,2,0,1
40,0,1,0,2092.9,51.1,1,1,1,0,0
62,0,2,2,5629.55,89.8,1,1,2,1,0
22,0,0,0,469.85,20.55,1,0,0,0,0
11,0,1,2,733.95,64.05,0,1,2,0,0
7,0,2,0,485.25,74.85,1,1,1,1,0
13,0,2,0,1244.5,96.65,1,2,1,0,1
1,0,0,1,20.05,20.05,0,0,0,0,1
39,0,2,0,3994.45,103.45,1,2,2,0,1
3,0,1,1,78.25,25.0,0,1,1,1,0
58,2,0,2,1131.5,20.3,0,0,0,0,0
6,0,0,1,184.05,26.35,0,0,0,0,0
1,0,0,0,19.9,19.9,1,0,0,1,1
22,0,1,1,1178.75,54.7,1,1,1,1,0
14,0,1,0,667.7,46.35,0,2,2,1,1
64,1,2,2,5629.15,90.25,0,1,2,1,0
1,0,0,0,19.95,19.95,0,0,0,0,1
6,0,0,1,109.3,20.65,0,0,0,0,0
1,0,2,0,79.6,79.6,0,1,2,0,1
39,1,0,2,958.45,25.45,0,0,0,0,0
20,1,0,1,403.15,19.5,0,0,0,0,0
1,0,2,0,75.9,75.9,1,1,1,0,1
1,0,2,0,76.2,76.2,0,1,1,1,1
64,1,1,2,4392.5,66.15,1,2,1,1,0
1,0,0,1,19.25,19.25,0,0,0,0,1
46,0,1,2,3168.0,69.1,1,2,2,1,0
28,1,1,0,1096.6,39.1,1,1,2,1,0
33,0,0,1,669.45,20.05,0,0,0,1,0
39,1,1,0,2343.85,59.8,0,1,1,1,0
42,0,2,0,3588.4,84.3,1,1,1,1,1
1,0,1,0,48.6,48.6,1,1,1,0,0
7,0,2,0,522.95,79.0,1,2,1,0,1
70,2,2,2,7511.9,105.35,0,2,2,1,0
65,2,0,2,1725.0,25.1,1,0,0,0,0
1,0,1,0,49.75,49.75,0,1,1,0,0
18,0,2,0,1691.9,94.75,1,2,2,1,0
24,0,2,0,2248.05,93.0,1,2,2,1,0
63,2,1,2,4479.2,71.9,1,1,2,0,0
44,1,1,1,3471.1,77.55,1,2,2,0,0
4,0,0,0,63.0,19.85,1,0,0,0,0
1,0,2,0,70.25,70.25,1,1,1,0,1
37,0,2,0,3314.15,95.25,1,2,2,1,0
10,0,2,2,865.55,84.6,1,1,2,0,1
34,0,1,2,852.7,25.05,1,1,1,0,0
35,1,1,2,1930.9,53.15,0,2,2,1,0
4,0,0,0,91.4,20.15,0,0,0,1,0
39,0,2,0,3949.15,101.25,1,2,2,1,0
43,1,2,2,4304.0,100.55,1,2,2,1,0
17,0,0,1,409.9,24.1,0,0,0,1,1
61,2,0,2,1554.9,25.3,0,0,0,1,0
49,1,1,0,3472.05,71.8,0,1,2,1,0
4,1,0,1,117.8,19.7,0,0,0,0,0
64,2,1,0,3210.35,49.85,0,1,2,1,0
3,0,2,1,207.4,69.6,1,1,1,0,0
1,0,0,0,19.75,19.75,0,0,0,1,0
40,1,2,0,3132.75,80.8,0,1,1,1,0
1,0,1,0,60.0,60.0,1,1,1,0,1
8,0,2,0,649.65,86.55,1,1,2,0,1
1,0,0,1,20.85,20.85,1,0,0,1,1
34,1,1,2,2106.3,64.2,0,2,1,1,0
1,0,1,0,35.0,35.0,0,1,2,1,0
39,0,1,0,2011.4,50.75,1,2,2,0,1
58,1,2,2,6205.5,105.5,1,2,2,1,1
45,2,0,0,903.7,19.2,0,0,0,1,0
6,0,2,2,503.6,85.15,1,2,1,0,1
43,1,2,2,3882.3,90.65,1,1,1,0,0
41,2,0,1,879.8,20.0,1,0,0,1,0
5,0,2,0,383.65,74.65,1,1,1,0,0
72,2,1,2,4390.25,61.2,1,2,2,0,0
4,1,0,1,68.2,19.95,0,0,0,0,0
9,0,1,1,452.8,54.8,0,1,1,1,0
72,2,1,2,5329.0,73.45,1,2,2,1,0
33,1,1,1,1758.9,51.45,1,1,1,1,0
72,2,2,2,5737.6,80.45,0,1,1,1,0
22,0,1,0,1152.7,54.2,1,1,1,1,1
70,1,2,0,7674.55,109.5,1,2,2,1,1
21,0,2,0,2157.95,104.4,0,2,2,1,1
15,0,2,0,1219.85,85.3,0,2,1,0,0
29,0,2,0,2414.55,79.3,1,1,1,1,0
15,0,1,2,1155.6,76.5,0,2,2,1,0
71,0,2,2,7548.1,105.1,1,2,2,1,1
72,2,0,2,1809.35,25.4,0,0,0,0,0
19,0,2,0,1564.4,86.85,1,2,1,1,0
1,0,0,1,19.65,19.65,0,0,0,0,0
1,0,2,0,75.7,75.7,1,1,1,0,1
2,0,1,0,84.4,45.55,0,1,1,0,0
11,0,2,2,864.85,78.1,1,1,1,1,0
12,1,0,1,228.75,19.3,0,0,0,0,0
70,2,2,0,7752.05,110.5,1,2,2,1,0
20,0,2,0,1951.0,90.8,0,2,1,1,1
23,0,0,2,470.6,20.3,1,0,0,0,0
49,2,1,2,4060.9,81.35,0,1,2,0,0
4,0,2,0,384.5,97.95,1,2,2,1,1
32,0,2,2,3432.9,108.15,1,2,2,0,1
2,0,1,0,108.65,55.3,1,1,2,0,0
69,2,1,2,3952.65,56.55,0,2,2,1,0
6,0,2,2,463.05,80.5,1,2,1,0,1
24,2,0,1,494.05,19.7,1,0,0,1,0
32,1,2,2,3416.85,104.05,1,2,2,0,0
27,2,1,2,1498.65,52.85,0,1,1,0,0
27,0,2,2,2867.75,104.3,1,2,2,1,1
58,0,2,2,4807.35,80.65,0,1,1,0,0
1,0,2,1,71.35,71.35,1,1,1,0,1
18,2,0,2,471.35,24.65,1,0,0,1,0
47,2,0,2,1041.8,21.3,1,0,0,1,0
70,2,2,0,7689.8,110.2,1,2,2,1,0
13,0,2,0,1132.35,89.4,0,1,1,0,1
36,0,1,2,1815.0,51.05,0,1,1,1,0
67,2,0,1,1311.3,19.8,1,0,0,0,0
10,0,0,1,199.45,19.9,1,0,0,0,0
19,0,2,0,1637.3,87.3,1,1,2,0,0
71,2,0,2,1326.35,19.85,0,0,0,1,0
72,2,1,1,6376.55,89.4,1,2,2,1,0
48,2,0,1,935.9,20.0,0,0,0,1,0
1,0,0,1,20.05,20.05,0,0,0,0,0
18,0,1,0,1611.15,83.25,0,2,2,1,0
1,0,0,1,20.6,20.6,0,0,0,0,1
67,2,2,2,6989.7,102.9,0,2,2,1,0
69,2,1,1,2779.5,39.1,0,1,1,1,0
19,0,2,0,1931.75,99.95,1,2,2,0,1
72,2,2,1,8331.95,114.5,1,2,2,1,0
38,2,0,1,735.9,20.2,0,0,0,0,0
40,1,1,0,2283.3,55.8,0,1,2,1,0
61,2,0,1,1445.2,24.2,1,0,0,1,0
10,0,2,2,818.05,81.0,1,1,1,0,1
32,1,1,2,2333.05,72.8,1,2,1,1,0
21,0,2,2,1992.55,99.85,1,2,2,0,0
59,1,2,0,5890.0,99.5,1,2,2,0,0
13,0,2,0,916.75,70.15,1,1,1,1,1
47,2,0,2,1029.8,20.25,0,0,0,0,0
69,2,0,2,1796.55,26.0,1,0,0,1,0
2,0,0,2,33.7,19.9,1,0,0,0,0
22,0,0,2,454.05,19.05,0,0,0,1,0
15,0,2,0,1392.25,96.5,1,2,1,1,0
53,2,0,2,1049.6,19.85,0,0,0,0,0
28,0,0,1,734.6,25.7,0,0,0,1,0
22,1,0,1,475.1,20.3,0,0,0,0,0
1,0,2,1,70.15,70.15,1,1,1,0,1
16,0,2,0,1540.05,91.55,1,1,2,1,0
48,2,1,1,1978.65,39.4,0,1,1,1,0
30,0,2,2,3181.8,105.7,1,2,1,1,0
3,0,2,0,229.7,70.25,1,1,1,0,0
57,2,2,0,5625.55,93.75,0,1,2,0,0
68,1,2,2,6581.9,96.55,1,1,2,1,1
23,1,1,2,1347.15,60.0,0,2,1,1,0
65,2,1,2,3808.2,59.8,1,2,1,1,0
44,1,2,2,3974.15,90.65,1,2,2,1,0
71,2,2,2,7661.8,109.0,1,2,2,1,0
37,1,1,2,2479.25,68.1,0,1,1,1,0
12,0,0,1,266.6,20.4,0,0,0,0,0
69,2,1,2,5601.4,81.95,1,2,2,1,0
35,0,1,0,1982.6,60.55,0,1,1,0,0
5,0,1,2,339.9,65.6,1,1,2,0,0
58,2,2,2,4828.05,82.5,0,2,1,1,0
72,2,1,2,5980.55,82.3,1,1,2,1,0
72,2,1,1,4808.7,68.15,0,1,1,1,0
1,0,0,2,20.3,20.3,0,0,0,0,0
39,1,2,0,3692.85,95.55,1,2,1,0,1
53,1,0,2,1068.15,20.2,0,0,0,1,0
27,0,2,0,2383.6,89.2,1,1,2,0,0
1,0,2,0,69.65,69.65,1,1,1,0,1
1,0,2,0,89.3,89.3,1,2,2,0,1
18,0,2,0,1438.05,74.8,0,1,1,1,0
46,2,0,1,917.45,20.2,1,0,0,1,0
72,2,1,2,6096.45,84.4,1,2,2,1,0
36,0,2,0,3078.1,87.55,1,1,2,0,1
4,0,1,0,99.95,25.15,1,1,1,1,0
25,2,0,2,475.2,19.8,0,0,0,0,0
40,0,1,0,2036.55,50.85,1,2,2,1,0
63,0,2,0,6444.05,102.4,1,2,2,1,0
15,0,2,1,1426.75,96.3,1,1,2,0,1
14,0,1,2,767.55,55.5,1,1,1,0,0
72,2,2,2,7932.5,109.75,1,2,2,1,0
39,0,2,0,4040.65,106.4,1,2,2,0,0
47,2,1,2,2768.65,60.0,1,2,2,1,0
19,0,2,2,1672.35,88.8,1,1,1,1,0
5,0,2,0,474.8,85.2,1,2,1,0,1
13,0,1,0,446.1,35.1,1,1,2,0,1
17,0,2,2,1345.65,80.05,0,1,1,0,0
34,0,2,0,2425.4,75.55,1,1,1,1,0
42,0,1,0,2077.95,49.55,1,1,1,0,0
5,0,2,0,416.3,81.3,1,1,1,1,1
71,2,0,2,1663.5,23.9,0,0,0,1,0
19,0,1,2,1286.05,66.4,0,2,1,1,0
2,0,0,0,35.85,19.6,1,0,0,0,1
57,2,0,2,1094.35,18.8,0,0,0,0,0
72,2,2,0,7719.5,108.4,1,2,2,1,0
6,0,2,1,514.6,85.95,1,1,2,0,0
17,0,2,0,1451.6,85.45,1,1,2,1,1
61,2,1,2,4932.5,80.9,0,2,2,1,0
1,0,2,0,71.0,71.0,1,1,1,1,1
48,2,2,2,5443.65,111.8,0,2,2,1,0
16,0,0,2,330.25,20.6,1,0,0,0,0
9,0,2,0,746.5,85.05,1,1,2,0,1
3,0,1,0,122.7,44.6,0,1,1,0,0
1,0,1,0,44.4,44.4,1,1,1,0,1
65,2,2,2,6631.85,105.1,0,2,2,0,0
70,2,2,2,8250.0,115.15,1,2,2,1,0
60,1,1,1,3561.15,59.8,1,2,1,1,0
69,1,0,0,1763.55,26.3,1,0,0,1,0
35,0,2,0,2419.0,70.55,0,1,1,0,0
22,0,0,1,470.2,20.05,1,0,0,0,0
66,2,1,2,5234.95,79.85,0,2,2,1,0
1,0,2,0,70.3,70.3,1,1,1,1,1
1,0,2,2,79.35,79.35,1,2,1,1,1
34,0,2,2,3097.0,90.05,1,1,2,1,0
72,2,0,2,1709.1,24.45,0,0,0,1,0
31,1,1,0,1848.8,59.95,0,2,2,1,0
30,1,0,2,723.3,25.35,0,0,0,0,0
9,0,2,2,809.75,90.8,1,2,2,0,1
20,0,2,0,1470.95,70.45,1,1,1,1,1
19,0,1,2,577.15,34.3,1,1,1,1,0
65,0,2,0,6914.95,105.05,1,2,2,1,0
30,2,0,1,602.9,19.3,0,0,0,1,0
6,1,0,1,124.4,19.15,0,0,0,0,0
2,0,1,0,96.8,51.4,0,2,2,0,0
53,0,1,0,3827.9,71.85,0,1,2,1,0
7,0,2,0,533.05,75.4,1,1,1,1,0
61,1,1,2,2961.4,49.7,1,1,1,1,0
70,1,1,0,3264.45,45.25,1,2,2,0,1
13,0,1,0,995.35,78.75,1,2,2,0,0
35,1,2,2,2815.25,81.6,1,1,1,1,0
2,0,2,2,154.8,70.4,1,1,1,1,0
3,0,2,0,246.3,75.8,1,1,1,0,1
3,0,2,0,257.6,76.1,0,1,1,0,0
62,1,2,2,5757.2,94.0,1,2,2,0,0
72,2,2,2,7517.7,103.95,0,1,2,1,0
63,2,0,2,1234.8,19.95,1,0,0,1,0
20,0,2,2,1389.2,71.3,0,1,1,0,1
35,1,2,2,3836.3,110.8,1,2,2,0,0
21,0,2,0,1474.75,69.1,1,1,1,1,1
62,1,2,0,6001.45,96.1,0,1,2,1,0
15,0,1,1,720.1,48.8,1,1,1,0,0
55,0,1,2,2832.75,50.55,1,1,1,0,0
11,0,1,1,472.25,44.65,1,1,1,0,0
17,0,2,0,1460.65,88.25,0,2,1,1,1
61,1,0,2,1336.35,19.45,0,0,0,0,0
71,2,1,2,6388.65,89.3,0,2,2,1,0
2,0,2,2,153.05,70.0,0,1,1,0,1
35,2,0,1,677.9,19.25,0,0,0,0,0
17,0,2,2,1165.6,70.5,0,1,1,0,0
21,0,2,0,2119.5,97.35,1,2,2,0,1
47,2,0,2,921.55,19.65,0,0,0,1,0
3,0,0,1,72.0,20.85,0,0,0,1,0
3,0,0,1,68.35,19.65,1,0,0,0,0
44,2,0,2,847.25,19.35,1,0,0,1,0
1,0,1,1,44.0,44.0,1,1,1,0,0
44,1,2,0,4295.35,94.4,0,1,2,1,0
5,0,0,2,135.0,25.9,1,0,0,1,1
24,0,1,2,1400.55,55.65,1,1,1,0,1
1,0,2,0,69.65,69.65,1,1,1,0,1
18,0,2,0,1380.4,75.4,1,1,1,0,0
10,0,2,0,1060.2,100.6,1,2,2,0,1
65,2,1,2,4386.2,71.0,0,1,2,1,0
1,0,2,0,86.0,86.0,1,1,2,0,1
53,1,2,2,5785.5,106.95,1,2,2,0,1
3,1,0,1,52.05,21.2,0,0,0,0,0
33,2,1,1,2018.4,61.05,1,1,1,1,0
3,0,1,0,79.45,29.6,1,1,1,0,1
34,1,1,2,2727.3,79.95,1,2,2,0,0
14,2,0,1,263.65,19.7,1,0,0,1,0
13,0,0,1,275.4,20.3,1,0,0,0,0
46,1,1,2,2816.65,59.9,1,2,2,1,1
23,1,0,1,538.5,24.35,0,0,0,1,0
47,2,0,1,948.9,19.75,0,0,0,1,0
17,0,1,1,846.8,50.3,1,1,1,0,0
49,0,2,0,4783.5,95.6,1,2,2,1,1
59,0,1,0,2997.45,50.25,1,2,2,1,0
69,2,1,2,5897.4,85.35,1,2,2,0,0
11,1,1,0,470.6,41.6,1,2,1,0,1
10,0,1,1,524.5,51.65,1,1,1,0,0
12,2,0,2,269.65,24.0,1,0,0,1,0
45,0,2,2,4740.0,100.85,1,2,2,0,1
39,0,1,1,2341.5,59.85,1,2,1,1,0
71,2,0,2,1789.65,25.45,0,0,0,1,0
71,2,0,2,1626.4,23.9,0,0,0,1,0
33,1,0,2,800.3,24.15,0,0,0,1,0
67,0,2,1,5060.85,75.7,1,1,1,0,0
37,0,1,2,1448.8,40.2,0,1,1,1,1
49,0,2,0,4254.85,84.5,0,2,1,1,1
9,0,1,1,466.6,50.85,0,1,1,1,0
52,2,2,2,4627.8,91.6,1,1,1,1,0
70,1,2,0,6838.6,98.9,0,2,2,0,0
1,0,2,0,85.0,85.0,1,1,2,0,0
14,0,2,0,1101.85,78.95,1,1,1,0,1
1,0,1,1,44.3,44.3,1,1,1,0,0
1,0,0,1,20.2,20.2,0,0,0,0,1
52,1,2,1,4297.6,80.2,1,1,1,0,0
6,0,1,1,414.1,60.9,0,2,1,0,0
7,0,1,1,256.6,34.2,0,1,1,1,0
47,0,2,2,3969.35,85.2,1,1,1,0,1
26,1,2,2,2274.1,87.15,1,1,1,0,0
25,0,1,0,1296.8,54.3,0,1,1,1,0
69,2,0,1,1268.85,19.1,1,0,0,0,0
72,2,2,2,8192.6,112.75,1,2,2,0,0
4,0,0,1,59.25,19.95,1,0,0,0,0
59,2,0,1,1147.85,19.5,0,0,0,1,0
67,2,1,2,4361.55,65.55,0,1,2,0,0
26,0,2,0,2006.1,78.8,1,1,2,0,0
27,1,1,1,2078.95,78.2,0,2,2,0,0
72,2,2,2,7609.75,105.25,0,2,2,1,0
6,0,2,0,487.05,89.25,1,1,2,0,0
62,2,0,2,1218.45,20.65,0,0,0,1,0
20,1,1,0,1416.2,68.7,1,2,1,0,0
6,0,1,2,483.3,78.65,0,2,2,0,0
51,2,0,1,1234.6,24.75,0,0,0,0,0
61,2,0,2,1311.6,19.75,0,0,0,1,0
62,0,2,0,5618.3,89.1,1,1,1,1,0
72,2,2,2,6185.15,84.7,1,1,1,0,0
13,0,2,0,1237.85,98.0,1,2,2,1,1
5,0,2,0,498.1,94.45,1,2,2,1,1
3,0,2,0,294.45,105.0,1,2,2,0,1
26,0,2,0,2381.55,93.85,1,1,2,1,1
13,0,1,0,788.35,59.9,1,2,1,0,0
38,2,0,1,756.4,19.95,1,0,0,1,0
8,0,2,0,613.4,84.0,1,1,2,1,1
34,0,2,0,3625.2,108.9,1,2,2,1,0
18,0,1,1,550.35,33.6,0,1,1,0,0
56,1,2,1,4793.8,85.85,1,1,1,1,0
36,0,1,2,1267.2,34.85,1,1,1,0,0
9,0,1,0,442.2,48.75,1,2,2,1,1
1,0,2,0,84.85,84.85,1,2,1,0,1
12,0,1,1,654.85,56.65,0,1,1,0,1
57,0,2,2,5567.45,95.3,1,2,1,1,0
42,1,1,2,3160.55,73.9,0,1,2,0,1
33,2,0,1,740.3,24.5,1,0,0,1,1
70,2,2,2,5706.2,84.6,0,1,1,1,0
68,0,1,0,3085.35,44.95,0,1,2,0,0
1,0,1,0,24.7,24.7,1,1,1,0,0
37,0,2,2,3541.4,100.3,0,2,2,0,0
4,0,0,1,84.2,25.45,1,0,0,0,0
1,0,1,1,50.7,50.7,1,1,1,0,0
20,0,1,2,1165.55,55.0,1,2,1,0,0
72,2,1,2,4855.35,68.4,0,2,1,1,0
31,0,2,0,2806.9,89.9,1,1,2,0,1
18,0,2,0,1422.65,78.55,0,1,2,1,1
11,0,1,2,608.15,55.05,1,2,1,1,0
33,2,0,2,641.35,19.8,0,0,0,1,0
62,1,2,0,4959.15,84.45,0,2,1,0,0
1,0,1,1,35.9,35.9,0,1,1,0,0
16,0,2,2,1321.3,80.75,0,1,1,1,0
22,1,1,1,1663.75,78.65,1,2,2,1,0
49,0,1,2,3024.15,61.75,0,1,1,1,0
36,1,1,2,2188.5,63.7,1,1,2,1,0
42,0,2,0,4138.05,99.45,1,1,2,1,1
4,0,1,2,102.5,25.2,1,1,1,0,1
12,1,1,1,872.65,74.05,0,2,2,0,1
31,0,2,0,2724.25,87.6,0,1,1,0,0
5,0,2,0,413.25,89.15,1,1,2,1,0
66,2,0,2,1374.2,20.0,0,0,0,1,0
15,0,1,2,757.1,55.0,0,1,1,0,1
64,2,2,2,6692.65,104.4,1,2,2,0,0
10,0,0,2,218.5,20.05,1,0,0,1,0
7,0,2,0,608.8,89.75,1,2,1,1,1
29,0,1,0,1004.75,34.3,0,1,1,0,0
57,2,0,2,1125.6,20.65,0,0,0,0,0
46,0,2,1,3847.6,84.25,0,1,1,0,0
53,2,0,2,978.0,19.65,0,0,0,0,0
17,1,1,2,1387.35,79.85,0,2,2,0,0
38,2,0,1,746.05,20.2,1,0,0,1,0
15,1,0,1,304.6,19.8,0,0,0,0,0
22,0,1,0,1098.85,50.35,1,2,2,0,0
14,0,2,0,1139.2,85.15,1,1,2,1,1
57,1,1,2,4368.95,74.6,0,2,1,1,0
11,0,2,2,827.7,79.15,1,1,2,0,0
1,2,0,1,20.35,20.35,0,0,0,1,0
12,2,0,2,262.05,21.05,0,0,0,1,0
3,0,2,0,279.55,94.6,1,2,2,1,1
36,0,2,0,3512.5,94.7,1,2,2,0,0
16,0,2,0,1483.25,94.25,1,2,2,0,1
65,1,1,2,4653.85,72.45,0,1,2,1,1
2,0,2,0,151.75,74.95,0,1,1,0,0
42,0,2,0,4400.75,105.2,1,2,2,0,1
72,2,2,2,8033.1,111.95,0,2,2,1,0
62,2,0,2,1253.65,19.85,0,0,0,0,0
6,0,2,0,552.65,89.75,1,2,1,0,0
48,2,0,1,1036.0,20.05,1,0,0,1,0
35,2,2,0,4025.5,108.95,1,2,2,0,0
52,1,0,2,928.4,19.65,0,0,0,0,0
1,0,1,1,24.9,24.9,1,1,1,0,0
6,0,2,0,460.25,82.85,1,2,1,1,1
71,2,1,2,6506.15,93.2,0,2,2,1,0
67,1,2,2,5598.3,84.8,0,1,1,1,0
60,1,1,0,4374.55,71.75,1,1,2,0,0
23,0,1,2,678.75,30.35,1,1,1,1,0
39,1,1,2,2191.7,54.85,0,2,2,0,0
15,1,0,1,239.75,19.5,1,0,0,1,0
53,0,2,0,5485.5,103.85,1,2,2,1,1
24,2,0,1,609.05,24.2,0,0,0,1,0
37,0,0,0,683.75,19.35,0,0,0,1,0
5,0,2,0,404.2,83.6,1,1,2,1,1
50,1,2,0,5189.75,100.65,1,2,2,1,0
54,1,2,2,5060.9,94.1,1,2,2,0,0
3,0,2,0,233.65,74.55,1,1,1,0,0
68,1,2,0,7176.55,108.45,0,2,2,0,1
5,0,1,0,291.45,56.15,0,1,1,0,0
33,2,0,1,689.75,20.35,0,0,0,0,0
41,1,1,0,3263.9,80.55,1,2,2,0,0
34,1,1,1,1993.2,61.25,0,2,2,1,0
13,0,0,1,254.5,20.45,1,0,0,1,0
20,0,0,2,347.65,18.9,1,0,0,0,0
51,2,0,2,967.9,19.6,0,0,0,0,0
3,0,2,2,242.95,91.5,1,1,2,1,1
41,0,1,2,1841.9,45.2,0,1,1,0,0
13,0,0,2,232.1,19.45,0,0,0,0,0
35,2,0,2,809.25,25.45,0,0,0,1,0
12,0,2,2,866.45,80.85,0,1,1,1,1
4,0,2,1,360.55,94.9,1,1,2,0,0
43,0,1,2,2076.2,49.05,1,2,2,0,1
12,0,1,1,355.9,29.3,1,1,1,1,0
68,0,2,0,7299.65,105.3,1,2,2,1,1
25,0,2,0,2291.2,88.95,1,2,1,0,1
7,1,0,1,129.15,20.25,0,0,0,0,0
66,1,2,0,7491.75,110.85,1,2,2,1,1
53,1,2,0,5835.5,110.5,0,2,2,1,0
63,0,2,2,7031.45,109.4,1,2,2,0,0
70,2,2,2,7723.9,114.2,1,2,2,1,1
27,0,1,2,1032.0,36.5,0,1,2,1,1
1,0,2,1,70.75,70.75,0,1,1,0,1
5,0,0,1,109.6,19.95,0,0,0,0,0
37,1,0,1,727.8,19.6,0,0,0,1,0
3,0,1,1,130.75,40.15,1,2,1,0,1
12,0,2,0,893.0,76.6,1,1,1,0,0
38,1,0,2,763.1,19.6,0,0,0,1,0
9,0,2,2,781.4,85.3,1,1,2,0,0
13,0,1,0,902.25,65.85,1,1,2,1,0
29,0,2,0,2653.65,94.45,1,2,2,1,1
47,2,0,2,1016.7,20.05,0,0,0,1,0
61,0,2,2,5943.65,99.4,0,2,1,1,0
16,0,0,1,275.7,20.0,0,0,0,0,0
41,2,1,0,3126.45,78.45,0,2,2,1,0
43,2,0,0,1070.15,25.1,1,0,0,0,0
36,0,2,2,3457.9,97.35,1,2,1,1,1
6,0,1,0,340.4,55.0,1,1,2,0,0
58,1,1,2,4299.2,71.1,1,1,1,0,0
19,0,1,2,1093.2,61.55,1,2,1,0,0
11,0,1,2,521.9,45.9,1,1,1,1,0
39,1,1,2,1630.4,40.3,1,1,1,0,0
8,0,2,0,713.6,87.1,1,2,1,0,0
26,0,1,1,1265.65,49.5,1,1,1,0,0
53,0,2,2,4003.85,73.8,1,1,1,0,0
70,2,0,1,1401.4,19.2,1,0,0,1,0
1,0,1,1,45.3,45.3,1,2,2,0,1
59,2,0,1,1510.5,25.0,0,0,0,0,0
2,0,2,0,178.1,94.95,0,2,2,0,1
7,1,1,1,264.8,35.3,0,1,1,0,0
12,0,1,0,480.6,44.55,1,1,1,0,1
59,1,1,2,4541.9,76.75,0,2,2,1,0
61,2,1,2,4976.15,81.0,1,2,2,1,0
72,2,2,2,7542.25,105.55,1,2,2,1,0
13,0,0,1,251.25,18.8,0,0,0,1,0
64,1,0,1,1595.5,24.9,0,0,0,1,0
1,0,1,0,23.45,23.45,1,1,1,1,1
10,1,1,1,685.55,64.9,0,1,2,0,0
65,1,1,2,3874.1,61.35,0,1,1,1,0
62,2,2,1,6891.4,113.95,0,2,2,1,0
55,1,1,0,4916.95,90.15,1,2,2,1,0
25,0,1,0,1373.0,54.1,0,1,1,1,0
1,0,1,1,29.7,29.7,0,1,1,0,1
1,0,1,2,49.8,49.8,1,1,1,0,0
59,0,2,0,6039.9,101.1,0,2,2,1,1
64,2,0,2,1548.65,24.4,1,0,0,1,0
36,0,2,2,3440.25,95.0,1,2,2,1,0
3,0,1,1,151.3,50.65,1,1,1,0,1
61,2,1,1,4226.7,69.9,1,1,2,1,0
26,1,1,2,1023.75,39.95,1,2,1,0,0
1,0,1,0,55.4,55.4,1,1,2,0,1
1,0,2,0,90.6,90.6,1,2,1,1,1
68,2,2,2,7074.4,103.25,1,2,2,1,0
2,0,2,1,156.35,86.85,1,2,1,1,1
72,2,2,2,6849.75,94.25,1,1,1,1,0
71,2,1,0,3263.6,47.05,1,1,2,1,0
57,2,0,2,1252.85,20.55,0,0,0,0,0
4,0,0,1,67.55,19.65,1,0,0,0,0
1,0,2,0,70.2,70.2,1,1,1,0,0
72,2,1,2,5750.0,81.0,0,1,2,1,0
21,1,1,2,1549.75,75.9,1,2,2,1,0
71,2,0,2,1810.55,24.7,0,0,0,1,0
29,0,2,2,2952.85,99.05,1,2,2,1,1
69,2,2,2,7467.55,110.25,0,2,2,0,0
64,2,1,2,5484.4,85.0,1,2,2,1,0
16,0,0,2,294.9,19.75,0,0,0,0,0
4,1,0,0,97.5,23.9,0,0,0,0,0
52,1,2,2,5916.45,111.25,1,2,2,0,1
2,0,1,1,113.35,55.1,1,1,1,0,1
1,0,0,1,19.95,19.95,0,0,0,0,0
18,0,1,1,476.8,25.15,0,1,1,0,0
2,0,1,1,101.65,54.15,0,1,1,0,0
19,0,1,1,1130.85,59.8,1,1,2,1,0
40,0,2,2,3532.25,83.85,0,1,2,0,0
66,1,2,0,6891.45,104.9,1,2,2,1,0
21,0,2,1,1570.7,75.3,0,1,1,0,0
8,0,1,0,520.95,66.65,1,2,1,0,0
72,2,2,2,7854.9,109.5,1,2,2,1,0
48,1,1,2,3581.4,73.85,1,2,1,0,0
69,2,0,2,1447.9,19.3,1,0,0,0,0
72,2,2,0,8547.15,118.2,1,2,2,0,0
14,1,1,2,727.85,51.45,0,1,1,0,0
6,0,1,0,357.6,59.45,0,2,1,0,0
8,2,0,2,159.35,19.5,0,0,0,1,0
17,1,0,1,280.85,19.55,0,0,0,0,0
65,1,2,0,6069.25,93.55,0,1,2,0,0
57,1,1,1,3274.35,59.3,1,1,1,1,0
13,0,2,2,1359.0,102.25,1,2,2,1,1
19,0,2,2,1777.9,95.9,1,2,2,0,1
56,1,2,2,6109.65,109.8,0,2,2,1,0
14,0,2,0,1122.4,78.1,1,1,2,1,0
52,0,1,0,2020.9,39.9,1,1,2,1,0
58,2,1,2,3795.45,64.9,1,1,1,0,0
47,0,2,0,4504.55,95.05,1,2,1,0,1
67,0,1,2,3579.15,53.4,1,2,2,0,0
2,0,1,2,49.7,24.9,1,1,1,0,0
6,0,1,2,276.5,44.7,0,1,1,0,0
71,2,2,2,8175.9,114.0,1,2,2,1,0
46,2,0,2,890.35,20.25,0,0,0,1,0
5,0,1,2,259.8,53.85,0,1,1,0,1
67,0,2,2,5588.8,83.85,0,1,1,1,0
3,0,0,2,50.6,20.2,0,0,0,0,0
3,0,0,1,58.0,19.95,0,0,0,0,0
52,0,2,0,5568.35,104.2,1,2,2,1,1
42,0,1,0,2203.65,50.25,1,1,1,1,1
50,1,0,1,938.95,20.35,1,0,0,1,0
23,0,2,0,2024.1,90.0,1,1,2,1,0
67,2,1,2,3623.95,54.2,0,2,1,1,0
25,0,2,0,2369.05,99.5,1,2,2,0,1
39,1,2,1,3877.95,99.1,0,2,2,1,0
69,2,1,1,4577.9,66.9,1,1,1,0,0
1,1,1,1,25.85,25.85,0,1,1,0,0
32,0,2,0,2871.5,91.05,0,2,2,0,0
9,0,2,0,672.55,71.0,0,1,1,0,1
16,0,2,2,1573.7,93.2,1,1,2,0,1
60,2,0,2,1270.55,20.95,1,0,0,1,0
72,2,2,2,7711.45,109.2,1,2,2,1,0
5,0,0,1,126.05,19.35,0,0,0,1,1
26,0,2,2,2193.65,85.8,1,2,1,0,0
3,0,0,1,64.55,19.85,0,0,0,0,1
2,0,0,0,31.2,19.65,1,0,0,0,0
2,1,0,2,38.25,20.5,0,0,0,0,0
36,1,1,2,3348.1,89.65,1,2,2,0,0
7,0,2,1,533.6,74.35,0,1,1,0,0
60,2,1,2,2907.55,49.45,1,2,2,1,0
19,0,2,0,1620.8,89.1,1,1,2,1,0
45,2,1,2,3480.35,75.15,0,1,2,1,0
4,0,2,0,293.85,70.65,1,1,1,0,0
31,0,2,0,3243.45,104.2,1,2,2,1,1
47,0,2,0,4137.2,90.05,0,1,2,1,0
1,0,2,0,79.25,79.25,1,1,2,0,1
1,0,1,2,44.9,44.9,1,1,1,0,1
1,0,0,2,19.4,19.4,0,0,0,0,0
59,0,2,2,5348.65,88.75,1,1,2,1,0
10,0,2,0,659.65,70.1,1,1,1,1,1
35,0,2,2,3180.5,91.0,0,1,2,0,0
4,0,1,0,118.5,29.65,1,1,1,0,1
32,1,2,0,3023.85,90.8,1,1,2,1,0
43,0,2,0,3365.85,77.85,1,1,1,0,1
4,0,1,0,195.3,54.3,0,1,2,0,1
54,2,0,1,1031.1,18.95,1,0,0,1,0
11,0,2,2,997.65,95.15,1,2,2,0,1
66,2,2,2,6471.85,102.4,1,2,2,0,0
61,1,2,0,6241.35,99.9,1,2,2,1,0
72,2,1,2,6501.35,88.7,0,2,2,1,0
44,1,1,0,2317.1,54.3,1,2,2,1,0
41,0,1,2,2237.55,55.7,1,1,1,0,0
50,1,2,0,5231.3,103.95,1,2,2,1,0
47,1,2,2,5275.8,110.85,1,2,2,1,1
8,2,0,1,165.5,20.15,0,0,0,1,0
18,0,0,1,358.5,20.05,0,0,0,0,0
72,2,1,2,6614.9,91.95,1,2,2,1,0
1,0,2,0,80.5,80.5,0,1,2,0,1
42,0,1,0,2421.75,55.65,0,1,1,0,0
18,0,2,0,1294.6,74.7,1,1,1,0,0
13,1,2,2,1299.1,104.15,1,2,2,0,0
68,1,2,2,5733.4,83.65,1,1,1,1,0
4,0,2,2,305.55,72.2,1,1,1,0,1
69,2,2,2,7430.75,110.05,1,2,2,0,0
17,0,1,1,900.5,51.5,0,1,1,0,1
25,2,0,2,630.6,25.5,0,0,0,1,0
43,0,2,1,3856.75,89.55,1,2,2,0,1
59,2,0,2,1222.65,19.5,0,0,0,1,0
5,0,2,0,374.8,80.7,0,1,1,0,0
21,1,1,1,1625.0,77.5,0,2,1,1,1
69,1,2,2,7234.8,105.1,1,2,1,1,0
13,0,1,2,331.85,25.15,1,1,1,0,0
42,0,2,2,3959.35,95.25,1,2,1,1,1
52,0,2,2,5088.4,95.65,1,1,2,1,0
46,0,2,0,3969.4,85.0,0,1,2,0,1
61,2,1,2,4860.85,80.8,1,1,2,1,0
29,1,1,1,788.05,24.85,1,1,1,0,0
25,1,1,2,1266.35,54.75,1,1,1,0,0
5,0,2,0,470.95,85.75,1,2,1,1,1
15,1,1,0,688.2,50.75,0,2,2,0,0
19,2,0,1,387.7,20.15,0,0,0,1,0
44,2,0,1,845.25,20.05,0,0,0,0,0
6,0,2,0,560.6,98.25,1,2,2,0,1
58,2,1,2,4230.25,71.6,0,1,1,1,0
62,1,2,2,4983.05,81.45,1,1,1,1,0
70,1,1,2,4113.15,58.4,1,2,2,1,0
1,0,1,1,25.7,25.7,1,1,1,0,1
10,2,1,2,521.0,53.7,0,1,2,1,0
26,1,0,2,471.85,19.6,1,0,0,0,0
66,0,2,2,5976.9,89.4,0,1,2,0,0
7,0,2,0,506.9,69.0,1,1,1,1,1
51,1,2,2,4299.75,84.2,0,1,1,1,0
72,2,2,2,7548.6,106.1,1,2,1,1,0
65,2,0,1,1654.75,25.75,0,0,0,0,0
2,0,1,2,80.35,46.05,0,1,1,0,1
70,1,1,2,4551.5,64.95,0,1,1,0,0
72,2,1,2,6227.5,85.45,1,2,2,1,0
1,0,0,1,20.05,20.05,0,0,0,1,0
1,0,2,1,76.4,76.4,1,1,1,1,1
5,0,2,0,514.0,100.5,1,2,2,0,1
3,0,0,1,57.5,20.7,0,0,0,0,0
58,2,0,2,1474.35,25.3,1,0,0,0,0
22,0,1,1,880.2,40.05,0,1,2,1,1
33,0,2,2,3270.25,100.6,1,2,2,1,0
1,0,2,0,69.95,69.95,0,1,1,0,1
54,0,2,2,3919.15,74.0,0,1,1,1,0
72,2,2,0,7285.7,99.4,1,2,2,1,0
1,0,2,0,93.3,93.3,1,2,2,0,1
3,0,1,0,169.05,49.15,1,1,1,0,1
72,2,2,2,7658.3,107.45,0,1,2,1,0
72,2,1,2,5959.3,83.6,1,2,2,1,0
54,0,2,2,5295.7,99.05,1,2,2,1,0
59,1,1,0,4693.2,80.1,1,2,2,1,0
54,2,1,2,3512.9,65.3,1,2,1,0,0
60,2,2,0,5231.2,89.55,1,2,1,0,0
60,2,1,2,3603.45,60.8,0,2,2,1,0
3,0,2,0,217.45,74.5,0,1,1,0,0
69,2,2,2,6875.35,99.15,0,2,2,1,0
1,0,0,0,19.25,19.25,0,0,0,1,0
50,0,1,2,2021.35,39.45,1,2,1,1,0
56,0,1,2,2564.95,44.85,1,2,2,0,0
60,2,2,0,5611.75,97.2,1,2,2,1,0
69,1,2,1,7610.1,110.55,1,2,2,1,0
1,0,1,1,35.05,35.05,0,1,2,0,1
1,0,2,0,73.0,73.0,1,1,1,0,1
3,0,0,1,45.75,19.9,1,0,0,1,0
60,2,1,2,4543.95,76.95,0,2,2,1,0
13,2,1,1,450.4,35.4,0,1,1,0,0
62,2,0,2,1297.35,20.45,0,0,0,1,0
45,1,2,2,4442.75,96.75,0,1,2,0,0
25,1,1,0,1423.15,54.2,0,2,2,0,0
44,2,2,2,4378.35,100.1,0,2,2,0,0
2,0,1,1,74.2,45.25,1,1,1,0,0
33,0,2,2,2716.3,83.85,1,1,1,0,1
1,0,2,0,70.1,70.1,1,1,1,0,1
22,1,0,2,450.65,20.85,0,0,0,0,0
35,0,1,1,1175.85,33.45,1,1,1,0,0
29,2,0,1,558.8,20.2,0,0,0,1,0
27,1,2,0,2220.1,85.9,1,1,1,1,0
54,1,1,0,3283.05,61.0,1,1,1,0,0
2,0,2,0,142.35,70.65,1,1,1,0,1
57,1,2,0,4939.25,86.9,1,2,1,0,0
62,2,1,2,4237.5,69.4,0,1,1,0,0
15,1,0,2,335.95,20.35,0,0,0,1,0
2,0,0,1,33.2,20.35,0,0,0,0,1
70,2,2,2,7188.5,104.3,1,2,2,1,0
21,0,1,0,926.25,44.95,1,1,1,1,0
23,1,1,0,1119.35,49.45,1,1,1,0,0
6,1,0,1,116.6,20.6,0,0,0,0,0
4,2,0,2,68.8,19.55,0,0,0,1,0
3,0,2,2,287.4,99.0,1,2,2,0,1
23,0,2,0,2341.55,93.5,1,2,2,0,0
26,1,1,2,1362.85,54.55,0,2,2,0,0
8,0,0,1,163.6,20.05,0,0,0,0,0
26,0,2,0,2254.2,83.95,1,1,2,0,1
2,0,2,0,145.15,79.45,1,1,1,0,0
67,2,2,2,7752.3,116.2,0,2,2,0,1
71,2,2,2,6585.35,93.7,1,2,2,1,1
59,1,1,2,4786.1,79.85,0,1,2,0,0
39,1,2,0,3835.55,100.0,0,2,2,1,0
21,2,0,1,397.0,19.6,0,0,0,0,0
1,0,0,1,19.7,19.7,0,0,0,0,1
48,2,0,2,1027.25,20.2,0,0,0,1,0
31,1,1,2,1580.1,50.4,1,1,2,1,0
64,1,2,0,7222.75,113.35,0,2,2,1,0
46,0,2,2,3769.7,80.0,1,1,1,1,0
52,2,1,2,4233.95,80.95,1,2,2,0,0
67,2,0,1,1680.25,24.9,1,0,0,1,0
67,0,1,0,3725.5,54.9,0,1,1,0,0
5,0,2,0,413.65,75.55,0,1,1,0,1
71,2,2,0,7707.7,109.25,0,2,2,1,0
9,0,2,2,714.15,77.65,1,2,1,0,1
26,0,2,0,2497.2,95.0,1,1,2,0,1
71,1,2,2,8309.55,116.3,1,2,2,0,0
32,0,0,2,601.55,19.9,0,0,0,0,0
2,0,2,0,139.25,70.35,0,1,1,0,0
71,2,0,2,1888.25,25.6,0,0,0,1,0
60,1,1,0,2773.9,44.45,1,1,2,0,0
55,1,2,0,5409.75,100.15,1,2,2,0,0
54,1,2,2,5643.4,105.4,1,2,2,0,1
2,0,2,0,197.7,95.85,1,2,2,0,1
6,0,2,1,401.3,73.85,1,1,1,0,0
48,2,1,2,3238.4,70.1,1,1,2,1,0
63,2,0,1,1573.05,25.25,0,0,0,1,0
1,0,2,0,79.15,79.15,1,1,1,0,1
12,0,0,2,235.8,21.05,0,0,0,0,0
54,0,1,2,1364.75,24.95,1,1,1,1,0
30,1,1,0,1985.15,64.5,1,2,1,1,0
30,0,0,2,655.85,19.65,0,0,0,1,1
4,0,2,0,303.15,79.0,1,2,1,0,1
40,1,2,2,4335.2,105.95,1,2,2,0,0
9,0,2,0,647.5,75.85,1,1,1,1,0
17,0,2,0,1574.45,91.85,0,2,1,1,1
62,2,1,2,2748.7,43.6,1,1,2,0,0
28,1,2,2,2483.65,91.25,1,2,1,0,0
70,2,1,2,6367.2,89.75,0,2,2,0,0
46,2,2,2,4904.2,104.4,1,2,2,0,0
23,0,2,1,2044.95,90.15,0,1,2,1,0
47,1,1,0,1794.8,40.3,0,1,1,1,0
68,2,2,2,7173.15,105.25,1,2,2,1,0
60,1,2,0,6441.4,106.0,1,2,2,0,1
67,2,2,0,7039.05,104.0,1,2,2,0,0
14,0,1,0,921.4,69.65,1,2,2,0,0
57,0,2,0,4018.35,74.3,1,1,1,1,0
55,1,2,1,5448.6,100.9,0,2,2,1,0
1,0,0,1,20.25,20.25,1,0,0,0,0
1,0,1,1,49.9,49.9,1,1,1,0,1
23,0,2,2,2085.45,96.9,1,2,1,0,0
13,0,2,0,1358.85,100.35,1,2,2,0,1
47,0,2,0,5135.15,104.1,1,2,2,1,0
38,1,0,1,730.1,20.1,0,0,0,0,0
38,0,2,2,2869.85,74.95,1,1,1,1,1
2,0,1,2,118.25,56.55,1,1,1,0,0
1,0,1,2,49.25,49.25,1,1,1,1,1
15,0,2,2,1108.6,68.6,1,1,1,1,0
26,0,2,2,1815.65,69.05,1,1,1,0,0
35,2,0,2,730.4,19.7,0,0,0,1,0
3,0,0,1,75.45,20.05,1,0,0,0,0
50,0,2,0,5071.05,103.7,0,2,2,1,1
42,0,2,0,4014.6,94.4,1,1,2,1,0
10,0,1,2,568.85,54.95,1,1,1,1,0
61,1,2,2,5860.7,93.7,0,1,2,1,0
68,2,2,2,7279.35,110.25,0,2,2,0,0
10,1,2,0,1064.95,98.9,1,2,2,0,0
65,1,2,0,5769.6,89.75,0,1,1,1,1
72,2,1,2,5886.85,80.45,1,2,2,1,0
55,0,2,0,4238.45,79.4,0,1,1,1,0
1,0,0,1,20.3,20.3,1,0,0,0,1
7,0,1,2,418.3,62.8,0,1,2,0,0
2,0,2,1,136.05,74.9,1,1,1,0,0
9,0,2,0,708.2,74.85,1,1,1,0,0
27,2,0,2,788.55,25.85,1,0,0,0,0
7,0,2,0,700.85,101.95,1,2,2,1,1
64,2,1,1,4378.8,68.3,1,1,2,1,0
70,2,1,2,3442.8,48.4,0,1,2,0,0
2,0,2,0,181.7,94.0,1,2,2,0,1
67,2,2,0,7171.7,105.05,1,2,2,0,0
45,0,2,2,4016.85,89.3,1,2,1,0,1
24,2,0,2,553.0,25.15,0,0,0,0,0
4,2,0,2,96.85,19.5,0,0,0,1,0
44,0,2,2,4122.9,92.95,1,2,2,1,0
72,2,0,1,1482.3,20.7,1,0,0,1,0
1,0,2,2,74.3,74.3,1,1,1,0,1
66,2,0,2,1240.8,19.35,0,0,0,0,0
1,0,1,1,44.65,44.65,1,1,2,0,1
13,0,2,0,1095.3,84.05,0,1,2,1,1
10,0,2,2,788.8,80.7,1,1,1,0,1
65,0,2,0,6578.55,104.35,1,2,2,1,0
1,0,0,1,19.55,19.55,0,0,0,0,0
38,1,1,0,2802.3,74.05,0,2,1,1,0
23,2,1,1,857.75,40.1,0,1,1,0,0
10,1,0,1,184.4,20.1,0,0,0,1,0
4,0,2,0,364.55,101.7,1,2,2,0,1
72,2,1,2,6093.3,83.55,1,2,2,1,0
35,0,1,0,1861.1,56.85,0,1,1,1,0
1,0,0,1,20.4,20.4,0,0,0,0,1
58,2,0,2,1079.65,19.55,0,0,0,1,0
70,1,2,0,7475.1,106.15,1,2,2,1,0
38,1,1,2,2862.55,78.95,0,2,2,1,0
60,0,1,0,3069.45,49.75,1,2,2,1,0
26,0,2,2,2349.8,92.4,1,2,1,0,0
8,1,1,2,469.25,58.2,0,1,1,0,0
41,1,2,0,4213.35,102.6,1,2,2,1,1
36,0,2,2,3301.05,91.95,1,2,1,1,0
54,1,1,2,3529.95,65.25,0,1,2,0,0
71,2,2,2,7723.7,106.0,1,2,2,1,1
55,0,2,0,4144.9,73.1,1,1,1,0,0
72,2,1,2,4265.0,59.75,0,1,1,0,0
3,0,1,1,154.65,55.1,1,1,1,0,1
54,2,1,2,3246.45,59.8,1,1,1,1,0
72,2,2,2,8337.45,116.6,1,2,2,1,0
52,2,2,0,5731.4,109.3,1,2,2,0,0
60,1,2,2,6176.6,101.4,1,2,2,0,0
39,0,1,2,1905.4,50.65,1,2,2,0,0
15,1,1,1,931.9,56.15,0,2,1,0,0
69,2,2,2,7348.8,106.5,1,2,2,0,1
43,1,0,1,776.25,19.2,1,0,0,1,0
63,1,1,2,5243.05,83.0,0,2,1,0,0
2,0,2,0,141.65,70.1,0,1,1,1,0
72,2,2,2,7679.65,108.3,1,2,2,1,0
32,0,2,2,2954.5,91.05,1,1,2,1,1
40,2,0,2,1006.9,25.25,0,0,0,1,0
58,1,1,0,2540.1,45.35,1,2,1,1,0
67,2,1,0,3097.2,43.9,0,2,1,0,0
51,0,2,0,3807.35,77.5,1,1,1,1,1
31,1,1,1,2484.0,79.3,1,2,2,1,0
69,0,2,2,5785.65,84.9,1,1,1,1,0
32,1,2,0,2619.15,79.25,1,1,1,1,0
21,2,1,2,1524.85,71.05,0,2,1,0,0
52,1,1,0,2790.65,53.75,0,1,1,0,0
72,2,0,2,1784.5,24.25,0,0,0,1,0
72,2,1,0,3937.45,54.2,1,2,2,1,1
52,1,1,2,2276.1,44.25,0,1,2,1,0
41,1,1,2,2029.05,50.05,0,1,1,0,0
41,2,0,1,802.35,20.15,0,0,0,0,0
6,0,2,1,418.4,69.25,1,1,1,0,1
67,1,1,2,4653.25,69.35,1,1,1,1,0
16,0,0,1,275.9,19.35,0,0,0,1,0
17,2,0,1,343.45,19.15,0,0,0,0,0
35,0,1,1,2130.45,61.0,0,1,1,1,0
58,2,0,2,1191.4,20.5,0,0,0,1,0
1,0,1,0,50.5,50.5,1,1,1,0,1
52,2,1,1,2554.0,50.2,0,2,1,1,0
70,2,1,2,5589.45,79.6,0,2,2,0,0
19,2,0,2,467.7,24.9,1,0,0,1,0
1,0,2,0,74.4,74.4,1,1,1,0,1
35,0,2,0,3756.45,106.9,1,2,2,1,0
32,0,2,0,3334.9,101.35,1,2,2,0,0
17,0,1,2,920.5,55.35,1,1,1,1,0
67,1,1,2,3431.75,50.55,0,1,1,1,0
9,0,0,2,150.35,19.5,0,0,0,0,0
31,1,1,1,2587.7,79.45,1,2,2,0,1
4,0,2,0,367.95,90.65,0,2,1,0,0
58,1,2,2,5125.75,89.85,1,1,1,1,0
60,1,1,1,4801.1,79.0,0,2,2,0,0
58,1,2,0,6219.6,104.65,1,2,2,0,1
1,0,0,1,19.55,19.55,0,0,0,0,0
27,2,0,1,550.1,19.9,0,0,0,1,0
66,1,2,0,7862.25,116.25,1,2,2,1,0
15,0,2,2,1242.2,87.75,1,2,1,0,0
47,0,2,0,4871.05,100.05,1,2,2,1,1
41,0,2,2,3190.65,81.3,1,1,1,0,0
59,0,1,0,2666.75,44.3,1,2,2,1,0
50,2,2,2,3533.6,70.35,0,1,1,0,0
17,1,1,2,792.15,44.45,0,2,1,1,0
6,0,1,0,295.65,49.15,1,1,1,1,0
51,0,1,2,1459.35,29.45,1,1,1,1,0
44,0,2,0,4398.15,100.55,0,2,2,0,1
49,0,2,2,4297.95,85.3,1,2,1,1,0
2,0,2,0,167.3,95.65,0,2,2,0,1
59,1,1,1,4096.9,69.1,1,1,2,1,0
50,0,1,2,3454.6,70.35,1,2,1,0,0
59,2,0,1,1286.0,20.6,0,0,0,1,0
18,0,2,1,1387.0,74.15,0,1,1,0,0
10,0,2,0,786.3,75.05,0,1,1,0,0
14,1,1,0,641.25,44.6,0,1,1,1,0
35,2,0,2,705.45,21.45,0,0,0,0,0
8,1,1,1,345.5,43.45,1,1,1,1,0
18,1,0,2,345.9,20.05,0,0,0,1,0
60,1,2,2,5811.8,94.15,0,2,1,1,0
1,0,2,0,94.4,94.4,0,2,2,0,1
6,2,0,1,124.45,19.55,0,0,0,0,0
19,0,1,1,1375.6,75.9,1,2,1,0,0
53,1,1,2,3491.55,64.15,0,1,1,1,0
72,2,2,2,7920.7,109.55,1,2,2,1,0
60,2,2,2,6640.7,110.8,1,2,2,1,0
1,0,1,2,55.0,55.0,1,2,1,0,1
13,0,1,1,718.1,53.45,0,1,1,0,0
5,0,2,2,320.4,69.95,0,1,1,1,0
1,0,2,0,101.45,101.45,1,2,2,0,1
13,0,2,0,1334.45,97.0,0,2,2,1,0
37,1,1,2,3358.65,90.6,1,2,2,0,0
64,0,2,1,4764.0,73.55,1,1,1,1,0
5,0,1,2,350.3,67.95,0,2,1,1,1
61,2,2,2,5703.0,94.35,1,1,2,1,0
1,0,2,0,69.5,69.5,1,1,1,0,1
1,0,0,1,18.85,18.85,1,0,0,0,1
26,1,0,1,525.55,19.4,0,0,0,0,0
1,0,2,0,69.2,69.2,1,1,1,0,1
24,2,0,1,483.15,19.75,0,0,0,1,0
17,1,1,0,934.8,54.6,0,2,2,1,0
26,0,1,1,786.5,29.8,1,1,1,0,0
1,0,2,0,69.65,69.65,1,1,1,0,1
40,0,2,0,4086.3,101.85,0,2,2,1,1
52,0,2,0,5364.8,103.05,1,2,2,0,0
1,0,2,0,82.3,82.3,1,1,1,0,1
1,0,0,1,20.3,20.3,0,0,0,0,0
21,2,1,1,770.4,35.1,0,1,1,0,0
67,1,2,2,6816.95,105.7,1,2,2,1,0
44,0,1,2,2419.55,56.25,0,1,1,1,0
70,1,1,0,4138.7,60.35,0,2,2,1,0
3,0,2,0,267.6,79.25,0,2,1,0,1
56,2,1,2,3457.45,59.8,1,1,1,1,0
13,0,2,0,1115.2,84.6,1,1,2,0,1
58,0,2,2,5435.6,93.4,1,1,2,1,1
42,0,2,0,4186.3,94.2,1,2,2,1,1
1,0,1,0,25.05,25.05,0,1,1,1,1
46,2,2,1,4630.2,99.65,0,1,2,1,0
63,2,1,2,3221.25,50.65,1,1,1,1,0
11,0,1,0,688.5,60.9,1,1,1,0,0
15,0,1,2,867.1,59.65,1,1,1,1,0
72,2,1,0,4746.05,64.7,1,2,2,1,0
29,0,1,2,712.85,25.1,1,1,1,0,1
1,0,1,0,48.95,48.95,0,1,1,0,1
6,0,1,0,355.1,54.85,0,2,1,1,0
1,0,1,0,45.3,45.3,0,1,1,0,1
63,1,2,0,5764.7,91.35,1,1,2,1,0
2,0,2,0,167.3,85.85,1,1,2,0,1
18,2,0,1,428.45,25.1,0,0,0,1,0
43,0,1,2,1505.35,34.0,0,1,1,1,0
15,1,1,1,693.45,45.9,0,1,1,0,0
10,0,2,0,930.4,95.2,0,2,2,0,1
55,2,0,1,1177.95,20.5,0,0,0,1,0
49,1,2,2,5069.65,100.6,1,2,2,0,1
6,0,1,1,324.25,55.3,1,1,1,1,1
70,2,0,2,1458.1,20.35,0,0,0,1,0
2,0,2,1,156.4,74.85,1,1,1,0,1
63,1,1,2,2298.9,36.1,0,1,1,1,0
25,0,1,2,1679.65,65.8,1,1,2,0,0
18,1,0,2,369.6,20.35,0,0,0,0,0
28,0,2,0,2998.0,105.8,1,2,2,1,0
53,1,2,1,5206.55,96.75,1,1,2,0,0
35,1,2,2,3626.1,102.35,1,2,2,0,1
1,0,1,1,24.4,24.4,0,1,1,0,0
70,1,2,2,7968.85,115.65,0,2,2,1,1
2,0,2,0,152.45,79.85,1,1,1,0,1
26,0,1,0,1959.5,73.05,1,2,2,1,0
34,1,1,0,2053.05,64.35,0,1,2,0,0
19,2,0,1,398.55,20.5,0,0,0,0,0
15,0,2,1,1130.85,76.0,1,1,1,0,1
62,1,1,2,3425.35,54.75,0,1,1,1,0
42,0,2,2,4323.45,104.75,1,2,2,0,1
9,0,1,0,703.55,74.65,1,2,2,0,1
24,0,1,0,1275.7,51.15,1,1,1,0,0
68,2,1,0,2965.75,41.95,1,1,1,1,0
31,0,1,1,1647.0,54.35,0,1,1,1,0
1,0,1,0,56.25,56.25,1,1,2,0,1
21,0,2,0,2249.95,106.1,1,2,2,1,1
63,1,2,0,6109.75,96.0,1,2,2,1,0
2,0,2,2,159.4,79.75,1,1,2,0,1
61,2,1,2,3751.15,61.45,1,2,2,1,0
1,0,2,0,68.65,68.65,0,1,1,0,1
18,1,0,1,411.25,19.65,0,0,0,0,0
6,1,0,2,105.5,19.0,0,0,0,1,0
33,0,2,0,3320.6,100.0,1,2,2,0,0
16,0,0,2,327.45,20.25,0,0,0,0,1
56,0,2,0,5669.5,98.7,1,2,2,1,0
23,1,0,1,465.45,19.8,0,0,0,0,0
9,0,2,0,704.3,73.8,1,1,1,0,0
14,0,2,0,1369.8,100.2,1,2,2,1,1
15,0,2,2,1107.25,74.9,1,1,1,1,1
5,0,0,2,95.55,20.05,0,0,0,0,0
61,0,2,0,6375.2,106.2,1,2,2,1,0
70,2,2,2,8152.3,116.55,1,2,2,1,0
15,0,2,0,1566.75,99.7,1,2,2,0,0
8,2,0,1,130.25,19.7,0,0,0,1,0
8,2,0,1,162.15,19.5,0,0,0,1,0
4,0,1,1,110.05,29.15,1,1,1,0,0
34,1,1,1,1885.15,55.0,0,1,1,0,0
68,2,1,2,6302.85,90.8,1,2,2,1,0
45,1,1,2,2264.5,51.0,0,1,2,1,0
9,0,2,0,816.8,90.1,1,2,1,0,0
22,0,1,1,1253.5,59.05,1,1,1,0,0
2,0,0,1,41.2,20.3,0,0,0,0,0
70,2,1,2,5265.55,72.95,0,2,1,1,0
10,1,1,2,693.3,73.55,0,1,2,0,0
72,2,1,2,5997.1,84.3,0,2,2,0,0
49,1,1,2,3824.2,78.0,0,2,2,1,0
54,1,1,1,3886.05,72.1,0,2,1,0,0
71,2,2,2,7283.25,106.75,1,2,2,0,0
22,1,0,1,412.55,19.25,1,0,0,0,0
50,2,0,2,1070.25,20.55,0,0,0,1,0
43,1,0,1,817.95,20.0,0,0,0,1,0
45,2,0,2,1171.3,24.65,1,0,0,1,0
64,0,2,2,6548.65,103.5,1,2,2,0,0
23,2,0,1,625.65,23.85,0,0,0,1,0
68,2,0,2,1911.5,25.8,0,0,0,1,0
1,0,2,0,70.85,70.85,1,1,1,0,1
2,0,2,2,134.7,69.8,1,1,1,0,1
26,1,1,2,1507.0,59.45,0,2,1,0,0
55,0,1,2,2978.3,54.55,1,2,2,1,1
14,0,0,0,299.3,20.05,1,0,0,0,0
71,2,1,0,5832.65,82.55,1,2,2,1,0
64,1,1,0,5567.55,81.25,0,2,1,0,0
7,0,1,2,450.8,70.75,1,2,2,0,1
57,2,1,2,4166.35,74.3,1,2,1,0,0
13,0,2,0,1215.6,94.1,0,2,1,1,1
3,0,1,2,91.7,29.7,0,1,1,1,1
72,2,2,2,7898.45,109.7,0,2,2,1,0
40,0,2,2,3915.4,96.35,1,2,1,1,0
14,0,1,2,979.5,66.6,1,2,1,1,0
2,0,1,0,90.05,44.5,1,1,1,1,0
66,1,2,2,7432.05,110.9,0,2,2,0,1
38,0,2,0,4026.4,105.0,1,2,2,1,1
1,0,1,0,25.3,25.3,1,1,1,0,1
22,1,1,2,1193.05,55.15,1,1,1,0,1
1,0,0,1,20.1,20.1,1,0,0,0,1
5,0,2,1,398.55,80.1,1,2,1,0,0
29,1,1,2,1958.45,69.05,0,2,1,1,0
1,0,2,1,69.9,69.9,1,1,1,1,1
3,0,0,1,63.15,20.4,0,0,0,0,0
71,2,0,2,1301.1,19.7,0,0,0,1,0
9,0,1,0,484.05,50.1,1,1,1,0,0
43,0,2,0,4528.0,101.4,1,2,2,0,1
48,1,1,2,3887.85,83.45,1,2,2,0,0
26,0,2,2,2208.75,86.65,1,1,1,0,0
9,0,0,2,238.15,20.15,0,0,0,0,0
1,0,2,0,80.8,80.8,1,1,2,0,1
46,2,0,2,958.15,19.4,0,0,0,1,0
2,0,1,2,118.3,62.05,0,1,2,0,1
1,0,2,0,76.45,76.45,1,1,1,0,1
64,2,1,2,3845.45,60.05,1,2,2,1,0
12,0,2,0,1094.5,91.3,1,2,1,0,1
6,0,2,0,573.75,95.75,1,2,2,1,1
59,1,0,1,1267.0,20.35,0,0,0,1,0
7,1,2,1,633.45,94.05,1,2,2,0,0
72,2,1,2,6129.65,84.1,1,2,2,1,0
16,0,2,0,1218.25,78.75,1,1,2,0,0
25,0,1,2,1405.3,55.55,0,1,1,1,0
34,0,1,0,2274.9,62.65,0,1,1,1,1
1,0,2,0,74.5,74.5,1,1,1,0,1
10,0,2,2,1068.85,102.1,1,2,2,1,1
24,1,0,1,533.9,20.1,0,0,0,1,0
10,1,1,0,676.15,70.3,0,2,1,1,0
69,1,1,2,3804.4,53.65,1,1,1,1,0
57,2,0,1,1118.8,20.75,0,0,0,0,0
50,1,2,2,5236.4,103.4,1,2,2,1,0
28,1,1,1,1386.8,50.8,0,2,1,1,0
16,0,1,0,762.25,50.15,1,1,1,0,1
25,0,1,1,1902.0,79.0,1,2,2,0,0
3,0,2,2,239.05,74.6,1,1,1,1,0
61,1,2,2,5673.7,96.5,1,2,2,1,0
2,0,0,1,39.8,20.1,0,0,0,0,0
51,1,0,1,997.75,19.4,0,0,0,1,0
71,2,1,2,5574.35,77.55,0,2,2,1,0
20,0,0,1,406.05,20.05,0,0,0,1,0
6,0,0,2,138.85,19.85,0,0,0,1,0
6,0,0,1,123.65,20.2,0,0,0,0,0
29,0,1,1,1801.1,67.45,0,1,1,0,0
36,2,0,2,689.0,18.55,1,0,0,0,0
28,0,1,1,790.7,29.75,1,1,1,0,0
7,0,2,0,582.5,86.5,1,2,1,1,1
63,2,0,1,1618.2,24.2,0,0,0,0,0
48,2,0,1,1173.35,23.55,0,0,0,1,0
49,1,0,2,900.9,20.45,0,0,0,1,0
27,0,2,0,2122.05,81.45,1,1,1,0,1
72,2,1,2,6719.9,92.3,0,2,2,1,0
1,0,2,0,69.15,69.15,1,1,1,1,1
72,2,1,2,3784.0,53.65,0,2,2,1,0
47,1,1,2,1798.65,39.65,0,1,1,0,0
1,0,1,0,54.65,54.65,1,2,1,0,0
36,1,2,2,3886.45,104.8,1,2,2,0,0
43,0,1,2,1224.05,29.3,0,1,1,1,0
27,0,1,0,2310.2,83.85,0,2,2,1,0
9,0,2,0,723.4,79.55,1,1,2,0,1
38,0,2,0,3988.5,103.65,1,2,2,0,0
35,0,2,0,3554.6,99.05,1,2,2,0,0
59,2,2,1,6034.85,100.05,1,2,2,1,0
27,2,0,2,531.6,20.35,0,0,0,0,0
2,0,1,0,85.1,43.95,0,1,1,0,0
7,0,0,1,173.0,23.5,0,0,0,0,0
36,1,1,1,2511.95,70.7,1,1,2,0,0
41,0,2,2,3893.6,94.3,1,2,1,1,0
13,0,1,0,357.15,29.15,0,1,1,0,0
19,2,0,2,467.5,20.85,0,0,0,0,0
60,2,1,2,2288.7,37.7,0,1,1,1,0
48,2,2,1,4627.85,95.5,1,2,1,0,1
3,0,2,0,289.1,91.05,0,2,1,0,1
69,2,2,1,6460.55,92.45,1,2,1,1,0
43,1,1,0,1931.3,44.15,0,1,2,0,0
11,1,1,1,402.6,36.05,1,1,1,0,0
45,0,1,2,2221.55,50.25,1,1,1,1,0
72,2,2,2,7758.9,109.75,1,2,2,1,0
2,0,2,0,172.85,79.2,0,1,1,1,1
12,2,0,2,224.5,20.3,0,0,0,1,0
67,1,2,2,7388.45,112.35,1,2,2,1,0
37,2,2,1,3460.95,94.3,0,2,1,1,0
39,1,1,2,1700.9,41.15,0,1,1,0,0
41,0,1,2,3090.65,74.65,1,1,2,0,0
25,0,1,0,1293.8,48.25,1,2,2,0,0
8,2,1,2,645.8,76.15,1,1,2,1,0
71,2,1,1,5224.95,71.1,0,1,1,1,0
5,0,2,0,500.1,96.55,0,1,2,0,0
30,1,1,2,2427.1,79.3,1,2,2,0,0
40,1,2,2,3488.15,89.6,1,1,2,0,0
54,2,0,1,1035.7,20.5,1,0,0,0,0
72,2,2,2,7565.35,106.3,1,2,2,1,0
28,1,2,2,2799.0,100.35,0,2,2,1,0
18,0,2,0,1601.5,85.6,1,1,2,1,0
2,0,1,0,85.5,45.25,1,2,2,0,1
59,1,2,0,6256.2,106.15,1,2,2,1,0
22,0,1,0,1232.9,51.1,1,1,1,1,0
1,0,0,1,19.9,19.9,0,0,0,0,0
72,2,0,2,1937.4,25.7,1,0,0,1,0
14,0,2,0,1096.25,74.3,1,1,1,0,1
50,1,2,0,5059.75,99.4,0,2,2,1,0
48,1,1,2,3023.65,69.7,0,2,1,1,0
49,0,2,0,4889.2,98.35,1,2,2,1,0
28,0,2,0,2289.9,85.45,0,2,1,1,0
68,0,2,0,6503.2,95.9,1,1,2,0,0
13,0,2,0,1313.25,100.75,0,2,2,0,0
11,0,2,0,990.3,89.2,1,2,1,0,0
3,0,2,2,228.0,74.1,1,1,1,1,1
57,0,2,0,5746.15,100.6,0,2,2,1,1
3,0,2,1,209.1,75.0,0,1,1,0,1
72,2,0,2,1864.2,25.75,0,0,0,1,0
70,2,1,0,5979.7,84.1,1,2,2,1,0
49,2,1,2,3902.45,79.3,0,2,2,1,0
67,1,2,2,7142.5,107.05,1,2,2,1,0
46,2,0,2,902.0,20.05,0,0,0,0,0
64,2,1,2,4481.0,70.2,1,2,1,0,1
37,0,0,2,805.2,19.5,0,0,0,1,0
2,0,2,0,154.85,70.75,0,1,1,0,1
13,0,1,0,528.45,45.3,0,2,2,1,0
72,2,2,0,8349.7,115.15,0,2,2,1,0
68,2,1,2,4953.25,72.95,1,2,2,1,0
15,1,0,1,332.65,19.65,0,0,0,1,0
24,2,0,2,470.2,19.55,1,0,0,0,0
24,0,2,0,2259.35,89.55,1,1,2,0,0
27,0,1,1,1411.35,50.35,0,1,1,0,0
12,0,1,2,593.75,50.25,0,1,1,0,1
71,2,1,2,6328.7,87.25,0,2,2,1,0
67,2,0,1,1411.9,20.8,1,0,0,1,0
63,2,2,2,6841.4,109.25,1,2,2,1,0
1,0,0,1,20.35,20.35,0,0,0,0,0
4,0,1,0,238.5,55.9,1,1,2,0,0
40,0,2,2,3233.85,79.2,1,1,1,0,1
12,0,2,0,1062.1,96.0,1,2,2,0,1
52,2,1,0,4016.3,79.2,0,2,2,1,0
10,0,0,0,226.55,24.0,1,0,0,0,0
68,1,2,2,7110.75,101.35,0,2,1,0,0
54,0,2,0,5440.9,100.1,1,2,2,0,1
4,0,1,1,235.1,56.5,0,1,1,1,1
52,1,1,1,1958.95,35.45,0,1,1,1,0
1,0,2,0,85.0,85.0,1,1,2,0,1
70,1,1,2,5528.9,79.4,0,2,1,1,0
43,1,1,2,1463.7,35.2,1,1,1,0,0
52,2,0,1,1025.05,19.65,0,0,0,0,0
12,2,1,1,552.1,49.85,0,1,2,0,0
56,1,1,2,3815.4,68.75,0,1,2,1,0
42,0,2,0,3313.4,79.9,0,1,1,0,0
22,0,2,2,1938.9,89.75,1,2,2,1,0
51,1,1,0,3014.65,59.3,0,2,2,1,1
27,0,0,2,460.25,19.4,1,0,0,0,0
51,1,2,2,4839.15,93.65,1,1,2,1,0
4,0,1,0,184.4,49.4,1,1,1,0,1
1,0,0,1,19.9,19.9,1,0,0,0,0
35,0,1,1,2010.55,55.0,0,2,1,0,1
71,1,1,2,5139.65,72.9,1,1,2,1,0
1,0,2,0,69.2,69.2,1,1,1,0,1
69,2,0,2,1673.4,25.6,1,0,0,1,0
14,1,0,1,309.35,19.75,0,0,0,1,0
57,0,1,0,3171.6,55.7,0,1,1,1,0
72,2,2,2,8670.1,117.5,0,2,2,1,0
48,2,0,2,916.0,19.85,0,0,0,0,0
4,0,2,1,299.75,78.9,1,2,1,1,0
31,0,0,0,702.05,20.65,1,0,0,1,0
38,1,1,1,2354.8,62.3,1,1,2,0,1
37,0,2,0,3473.4,92.5,1,2,2,1,1
1,0,0,1,19.65,19.65,0,0,0,0,0
57,2,1,2,4438.2,79.75,1,2,2,0,0
62,2,1,2,4819.75,79.95,1,2,2,1,0
3,0,1,0,92.25,29.9,1,1,1,1,0
72,2,0,1,1567.0,19.75,1,0,0,0,0
29,0,1,1,1242.45,45.0,1,1,1,0,0
13,0,1,2,559.2,44.8,0,1,1,1,0
3,0,2,0,220.1,69.65,0,1,1,0,1
11,0,1,0,531.15,51.1,0,1,1,0,0
21,2,1,1,1183.2,53.15,0,2,1,0,0
19,0,0,2,465.85,24.7,0,0,0,0,0
61,2,2,2,6876.05,111.6,1,2,2,0,1
11,0,1,2,501.0,48.55,0,1,1,0,1
35,0,2,0,3782.4,109.95,1,2,2,1,0
25,0,0,1,460.2,20.8,0,0,0,0,0
1,0,0,1,20.2,20.2,1,0,0,0,1
67,2,0,2,1790.35,25.6,1,0,0,0,0
19,0,1,0,733.35,39.65,1,2,1,0,1
56,1,0,0,1334.0,24.9,0,0,0,0,1
72,2,2,2,7767.25,108.4,1,2,2,1,0
43,2,0,1,876.15,19.55,0,0,0,0,0
55,0,2,0,4600.95,85.1,1,1,1,1,0
2,0,1,1,113.55,56.7,0,1,1,1,1
27,0,2,1,1793.25,69.05,1,1,1,0,0
13,0,2,1,886.7,70.15,1,1,1,0,0
70,2,2,1,7737.55,111.15,1,2,2,0,0
14,1,2,1,1348.9,105.95,0,2,2,1,1
19,1,2,2,1686.85,89.35,1,1,2,1,0
20,0,2,2,1879.25,89.1,1,2,1,0,0
43,1,2,2,4013.8,91.25,1,1,1,1,0
5,0,2,1,434.5,90.35,1,1,2,1,0
70,1,2,2,7195.35,105.55,1,2,2,1,0
40,2,0,1,780.1,19.1,0,0,0,1,0
6,2,0,2,107.6,20.4,1,0,0,1,0
39,2,2,0,3801.7,100.45,1,2,2,0,0
4,0,2,0,308.7,74.95,0,1,1,1,1
15,0,1,0,438.25,29.7,1,1,1,0,1
1,0,1,0,50.35,50.35,1,2,2,1,1
45,0,2,2,3778.1,85.7,1,1,1,0,0
64,2,1,0,3147.5,47.85,0,1,2,1,1
57,0,2,2,5438.95,94.0,0,1,2,1,0
72,2,1,2,5102.35,69.85,0,1,1,1,0
1,0,2,0,70.3,70.3,1,1,1,0,1
72,2,0,2,1872.2,25.85,0,0,0,1,0
3,2,1,1,213.35,71.1,0,1,2,0,0
55,0,2,0,5617.75,98.8,1,2,2,0,1
59,0,2,0,5386.5,93.35,0,2,1,1,0
18,0,2,2,1776.95,99.85,1,2,2,0,1
32,0,2,2,2483.05,80.3,1,1,2,1,1
4,0,1,2,235.65,50.55,1,1,1,0,0
66,0,2,2,5224.35,80.45,1,1,1,0,1
27,0,2,0,2272.8,81.3,1,1,1,0,0
4,0,0,2,83.75,20.7,1,0,0,0,0
60,0,1,2,4663.4,79.05,1,2,2,1,0
8,2,0,1,201.7,19.05,0,0,0,1,0
8,2,0,2,125.0,19.6,0,0,0,1,0
35,2,0,1,684.4,20.2,1,0,0,0,0
7,0,2,0,620.35,86.8,1,1,2,0,1
53,2,0,1,1146.05,20.9,0,0,0,1,0
18,0,2,2,1806.35,103.6,1,2,2,0,0
15,2,1,1,603.0,38.8,1,1,2,0,0
67,1,2,2,5798.3,88.4,1,2,1,1,0
6,0,2,0,519.15,84.2,1,1,2,1,1
6,0,2,0,497.6,79.7,1,2,1,0,0
13,0,2,1,1301.7,99.0,1,2,2,0,1
11,0,2,0,1129.75,100.75,1,2,2,0,1
1,0,0,1,19.3,19.3,1,0,0,0,0
5,0,1,1,266.95,55.75,1,1,1,0,0
13,1,0,1,257.0,19.95,1,0,0,0,0
9,0,2,2,865.8,91.75,0,1,1,1,1
29,0,2,1,2623.65,89.65,0,2,1,0,0
1,0,1,1,45.85,45.85,1,1,1,0,0
1,0,2,1,79.55,79.55,1,1,1,0,1
18,0,1,1,1082.8,55.95,0,2,1,1,0
2,0,1,2,147.8,69.0,0,2,2,1,0
30,0,2,2,2570.2,83.55,1,1,1,1,0
66,2,1,2,4378.9,65.7,0,1,1,0,0
38,2,2,2,3616.25,94.9,1,2,1,1,0
44,0,1,1,2924.05,61.9,1,1,1,1,0
54,0,2,0,6014.85,111.1,0,2,2,0,1
2,0,0,1,32.7,20.0,0,0,0,0,0
42,1,1,1,2882.25,67.7,1,1,2,0,0
58,2,0,2,1509.9,25.15,0,0,0,1,0
58,0,2,0,5305.05,92.85,1,2,2,1,0
25,0,2,0,2368.4,89.1,1,1,2,1,1
71,2,2,1,7985.9,111.3,0,2,2,0,0
37,0,2,2,3545.35,101.9,1,2,2,0,1
14,0,2,0,1301.0,91.65,1,2,1,1,1
4,0,2,0,372.45,88.85,1,1,2,0,1
48,1,1,2,2985.25,60.6,1,1,1,1,0
3,0,1,0,77.75,25.3,0,1,1,0,1
8,2,1,1,564.35,65.5,0,1,2,1,0
1,0,2,0,95.45,95.45,1,2,2,0,1
67,2,0,2,1311.75,19.95,0,0,0,0,0
13,0,2,0,1135.7,91.1,1,2,2,0,1
45,1,1,2,2319.8,54.15,1,1,1,1,1
49,0,2,2,3720.35,74.6,1,1,1,0,0
52,0,2,2,5025.8,94.6,0,2,1,1,0
63,1,2,2,5224.5,81.15,1,1,1,1,0
68,2,1,2,6185.8,89.05,1,2,2,1,0
31,0,1,1,1498.55,49.2,1,1,1,1,0
64,2,0,2,1208.6,19.45,0,0,0,1,0
62,1,2,0,6613.65,104.3,1,2,2,1,0
1,0,2,2,69.7,69.7,0,1,1,0,1
6,0,2,0,573.3,89.5,1,2,2,0,1
21,0,2,0,1818.9,86.05,1,2,1,1,0
72,2,0,2,1787.35,25.2,0,0,0,1,0
32,0,1,0,1051.05,35.15,1,1,1,1,0
71,1,2,2,7181.25,99.65,1,2,1,0,0
34,0,2,2,3688.6,105.35,1,2,2,0,0
3,0,1,0,99.75,35.15,1,1,2,1,1
12,0,2,2,871.4,73.75,1,1,1,0,1
8,0,2,0,780.5,101.35,0,2,2,0,1
35,2,0,2,821.6,24.3,0,0,0,1,0
3,0,2,0,239.45,80.7,1,2,1,1,0
3,0,2,1,244.45,89.85,1,2,1,0,0
53,1,1,0,3357.9,61.1,1,1,2,0,0
4,0,1,0,129.6,29.05,1,1,1,1,0
48,1,2,2,4977.2,99.7,1,2,2,1,0
6,0,1,2,365.35,55.9,0,1,1,1,1
3,0,2,0,334.65,105.9,1,2,2,1,1
54,2,1,2,2424.05,46.0,0,1,2,1,0
1,0,1,1,43.95,43.95,0,1,1,0,1
62,0,1,2,4981.15,80.4,1,2,2,0,0
22,1,2,1,2090.25,100.05,1,2,2,1,0
1,0,1,2,45.1,45.1,1,1,1,0,1
51,1,2,2,4905.75,94.0,1,2,2,0,0
30,1,1,2,2038.7,68.95,1,2,1,0,0
56,1,1,2,4014.0,68.45,1,1,1,1,0
35,1,1,0,2441.7,69.0,1,2,1,1,0
64,0,1,0,2751.0,43.85,1,2,1,0,0
30,0,1,0,1307.8,44.5,1,2,2,0,0
25,2,0,1,383.65,18.7,1,0,0,1,0
41,0,2,2,2868.05,70.25,0,1,1,0,1
9,0,1,0,449.75,55.35,0,2,1,0,1
1,0,1,1,53.55,53.55,1,1,1,1,0
70,2,2,0,7882.5,114.6,1,2,2,0,0
57,2,0,2,1087.7,20.1,1,0,0,1,0
9,0,2,0,791.7,85.5,1,2,1,0,0
69,1,2,2,7493.05,108.75,1,2,2,1,0
43,0,2,0,4414.3,103.0,1,2,2,1,1
72,2,2,0,6841.3,97.85,1,2,2,1,0
44,2,0,2,819.95,19.55,0,0,0,0,0
72,2,2,2,6052.25,84.05,1,1,1,1,0
33,1,2,0,3361.05,103.75,1,2,2,1,1
54,0,2,2,4869.5,89.4,0,1,2,0,0
27,2,0,2,509.3,19.7,0,0,0,0,0
54,0,2,2,4308.25,79.85,1,1,1,0,0
3,0,2,2,221.1,74.45,0,1,1,0,0
53,1,1,2,3833.95,74.1,0,1,2,1,0
1,0,2,0,69.35,69.35,1,1,1,0,1
15,1,0,1,294.95,18.8,0,0,0,1,0
56,0,2,0,4092.85,73.85,1,1,1,0,1
5,0,1,2,316.9,64.4,0,1,1,1,0
48,1,1,2,2651.2,55.8,1,1,1,1,0
25,0,0,2,471.7,20.05,0,0,0,0,0
3,0,2,2,216.75,75.15,1,1,1,1,1
58,1,2,2,5720.95,99.15,0,2,2,0,0
10,0,1,2,503.25,56.75,1,1,2,0,0
1,0,2,0,69.6,69.6,1,1,1,0,1
71,2,2,2,7365.3,104.15,1,2,2,1,0
65,2,2,2,7245.9,110.8,1,2,2,1,0
5,0,2,0,385.0,80.15,1,1,1,1,1
28,0,1,1,961.4,35.75,1,1,1,0,0
67,2,1,2,4615.9,69.9,1,1,2,1,0
35,1,2,0,3251.3,89.2,1,1,2,0,0
72,2,1,2,3880.05,55.65,0,1,2,1,0
61,1,1,2,3088.75,50.7,1,1,2,1,0
68,2,0,2,1396.0,20.0,1,0,0,0,0
1,0,1,2,30.5,30.5,0,1,1,1,1
3,0,0,1,53.05,19.1,1,0,0,0,0
70,2,2,2,6859.5,98.3,0,2,2,1,1
48,0,1,2,2108.35,45.55,0,1,2,0,0
68,1,2,2,6770.5,101.05,1,2,2,1,0
47,1,2,0,4730.6,103.7,1,2,2,0,0
32,1,1,1,1151.05,36.25,1,1,1,1,0
5,0,1,1,232.55,49.4,1,1,1,1,0
49,2,0,2,1022.6,19.9,1,0,0,0,0
48,0,2,2,5121.3,107.4,1,2,2,0,1
13,0,2,0,1127.2,82.0,1,1,2,0,1
15,0,0,1,309.4,19.8,1,0,0,0,0
12,0,1,0,523.1,45.05,1,1,1,0,0
67,2,1,2,4250.1,64.55,1,1,1,0,0
9,0,2,0,770.5,86.25,0,2,1,0,0
13,2,0,2,246.7,19.75,1,0,0,1,0
38,1,2,1,3342.0,89.1,1,2,2,0,0
42,0,2,0,3930.6,95.55,1,2,1,1,0
24,0,2,2,1747.85,75.4,1,1,1,1,1
27,0,2,0,2754.45,101.25,1,2,2,1,1
9,0,2,2,897.75,102.6,1,2,2,1,0
49,1,1,2,2780.6,56.3,1,2,2,1,0
61,0,2,2,5895.45,94.2,1,1,1,1,0
50,1,1,2,2208.05,43.05,1,2,1,0,0
25,0,2,0,2196.15,89.5,1,2,1,0,1
22,0,2,2,1692.6,74.4,1,1,1,0,1
1,0,0,1,20.5,20.5,0,0,0,0,1
4,0,2,0,265.35,74.35,1,1,1,0,1
18,0,2,2,1836.25,99.75,0,2,2,1,1
56,1,2,0,6418.9,111.95,1,2,2,0,1
53,1,2,0,4871.45,94.0,1,2,1,1,0
51,1,2,0,4947.55,98.85,1,2,2,1,0
24,2,1,0,1558.65,64.35,0,1,1,1,0
62,2,1,2,4284.2,72.0,1,2,1,1,0
24,0,1,1,1218.25,49.7,1,1,1,0,0
70,2,1,0,5617.95,80.7,0,2,1,1,0
1,0,1,1,24.2,24.2,0,1,1,0,0
16,0,1,1,679.85,39.0,1,2,1,0,1
8,0,1,0,554.45,65.45,1,2,1,0,0
72,2,1,0,5237.4,74.35,1,1,2,1,0
23,0,2,2,2032.3,83.2,0,1,1,0,0
31,0,1,2,789.2,25.0,0,1,1,0,0
37,1,1,0,1525.35,40.2,1,1,1,1,0
30,0,2,2,2804.45,94.1,1,2,1,1,1
35,1,2,0,3726.15,108.35,1,2,2,0,0
23,0,1,2,1652.1,69.5,1,2,1,1,0
20,1,1,2,1588.75,76.0,0,2,2,1,0
36,0,2,0,3366.05,93.6,1,2,2,1,0
8,0,2,2,778.1,95.65,0,2,2,0,1
71,1,2,2,7113.75,100.55,0,2,2,1,0
50,0,2,0,4367.35,88.05,1,2,1,1,1
43,1,0,2,993.15,24.45,1,0,0,1,0
57,2,1,1,5012.35,89.55,0,2,2,0,0
41,1,1,2,2728.6,66.5,1,1,2,1,1
27,0,2,0,2093.4,76.1,1,1,1,1,0
13,0,2,0,1011.8,80.5,1,1,2,0,0
3,0,1,1,106.85,35.45,1,1,1,0,1
67,1,0,0,1343.4,20.55,0,0,0,0,0
3,0,1,1,130.1,49.9,1,1,1,0,1
64,2,2,2,6794.75,105.4,1,2,2,1,0
26,0,1,0,1022.5,35.75,0,1,1,0,0
38,0,2,2,3691.2,95.1,1,1,2,0,0
23,1,0,2,486.2,19.3,0,0,0,1,0
40,0,2,2,4036.85,104.5,1,2,2,0,1
72,2,1,2,4685.55,63.1,1,2,2,1,0
3,0,2,2,256.25,75.05,1,1,1,0,1
23,0,2,0,1917.1,81.0,1,1,1,0,1
1,0,2,0,74.45,74.45,1,1,1,1,1
4,0,1,1,272.15,60.4,1,1,1,0,1
62,2,1,0,5150.55,84.95,1,2,2,1,0
40,0,2,2,3756.4,93.4,1,2,1,0,0
41,0,2,0,3645.75,89.2,1,2,1,0,0
34,0,2,2,2874.45,85.2,1,2,1,1,0
1,0,1,0,49.95,49.95,0,1,1,0,0
51,2,0,2,1020.75,20.65,0,0,0,0,0
1,0,2,1,70.65,70.65,1,1,1,1,1
39,2,0,1,826.0,20.15,0,0,0,0,0
12,0,0,0,239.0,19.2,1,0,0,1,0
12,1,1,0,727.8,59.8,1,2,1,0,1
72,1,2,0,7544.3,104.95,1,2,2,0,0
63,0,2,0,6479.4,103.5,1,2,2,1,0
44,0,2,2,3626.35,84.8,1,1,1,1,0
18,0,2,2,1679.4,95.05,1,1,2,0,0
9,0,1,2,403.35,44.2,1,1,1,0,1
13,0,1,1,931.55,73.35,0,2,2,0,0
68,2,1,2,4326.25,64.1,0,2,1,1,0
6,0,1,0,263.05,44.4,1,2,2,0,0
2,0,0,1,39.25,20.05,1,0,0,0,0
55,1,1,2,3316.1,60.0,0,1,1,1,0
1,0,2,0,75.75,75.75,1,1,1,0,1
38,0,2,2,2625.25,69.5,1,1,1,0,0
67,0,2,2,6886.25,102.95,1,2,1,0,1
19,0,2,2,1495.1,78.7,1,2,1,0,0
12,1,1,0,743.3,60.65,0,2,2,0,0
72,2,0,2,1419.4,21.15,1,0,0,0,0
24,1,1,1,1990.5,84.8,1,2,2,1,0
72,1,2,2,7362.9,103.2,1,2,2,1,0
11,0,1,0,346.45,29.6,1,1,1,1,0
4,0,2,1,306.6,74.4,1,1,1,1,1
66,2,2,2,6844.5,105.65,1,2,2,0,0
